=== Compiling ===
Compilation OK

=== Environment ===
2026-09-29T21:59:52-05:00
5.14.0-687.52.1.el9_8.x86_64
index, name, driver_version
0, NVIDIA GeForce GTX TITAN X, 580.178.04
1, NVIDIA GeForce GTX TITAN X, 580.178.04
Build cuda_11.8.r11.8/compiler.31833905_0

=== C13 kernels 512^3
=== C13 kernels 1024^3
=== C13 kernels 1536^3
=== C13 kernels 2048^3
=== C13 kernels 2304^3
=== C13 kernels 2560^3
=== C13 kernels 2816^3
=== C13 kernels 3072^3
=== C13 kernels 3328^3
=== C13 kernels 3584^3
=== C13 kernels 3840^3
=== C13 kernels 4096^3
=== C13 kernels 5120^3
=== C13 kernels 6144^3
=== C13 kernels 8192^3
=== C13 kernels 10240^3
=== C13 calibration 512^3
=== ABFT GEMM (cuBLAS, online pipelined) ===
Mode           : calibrate  (inject=none)
M x K x N      : 512 x 512 x 512
Process grid   : 1 x 2  (world=2)
Frags per rank : 1  (small-matrix opt: forced to 1)
Repeats        : 20
Samples        : 5
Threshold      : (per-fragment, formula)
GPUs visible   : 2

Calibration diffs written : c13/abft_calib_diffs_512.csv  (10240 samples)

========== EXPERIMENT METRICS (global) ==========
Mode              : CALIBRATION
M x K x N         : 512 x 512 x 512
Process grid      : 1 x 2
Frags per rank    : 1
Total fragments   : 2
Repeats           : 20
--- Timing (worst rank) ---
Baseline   min/med/max : 0.0000 / 0.0000 / 0.0000  ms
Baseline   GFLOPS (med): 0.0000  (min 0.0000, max 0.0000)
--- Calibration ---
Max |actual-expected|  : 0.0001
Safety factor          : 3.0000
Suggested threshold    : 0.0003

=> Re-run with:  --threshold 0.0003
==================================================


=== C13 calibration 1024^3
=== ABFT GEMM (cuBLAS, online pipelined) ===
Mode           : calibrate  (inject=none)
M x K x N      : 1024 x 1024 x 1024
Process grid   : 1 x 2  (world=2)
Frags per rank : 8
Repeats        : 20
Samples        : 5
Threshold      : (per-fragment, formula)
GPUs visible   : 2

Calibration diffs written : c13/abft_calib_diffs_1024.csv  (20480 samples)

========== EXPERIMENT METRICS (global) ==========
Mode              : CALIBRATION
M x K x N         : 1024 x 1024 x 1024
Process grid      : 1 x 2
Frags per rank    : 8
Total fragments   : 16
Repeats           : 20
--- Timing (worst rank) ---
Baseline   min/med/max : 0.0000 / 0.0000 / 0.0000  ms
Baseline   GFLOPS (med): 0.0000  (min 0.0000, max 0.0000)
--- Calibration ---
Max |actual-expected|  : 0.0003
Safety factor          : 3.0000
Suggested threshold    : 0.0008

=> Re-run with:  --threshold 0.0008
==================================================


=== C13 calibration 2048^3
=== ABFT GEMM (cuBLAS, online pipelined) ===
Mode           : calibrate  (inject=none)
M x K x N      : 2048 x 2048 x 2048
Process grid   : 1 x 2  (world=2)
Frags per rank : 8
Repeats        : 20
Samples        : 5
Threshold      : (per-fragment, formula)
GPUs visible   : 2

Calibration diffs written : c13/abft_calib_diffs_2048.csv  (40960 samples)

========== EXPERIMENT METRICS (global) ==========
Mode              : CALIBRATION
M x K x N         : 2048 x 2048 x 2048
Process grid      : 1 x 2
Frags per rank    : 8
Total fragments   : 16
Repeats           : 20
--- Timing (worst rank) ---
Baseline   min/med/max : 0.0000 / 0.0000 / 0.0000  ms
Baseline   GFLOPS (med): 0.0000  (min 0.0000, max 0.0000)
--- Calibration ---
Max |actual-expected|  : 0.0008
Safety factor          : 3.0000
Suggested threshold    : 0.0023

=> Re-run with:  --threshold 0.0023
==================================================


=== C13 calibration 4096^3
=== ABFT GEMM (cuBLAS, online pipelined) ===
Mode           : calibrate  (inject=none)
M x K x N      : 4096 x 4096 x 4096
Process grid   : 1 x 2  (world=2)
Frags per rank : 8
Repeats        : 20
Samples        : 5
Threshold      : (per-fragment, formula)
GPUs visible   : 2

Calibration diffs written : c13/abft_calib_diffs_4096.csv  (81920 samples)

========== EXPERIMENT METRICS (global) ==========
Mode              : CALIBRATION
M x K x N         : 4096 x 4096 x 4096
Process grid      : 1 x 2
Frags per rank    : 8
Total fragments   : 16
Repeats           : 20
--- Timing (worst rank) ---
Baseline   min/med/max : 0.0000 / 0.0000 / 0.0000  ms
Baseline   GFLOPS (med): 0.0000  (min 0.0000, max 0.0000)
--- Calibration ---
Max |actual-expected|  : 0.0072
Safety factor          : 3.0000
Suggested threshold    : 0.0216

=> Re-run with:  --threshold 0.0216
==================================================


=== C13 calibration 8192^3
=== ABFT GEMM (cuBLAS, online pipelined) ===
Mode           : calibrate  (inject=none)
M x K x N      : 8192 x 8192 x 8192
Process grid   : 1 x 2  (world=2)
Frags per rank : 8
Repeats        : 20
Samples        : 5
Threshold      : (per-fragment, formula)
GPUs visible   : 2

Calibration diffs written : c13/abft_calib_diffs_8192.csv  (163840 samples)

========== EXPERIMENT METRICS (global) ==========
Mode              : CALIBRATION
M x K x N         : 8192 x 8192 x 8192
Process grid      : 1 x 2
Frags per rank    : 8
Total fragments   : 16
Repeats           : 20
--- Timing (worst rank) ---
Baseline   min/med/max : 0.0000 / 0.0000 / 0.0000  ms
Baseline   GFLOPS (med): 0.0000  (min 0.0000, max 0.0000)
--- Calibration ---
Max |actual-expected|  : 0.0197
Safety factor          : 3.0000
Suggested threshold    : 0.0592

=> Re-run with:  --threshold 0.0592
==================================================


=== C13 calibration 10240^3
=== ABFT GEMM (cuBLAS, online pipelined) ===
Mode           : calibrate  (inject=none)
M x K x N      : 10240 x 10240 x 10240
Process grid   : 1 x 2  (world=2)
Frags per rank : 8
Repeats        : 20
Samples        : 5
Threshold      : (per-fragment, formula)
GPUs visible   : 2

Calibration diffs written : c13/abft_calib_diffs_10240.csv  (204800 samples)

========== EXPERIMENT METRICS (global) ==========
Mode              : CALIBRATION
M x K x N         : 10240 x 10240 x 10240
Process grid      : 1 x 2
Frags per rank    : 8
Total fragments   : 16
Repeats           : 20
--- Timing (worst rank) ---
Baseline   min/med/max : 0.0000 / 0.0000 / 0.0000  ms
Baseline   GFLOPS (med): 0.0000  (min 0.0000, max 0.0000)
--- Calibration ---
Max |actual-expected|  : 0.0294
Safety factor          : 3.0000
Suggested threshold    : 0.0882

=> Re-run with:  --threshold 0.0882
==================================================


=== C1 baseline 256^3
=== ABFT GEMM (cuBLAS, online pipelined) ===
Mode           : baseline  (inject=none)
M x K x N      : 256 x 256 x 256
Process grid   : 1 x 2  (world=2)
Frags per rank : 1  (small-matrix opt: forced to 1)
Repeats        : 1
Samples        : 20
Threshold      : (per-fragment, formula)
GPUs visible   : 2


========== EXPERIMENT METRICS (global) ==========
Mode              : BASELINE
M x K x N         : 256 x 256 x 256
Process grid      : 1 x 2
Frags per rank    : 1
Total fragments   : 2
Repeats           : 1
Threshold used    : 0.3121
--- Timing (worst rank) ---
Baseline   min/med/max : 0.0209 / 0.0213 / 0.0218  ms
Baseline   GFLOPS (med): 1572.8886  (min 1540.1125, max 1603.8637)
Protected  min/med/max : 0.0209 / 0.0213 / 0.0218  ms
Protected  GFLOPS (med): 1572.8886  (min 1540.1125, max 1603.8637)
Overhead (median)      : 0.0000 %
--- Confusion Matrix (global) ---
TP / TN / FP / FN     : 0 / 40 / 0 / 0
Recall                : 0.0000
Detection precision   : 0.0000
Correction precision  : 0.0000 %
==================================================


=== C1 A1 detect 256^3
=== ABFT GEMM (cuBLAS, online pipelined) ===
Mode           : online  (inject=none)
M x K x N      : 256 x 256 x 256
Process grid   : 1 x 2  (world=2)
Frags per rank : 1  (small-matrix opt: forced to 1)
Repeats        : 1
Samples        : 20
Threshold      : 1 (override)
Encoding       : overlap
Localization   : only with injection
GPUs visible   : 2

[Rank 0] 20 timed trials × 1 iters/trial

========== EXPERIMENT METRICS (global) ==========
Mode              : online / inject=none
M x K x N         : 256 x 256 x 256
Process grid      : 1 x 2
Frags per rank    : 1
Total fragments   : 2
Repeats           : 1
Threshold used    : 1.0000
--- Timing (worst rank) ---
Baseline   min/med/max : 0.0257 / 0.0262 / 0.0392  ms
Baseline   GFLOPS (med): 1282.3677  (min 856.0896, max 1305.9756)
Protected  min/med/max : 0.0824 / 0.0840 / 0.0888  ms
Protected  GFLOPS (med): 399.6002  (min 377.8993, max 407.1349)
Overhead (median)      : 220.9126 %
--- Confusion Matrix (global) ---
TP / TN / FP / FN     : 0 / 40 / 0 / 0
Recall                : 0.0000
Detection precision   : 0.0000
Correction precision  : 0.0000 %
==================================================


=== C1 B1 always 256^3
=== ABFT GEMM (cuBLAS, online pipelined) ===
Mode           : online_loc  (inject=none)
M x K x N      : 256 x 256 x 256
Process grid   : 1 x 2  (world=2)
Frags per rank : 1  (small-matrix opt: forced to 1)
Repeats        : 1
Samples        : 20
Threshold      : 1 (override)
Encoding       : overlap
Localization   : every fragment (deployment)
GPUs visible   : 2

[Rank 0] 20 timed trials × 1 iters/trial

========== EXPERIMENT METRICS (global) ==========
Mode              : online_loc / inject=none
M x K x N         : 256 x 256 x 256
Process grid      : 1 x 2
Frags per rank    : 1
Total fragments   : 2
Repeats           : 1
Threshold used    : 1.0000
--- Timing (worst rank) ---
Baseline   min/med/max : 0.0260 / 0.0264 / 0.0292  ms
Baseline   GFLOPS (med): 1269.4144  (min 1149.4393, max 1290.8033)
Protected  min/med/max : 0.0922 / 0.0939 / 0.1652  ms
Protected  GFLOPS (med): 357.5021  (min 203.1214, max 363.8402)
Overhead (median)      : 255.0789 %
--- Confusion Matrix (global) ---
TP / TN / FP / FN     : 0 / 40 / 0 / 0
Recall                : 0.0000
Detection precision   : 0.0000
Correction precision  : 0.0000 %
==================================================


=== C1 B2 always 256^3
=== ABFT GEMM (cuBLAS, online pipelined) ===
Mode           : online_loc  (inject=none)
M x K x N      : 256 x 256 x 256
Process grid   : 1 x 2  (world=2)
Frags per rank : 1  (small-matrix opt: forced to 1)
Repeats        : 1
Samples        : 20
Threshold      : 1 (override)
Encoding       : overlap
Localization   : every fragment (deployment)
GPUs visible   : 2

[Rank 0] 20 timed trials × 1 iters/trial

========== EXPERIMENT METRICS (global) ==========
Mode              : online_loc / inject=none
M x K x N         : 256 x 256 x 256
Process grid      : 1 x 2
Frags per rank    : 1
Total fragments   : 2
Repeats           : 1
Threshold used    : 1.0000
--- Timing (worst rank) ---
Baseline   min/med/max : 0.0261 / 0.0266 / 0.0950  ms
Baseline   GFLOPS (med): 1261.3974  (min 353.1822, max 1285.2165)
Protected  min/med/max : 0.0922 / 0.0937 / 0.1684  ms
Protected  GFLOPS (med): 358.0514  (min 199.2626, max 363.9112)
Overhead (median)      : 252.2950 %
--- Confusion Matrix (global) ---
TP / TN / FP / FN     : 0 / 40 / 0 / 0
Recall                : 0.0000
Detection precision   : 0.0000
Correction precision  : 0.0000 %
==================================================


=== C1 A2 detect 256^3
=== ABFT GEMM (cuBLAS, online pipelined) ===
Mode           : online  (inject=none)
M x K x N      : 256 x 256 x 256
Process grid   : 1 x 2  (world=2)
Frags per rank : 1  (small-matrix opt: forced to 1)
Repeats        : 1
Samples        : 20
Threshold      : 1 (override)
Encoding       : overlap
Localization   : only with injection
GPUs visible   : 2

[Rank 0] 20 timed trials × 1 iters/trial

========== EXPERIMENT METRICS (global) ==========
Mode              : online / inject=none
M x K x N         : 256 x 256 x 256
Process grid      : 1 x 2
Frags per rank    : 1
Total fragments   : 2
Repeats           : 1
Threshold used    : 1.0000
--- Timing (worst rank) ---
Baseline   min/med/max : 0.0260 / 0.0265 / 0.0305  ms
Baseline   GFLOPS (med): 1268.3109  (min 1098.5605, max 1292.9919)
Protected  min/med/max : 0.0834 / 0.0845 / 0.1032  ms
Protected  GFLOPS (med): 397.0328  (min 325.0044, max 402.1095)
Overhead (median)      : 219.4474 %
--- Confusion Matrix (global) ---
TP / TN / FP / FN     : 0 / 40 / 0 / 0
Recall                : 0.0000
Detection precision   : 0.0000
Correction precision  : 0.0000 %
==================================================


=== C1 fault 256^3
=== ABFT GEMM (cuBLAS, online pipelined) ===
Mode           : online  (inject=add)
M x K x N      : 256 x 256 x 256
Process grid   : 1 x 2  (world=2)
Frags per rank : 1  (small-matrix opt: forced to 1)
Repeats        : 1
Samples        : 20
Threshold      : 1 (override)
Encoding       : overlap
Localization   : only with injection
GPUs visible   : 2

[Rank 0] 20 timed trials × 1 iters/trial

========== EXPERIMENT METRICS (global) ==========
Mode              : online / inject=add
M x K x N         : 256 x 256 x 256
Process grid      : 1 x 2
Frags per rank    : 1
Total fragments   : 2
Repeats           : 1
Threshold used    : 1.0000
--- Timing (worst rank) ---
Baseline   min/med/max : 0.0265 / 0.0271 / 0.0309  ms
Baseline   GFLOPS (med): 1239.2684  (min 1086.7128, max 1268.5026)
Protected  min/med/max : 0.1755 / 0.1778 / 0.2424  ms
Protected  GFLOPS (med): 188.7201  (min 138.4190, max 191.2369)
Overhead (median)      : 556.6701 %
--- Confusion Matrix (global) ---
TP / TN / FP / FN     : 40 / 0 / 0 / 0
Recall                : 1.0000
Detection precision   : 1.0000
Correction precision  : 0.0000 %
==================================================


=== C1 baseline 512^3
=== ABFT GEMM (cuBLAS, online pipelined) ===
Mode           : baseline  (inject=none)
M x K x N      : 512 x 512 x 512
Process grid   : 1 x 2  (world=2)
Frags per rank : 1  (small-matrix opt: forced to 1)
Repeats        : 1
Samples        : 20
Threshold      : (per-fragment, formula)
GPUs visible   : 2


========== EXPERIMENT METRICS (global) ==========
Mode              : BASELINE
M x K x N         : 512 x 512 x 512
Process grid      : 1 x 2
Frags per rank    : 1
Total fragments   : 2
Repeats           : 1
Threshold used    : 2.4096
--- Timing (worst rank) ---
Baseline   min/med/max : 0.0507 / 0.0513 / 0.1072  ms
Baseline   GFLOPS (med): 5237.1519  (min 2503.9219, max 5295.9429)
Protected  min/med/max : 0.0507 / 0.0513 / 0.1072  ms
Protected  GFLOPS (med): 5237.1519  (min 2503.9219, max 5295.9429)
Overhead (median)      : 0.0000 %
--- Confusion Matrix (global) ---
TP / TN / FP / FN     : 0 / 40 / 0 / 0
Recall                : 0.0000
Detection precision   : 0.0000
Correction precision  : 0.0000 %
==================================================


=== C1 A1 detect 512^3
=== ABFT GEMM (cuBLAS, online pipelined) ===
Mode           : online  (inject=none)
M x K x N      : 512 x 512 x 512
Process grid   : 1 x 2  (world=2)
Frags per rank : 1  (small-matrix opt: forced to 1)
Repeats        : 1
Samples        : 20
Threshold      : 1 (override)
Encoding       : overlap
Localization   : only with injection
GPUs visible   : 2

[Rank 0] 20 timed trials × 1 iters/trial

========== EXPERIMENT METRICS (global) ==========
Mode              : online / inject=none
M x K x N         : 512 x 512 x 512
Process grid      : 1 x 2
Frags per rank    : 1
Total fragments   : 2
Repeats           : 1
Threshold used    : 1.0000
--- Timing (worst rank) ---
Baseline   min/med/max : 0.0554 / 0.0564 / 0.0588  ms
Baseline   GFLOPS (med): 4757.3851  (min 4561.8928, max 4848.5560)
Protected  min/med/max : 0.1523 / 0.1533 / 0.1659  ms
Protected  GFLOPS (med): 1750.6470  (min 1618.0460, max 1762.8334)
Overhead (median)      : 171.7501 %
--- Confusion Matrix (global) ---
TP / TN / FP / FN     : 0 / 40 / 0 / 0
Recall                : 0.0000
Detection precision   : 0.0000
Correction precision  : 0.0000 %
==================================================


=== C1 B1 always 512^3
=== ABFT GEMM (cuBLAS, online pipelined) ===
Mode           : online_loc  (inject=none)
M x K x N      : 512 x 512 x 512
Process grid   : 1 x 2  (world=2)
Frags per rank : 1  (small-matrix opt: forced to 1)
Repeats        : 1
Samples        : 20
Threshold      : 1 (override)
Encoding       : overlap
Localization   : every fragment (deployment)
GPUs visible   : 2

[Rank 0] 20 timed trials × 1 iters/trial

========== EXPERIMENT METRICS (global) ==========
Mode              : online_loc / inject=none
M x K x N         : 512 x 512 x 512
Process grid      : 1 x 2
Frags per rank    : 1
Total fragments   : 2
Repeats           : 1
Threshold used    : 1.0000
--- Timing (worst rank) ---
Baseline   min/med/max : 0.0559 / 0.0567 / 0.1204  ms
Baseline   GFLOPS (med): 4731.8078  (min 2229.0490, max 4799.2322)
Protected  min/med/max : 0.1611 / 0.1627 / 0.1795  ms
Protected  GFLOPS (med): 1649.4338  (min 1495.6455, max 1666.2764)
Overhead (median)      : 186.8747 %
--- Confusion Matrix (global) ---
TP / TN / FP / FN     : 0 / 40 / 0 / 0
Recall                : 0.0000
Detection precision   : 0.0000
Correction precision  : 0.0000 %
==================================================


=== C1 B2 always 512^3
=== ABFT GEMM (cuBLAS, online pipelined) ===
Mode           : online_loc  (inject=none)
M x K x N      : 512 x 512 x 512
Process grid   : 1 x 2  (world=2)
Frags per rank : 1  (small-matrix opt: forced to 1)
Repeats        : 1
Samples        : 20
Threshold      : 1 (override)
Encoding       : overlap
Localization   : every fragment (deployment)
GPUs visible   : 2

[Rank 0] 20 timed trials × 1 iters/trial

========== EXPERIMENT METRICS (global) ==========
Mode              : online_loc / inject=none
M x K x N         : 512 x 512 x 512
Process grid      : 1 x 2
Frags per rank    : 1
Total fragments   : 2
Repeats           : 1
Threshold used    : 1.0000
--- Timing (worst rank) ---
Baseline   min/med/max : 0.0553 / 0.0563 / 0.0592  ms
Baseline   GFLOPS (med): 4770.4897  (min 4537.9855, max 4850.5711)
Protected  min/med/max : 0.1613 / 0.1629 / 0.2318  ms
Protected  GFLOPS (med): 1647.5205  (min 1158.0427, max 1663.8699)
Overhead (median)      : 189.5557 %
--- Confusion Matrix (global) ---
TP / TN / FP / FN     : 0 / 40 / 0 / 0
Recall                : 0.0000
Detection precision   : 0.0000
Correction precision  : 0.0000 %
==================================================


=== C1 A2 detect 512^3
=== ABFT GEMM (cuBLAS, online pipelined) ===
Mode           : online  (inject=none)
M x K x N      : 512 x 512 x 512
Process grid   : 1 x 2  (world=2)
Frags per rank : 1  (small-matrix opt: forced to 1)
Repeats        : 1
Samples        : 20
Threshold      : 1 (override)
Encoding       : overlap
Localization   : only with injection
GPUs visible   : 2

[Rank 0] 20 timed trials × 1 iters/trial

========== EXPERIMENT METRICS (global) ==========
Mode              : online / inject=none
M x K x N         : 512 x 512 x 512
Process grid      : 1 x 2
Frags per rank    : 1
Total fragments   : 2
Repeats           : 1
Threshold used    : 1.0000
--- Timing (worst rank) ---
Baseline   min/med/max : 0.0559 / 0.0566 / 0.0699  ms
Baseline   GFLOPS (med): 4738.5736  (min 3842.3122, max 4804.9879)
Protected  min/med/max : 0.1521 / 0.1532 / 0.4298  ms
Protected  GFLOPS (med): 1752.7503  (min 624.5125, max 1765.2795)
Overhead (median)      : 170.3508 %
--- Confusion Matrix (global) ---
TP / TN / FP / FN     : 0 / 40 / 0 / 0
Recall                : 0.0000
Detection precision   : 0.0000
Correction precision  : 0.0000 %
==================================================


=== C1 fault 512^3
=== ABFT GEMM (cuBLAS, online pipelined) ===
Mode           : online  (inject=add)
M x K x N      : 512 x 512 x 512
Process grid   : 1 x 2  (world=2)
Frags per rank : 1  (small-matrix opt: forced to 1)
Repeats        : 1
Samples        : 20
Threshold      : 1 (override)
Encoding       : overlap
Localization   : only with injection
GPUs visible   : 2

[Rank 0] 20 timed trials × 1 iters/trial

========== EXPERIMENT METRICS (global) ==========
Mode              : online / inject=add
M x K x N         : 512 x 512 x 512
Process grid      : 1 x 2
Frags per rank    : 1
Total fragments   : 2
Repeats           : 1
Threshold used    : 1.0000
--- Timing (worst rank) ---
Baseline   min/med/max : 0.0555 / 0.0566 / 0.0719  ms
Baseline   GFLOPS (med): 4746.0300  (min 3731.7428, max 4838.3312)
Protected  min/med/max : 0.3110 / 0.3128 / 0.3394  ms
Protected  GFLOPS (med): 858.2602  (min 790.9118, max 863.2226)
Overhead (median)      : 452.9827 %
--- Confusion Matrix (global) ---
TP / TN / FP / FN     : 40 / 0 / 0 / 0
Recall                : 1.0000
Detection precision   : 1.0000
Correction precision  : 0.0000 %
==================================================


=== C1 baseline 768^3
=== ABFT GEMM (cuBLAS, online pipelined) ===
Mode           : baseline  (inject=none)
M x K x N      : 768 x 768 x 768
Process grid   : 1 x 2  (world=2)
Frags per rank : 1  (small-matrix opt: forced to 1)
Repeats        : 1
Samples        : 20
Threshold      : (per-fragment, formula)
GPUs visible   : 2


========== EXPERIMENT METRICS (global) ==========
Mode              : BASELINE
M x K x N         : 768 x 768 x 768
Process grid      : 1 x 2
Frags per rank    : 1
Total fragments   : 2
Repeats           : 1
Threshold used    : 7.8417
--- Timing (worst rank) ---
Baseline   min/med/max : 0.1227 / 0.1247 / 0.2059  ms
Baseline   GFLOPS (med): 7264.6112  (min 4399.2778, max 7384.3982)
Protected  min/med/max : 0.1227 / 0.1247 / 0.2059  ms
Protected  GFLOPS (med): 7264.6112  (min 4399.2778, max 7384.3982)
Overhead (median)      : 0.0000 %
--- Confusion Matrix (global) ---
TP / TN / FP / FN     : 0 / 40 / 0 / 0
Recall                : 0.0000
Detection precision   : 0.0000
Correction precision  : 0.0000 %
==================================================


=== C1 A1 detect 768^3
=== ABFT GEMM (cuBLAS, online pipelined) ===
Mode           : online  (inject=none)
M x K x N      : 768 x 768 x 768
Process grid   : 1 x 2  (world=2)
Frags per rank : 1  (small-matrix opt: forced to 1)
Repeats        : 1
Samples        : 20
Threshold      : 1 (override)
Encoding       : overlap
Localization   : only with injection
GPUs visible   : 2

[Rank 0] 20 timed trials × 1 iters/trial

========== EXPERIMENT METRICS (global) ==========
Mode              : online / inject=none
M x K x N         : 768 x 768 x 768
Process grid      : 1 x 2
Frags per rank    : 1
Total fragments   : 2
Repeats           : 1
Threshold used    : 1.0000
--- Timing (worst rank) ---
Baseline   min/med/max : 0.1310 / 0.1328 / 0.1351  ms
Baseline   GFLOPS (med): 6823.0883  (min 6705.3235, max 6917.9113)
Protected  min/med/max : 0.2576 / 0.2614 / 0.2824  ms
Protected  GFLOPS (med): 3466.1415  (min 3208.5510, max 3517.5502)
Overhead (median)      : 96.8497 %
--- Confusion Matrix (global) ---
TP / TN / FP / FN     : 0 / 40 / 0 / 0
Recall                : 0.0000
Detection precision   : 0.0000
Correction precision  : 0.0000 %
==================================================


=== C1 B1 always 768^3
=== ABFT GEMM (cuBLAS, online pipelined) ===
Mode           : online_loc  (inject=none)
M x K x N      : 768 x 768 x 768
Process grid   : 1 x 2  (world=2)
Frags per rank : 1  (small-matrix opt: forced to 1)
Repeats        : 1
Samples        : 20
Threshold      : 1 (override)
Encoding       : overlap
Localization   : every fragment (deployment)
GPUs visible   : 2

[Rank 0] 20 timed trials × 1 iters/trial

========== EXPERIMENT METRICS (global) ==========
Mode              : online_loc / inject=none
M x K x N         : 768 x 768 x 768
Process grid      : 1 x 2
Frags per rank    : 1
Total fragments   : 2
Repeats           : 1
Threshold used    : 1.0000
--- Timing (worst rank) ---
Baseline   min/med/max : 0.1302 / 0.1330 / 0.1383  ms
Baseline   GFLOPS (med): 6812.4679  (min 6551.9885, max 6958.3458)
Protected  min/med/max : 0.2695 / 0.2736 / 0.2913  ms
Protected  GFLOPS (med): 3311.6800  (min 3110.1449, max 3361.0823)
Overhead (median)      : 105.7103 %
--- Confusion Matrix (global) ---
TP / TN / FP / FN     : 0 / 40 / 0 / 0
Recall                : 0.0000
Detection precision   : 0.0000
Correction precision  : 0.0000 %
==================================================


=== C1 B2 always 768^3
=== ABFT GEMM (cuBLAS, online pipelined) ===
Mode           : online_loc  (inject=none)
M x K x N      : 768 x 768 x 768
Process grid   : 1 x 2  (world=2)
Frags per rank : 1  (small-matrix opt: forced to 1)
Repeats        : 1
Samples        : 20
Threshold      : 1 (override)
Encoding       : overlap
Localization   : every fragment (deployment)
GPUs visible   : 2

[Rank 0] 20 timed trials × 1 iters/trial

========== EXPERIMENT METRICS (global) ==========
Mode              : online_loc / inject=none
M x K x N         : 768 x 768 x 768
Process grid      : 1 x 2
Frags per rank    : 1
Total fragments   : 2
Repeats           : 1
Threshold used    : 1.0000
--- Timing (worst rank) ---
Baseline   min/med/max : 0.1298 / 0.1329 / 0.1464  ms
Baseline   GFLOPS (med): 6816.3120  (min 6187.5989, max 6981.9409)
Protected  min/med/max : 0.2696 / 0.2721 / 0.3909  ms
Protected  GFLOPS (med): 3329.8527  (min 2317.7159, max 3359.9356)
Overhead (median)      : 104.7031 %
--- Confusion Matrix (global) ---
TP / TN / FP / FN     : 0 / 40 / 0 / 0
Recall                : 0.0000
Detection precision   : 0.0000
Correction precision  : 0.0000 %
==================================================


=== C1 A2 detect 768^3
=== ABFT GEMM (cuBLAS, online pipelined) ===
Mode           : online  (inject=none)
M x K x N      : 768 x 768 x 768
Process grid   : 1 x 2  (world=2)
Frags per rank : 1  (small-matrix opt: forced to 1)
Repeats        : 1
Samples        : 20
Threshold      : 1 (override)
Encoding       : overlap
Localization   : only with injection
GPUs visible   : 2

[Rank 0] 20 timed trials × 1 iters/trial

========== EXPERIMENT METRICS (global) ==========
Mode              : online / inject=none
M x K x N         : 768 x 768 x 768
Process grid      : 1 x 2
Frags per rank    : 1
Total fragments   : 2
Repeats           : 1
Threshold used    : 1.0000
--- Timing (worst rank) ---
Baseline   min/med/max : 0.1315 / 0.1338 / 0.1462  ms
Baseline   GFLOPS (med): 6773.5037  (min 6195.0880, max 6887.7223)
Protected  min/med/max : 0.2574 / 0.2615 / 0.2745  ms
Protected  GFLOPS (med): 3464.5641  (min 3300.8087, max 3519.2035)
Overhead (median)      : 95.5081 %
--- Confusion Matrix (global) ---
TP / TN / FP / FN     : 0 / 40 / 0 / 0
Recall                : 0.0000
Detection precision   : 0.0000
Correction precision  : 0.0000 %
==================================================


=== C1 fault 768^3
=== ABFT GEMM (cuBLAS, online pipelined) ===
Mode           : online  (inject=add)
M x K x N      : 768 x 768 x 768
Process grid   : 1 x 2  (world=2)
Frags per rank : 1  (small-matrix opt: forced to 1)
Repeats        : 1
Samples        : 20
Threshold      : 1 (override)
Encoding       : overlap
Localization   : only with injection
GPUs visible   : 2

[Rank 0] 20 timed trials × 1 iters/trial

========== EXPERIMENT METRICS (global) ==========
Mode              : online / inject=add
M x K x N         : 768 x 768 x 768
Process grid      : 1 x 2
Frags per rank    : 1
Total fragments   : 2
Repeats           : 1
Threshold used    : 1.0000
--- Timing (worst rank) ---
Baseline   min/med/max : 0.1313 / 0.1339 / 0.2383  ms
Baseline   GFLOPS (med): 6767.2804  (min 3802.0264, max 6899.9449)
Protected  min/med/max : 0.5034 / 0.5064 / 0.5275  ms
Protected  GFLOPS (med): 1788.9301  (min 1717.6311, max 1799.7228)
Overhead (median)      : 278.2865 %
--- Confusion Matrix (global) ---
TP / TN / FP / FN     : 40 / 0 / 0 / 0
Recall                : 1.0000
Detection precision   : 1.0000
Correction precision  : 0.0000 %
==================================================


=== C1 baseline 1024^3
=== ABFT GEMM (cuBLAS, online pipelined) ===
Mode           : baseline  (inject=none)
M x K x N      : 1024 x 1024 x 1024
Process grid   : 1 x 2  (world=2)
Frags per rank : 8
Repeats        : 1
Samples        : 20
Threshold      : (per-fragment, formula)
GPUs visible   : 2


========== EXPERIMENT METRICS (global) ==========
Mode              : BASELINE
M x K x N         : 1024 x 1024 x 1024
Process grid      : 1 x 2
Frags per rank    : 8
Total fragments   : 16
Repeats           : 1
Threshold used    : 2.7114
--- Timing (worst rank) ---
Baseline   min/med/max : 0.3175 / 0.3208 / 0.3286  ms
Baseline   GFLOPS (med): 6693.3582  (min 6536.2262, max 6763.6428)
Protected  min/med/max : 0.3175 / 0.3208 / 0.3286  ms
Protected  GFLOPS (med): 6693.3582  (min 6536.2262, max 6763.6428)
Overhead (median)      : 0.0000 %
--- Confusion Matrix (global) ---
TP / TN / FP / FN     : 0 / 320 / 0 / 0
Recall                : 0.0000
Detection precision   : 0.0000
Correction precision  : 0.0000 %
==================================================


=== C1 A1 detect 1024^3
=== ABFT GEMM (cuBLAS, online pipelined) ===
Mode           : online  (inject=none)
M x K x N      : 1024 x 1024 x 1024
Process grid   : 1 x 2  (world=2)
Frags per rank : 8
Repeats        : 1
Samples        : 20
Threshold      : 1 (override)
Encoding       : overlap
Localization   : only with injection
GPUs visible   : 2

[Rank 0] 20 timed trials × 1 iters/trial

========== EXPERIMENT METRICS (global) ==========
Mode              : online / inject=none
M x K x N         : 1024 x 1024 x 1024
Process grid      : 1 x 2
Frags per rank    : 8
Total fragments   : 16
Repeats           : 1
Threshold used    : 1.0000
--- Timing (worst rank) ---
Baseline   min/med/max : 0.3262 / 0.3340 / 0.3470  ms
Baseline   GFLOPS (med): 6430.3811  (min 6187.8577, max 6582.7087)
Protected  min/med/max : 1.0101 / 1.0251 / 1.3423  ms
Protected  GFLOPS (med): 2094.9282  (min 1599.8883, max 2125.9478)
Overhead (median)      : 206.9500 %
--- Confusion Matrix (global) ---
TP / TN / FP / FN     : 0 / 320 / 0 / 0
Recall                : 0.0000
Detection precision   : 0.0000
Correction precision  : 0.0000 %
==================================================


=== C1 B1 always 1024^3
=== ABFT GEMM (cuBLAS, online pipelined) ===
Mode           : online_loc  (inject=none)
M x K x N      : 1024 x 1024 x 1024
Process grid   : 1 x 2  (world=2)
Frags per rank : 8
Repeats        : 1
Samples        : 20
Threshold      : 1 (override)
Encoding       : overlap
Localization   : every fragment (deployment)
GPUs visible   : 2

[Rank 0] 20 timed trials × 1 iters/trial

========== EXPERIMENT METRICS (global) ==========
Mode              : online_loc / inject=none
M x K x N         : 1024 x 1024 x 1024
Process grid      : 1 x 2
Frags per rank    : 8
Total fragments   : 16
Repeats           : 1
Threshold used    : 1.0000
--- Timing (worst rank) ---
Baseline   min/med/max : 0.3253 / 0.3370 / 0.3424  ms
Baseline   GFLOPS (med): 6371.9958  (min 6272.5892, max 6601.9339)
Protected  min/med/max : 1.0989 / 1.1237 / 1.3678  ms
Protected  GFLOPS (med): 1911.1405  (min 1569.9965, max 1954.2334)
Overhead (median)      : 233.4132 %
--- Confusion Matrix (global) ---
TP / TN / FP / FN     : 0 / 320 / 0 / 0
Recall                : 0.0000
Detection precision   : 0.0000
Correction precision  : 0.0000 %
==================================================


=== C1 B2 always 1024^3
=== ABFT GEMM (cuBLAS, online pipelined) ===
Mode           : online_loc  (inject=none)
M x K x N      : 1024 x 1024 x 1024
Process grid   : 1 x 2  (world=2)
Frags per rank : 8
Repeats        : 1
Samples        : 20
Threshold      : 1 (override)
Encoding       : overlap
Localization   : every fragment (deployment)
GPUs visible   : 2

[Rank 0] 20 timed trials × 1 iters/trial

========== EXPERIMENT METRICS (global) ==========
Mode              : online_loc / inject=none
M x K x N         : 1024 x 1024 x 1024
Process grid      : 1 x 2
Frags per rank    : 8
Total fragments   : 16
Repeats           : 1
Threshold used    : 1.0000
--- Timing (worst rank) ---
Baseline   min/med/max : 0.3246 / 0.3382 / 0.3442  ms
Baseline   GFLOPS (med): 6349.1815  (min 6239.4383, max 6615.2546)
Protected  min/med/max : 1.1080 / 1.1233 / 1.1695  ms
Protected  GFLOPS (med): 1911.7854  (min 1836.1796, max 1938.2199)
Overhead (median)      : 232.1074 %
--- Confusion Matrix (global) ---
TP / TN / FP / FN     : 0 / 320 / 0 / 0
Recall                : 0.0000
Detection precision   : 0.0000
Correction precision  : 0.0000 %
==================================================


=== C1 A2 detect 1024^3
=== ABFT GEMM (cuBLAS, online pipelined) ===
Mode           : online  (inject=none)
M x K x N      : 1024 x 1024 x 1024
Process grid   : 1 x 2  (world=2)
Frags per rank : 8
Repeats        : 1
Samples        : 20
Threshold      : 1 (override)
Encoding       : overlap
Localization   : only with injection
GPUs visible   : 2

[Rank 0] 20 timed trials × 1 iters/trial

========== EXPERIMENT METRICS (global) ==========
Mode              : online / inject=none
M x K x N         : 1024 x 1024 x 1024
Process grid      : 1 x 2
Frags per rank    : 8
Total fragments   : 16
Repeats           : 1
Threshold used    : 1.0000
--- Timing (worst rank) ---
Baseline   min/med/max : 0.3238 / 0.3332 / 0.3397  ms
Baseline   GFLOPS (med): 6445.5126  (min 6322.4694, max 6632.1913)
Protected  min/med/max : 1.0080 / 1.0153 / 1.0693  ms
Protected  GFLOPS (med): 2115.1556  (min 2008.3004, max 2130.3640)
Overhead (median)      : 204.7299 %
--- Confusion Matrix (global) ---
TP / TN / FP / FN     : 0 / 320 / 0 / 0
Recall                : 0.0000
Detection precision   : 0.0000
Correction precision  : 0.0000 %
==================================================


=== C1 fault 1024^3
=== ABFT GEMM (cuBLAS, online pipelined) ===
Mode           : online  (inject=add)
M x K x N      : 1024 x 1024 x 1024
Process grid   : 1 x 2  (world=2)
Frags per rank : 8
Repeats        : 1
Samples        : 20
Threshold      : 1 (override)
Encoding       : overlap
Localization   : only with injection
GPUs visible   : 2

[Rank 0] 20 timed trials × 1 iters/trial

========== EXPERIMENT METRICS (global) ==========
Mode              : online / inject=add
M x K x N         : 1024 x 1024 x 1024
Process grid      : 1 x 2
Frags per rank    : 8
Total fragments   : 16
Repeats           : 1
Threshold used    : 1.0000
--- Timing (worst rank) ---
Baseline   min/med/max : 0.3829 / 0.3948 / 0.3999  ms
Baseline   GFLOPS (med): 5438.7604  (min 5369.9308, max 5607.9294)
Protected  min/med/max : 1.5119 / 1.5361 / 1.8026  ms
Protected  GFLOPS (med): 1397.9985  (min 1191.3329, max 1420.4174)
Overhead (median)      : 289.0391 %
--- Confusion Matrix (global) ---
TP / TN / FP / FN     : 40 / 280 / 0 / 0
Recall                : 1.0000
Detection precision   : 1.0000
Correction precision  : 0.0000 %
==================================================


=== C1 baseline 1280^3
=== ABFT GEMM (cuBLAS, online pipelined) ===
Mode           : baseline  (inject=none)
M x K x N      : 1280 x 1280 x 1280
Process grid   : 1 x 2  (world=2)
Frags per rank : 8
Repeats        : 1
Samples        : 20
Threshold      : (per-fragment, formula)
GPUs visible   : 2


========== EXPERIMENT METRICS (global) ==========
Mode              : BASELINE
M x K x N         : 1280 x 1280 x 1280
Process grid      : 1 x 2
Frags per rank    : 8
Total fragments   : 16
Repeats           : 1
Threshold used    : 5.1330
--- Timing (worst rank) ---
Baseline   min/med/max : 0.8070 / 0.8122 / 0.8587  ms
Baseline   GFLOPS (med): 5164.3750  (min 4884.3504, max 5197.5380)
Protected  min/med/max : 0.8070 / 0.8122 / 0.8587  ms
Protected  GFLOPS (med): 5164.3750  (min 4884.3504, max 5197.5380)
Overhead (median)      : 0.0000 %
--- Confusion Matrix (global) ---
TP / TN / FP / FN     : 0 / 320 / 0 / 0
Recall                : 0.0000
Detection precision   : 0.0000
Correction precision  : 0.0000 %
==================================================


=== C1 A1 detect 1280^3
=== ABFT GEMM (cuBLAS, online pipelined) ===
Mode           : online  (inject=none)
M x K x N      : 1280 x 1280 x 1280
Process grid   : 1 x 2  (world=2)
Frags per rank : 8
Repeats        : 1
Samples        : 20
Threshold      : 1 (override)
Encoding       : overlap
Localization   : only with injection
GPUs visible   : 2

[Rank 0] 20 timed trials × 1 iters/trial

========== EXPERIMENT METRICS (global) ==========
Mode              : online / inject=none
M x K x N         : 1280 x 1280 x 1280
Process grid      : 1 x 2
Frags per rank    : 8
Total fragments   : 16
Repeats           : 1
Threshold used    : 1.0000
--- Timing (worst rank) ---
Baseline   min/med/max : 0.8094 / 0.8199 / 0.8318  ms
Baseline   GFLOPS (med): 5115.3417  (min 5042.3641, max 5181.7611)
Protected  min/med/max : 1.6278 / 1.6874 / 1.7050  ms
Protected  GFLOPS (med): 2485.7094  (min 2459.9894, max 2576.6767)
Overhead (median)      : 105.7900 %
--- Confusion Matrix (global) ---
TP / TN / FP / FN     : 0 / 320 / 0 / 0
Recall                : 0.0000
Detection precision   : 0.0000
Correction precision  : 0.0000 %
==================================================


=== C1 B1 always 1280^3
=== ABFT GEMM (cuBLAS, online pipelined) ===
Mode           : online_loc  (inject=none)
M x K x N      : 1280 x 1280 x 1280
Process grid   : 1 x 2  (world=2)
Frags per rank : 8
Repeats        : 1
Samples        : 20
Threshold      : 1 (override)
Encoding       : overlap
Localization   : every fragment (deployment)
GPUs visible   : 2

[Rank 0] 20 timed trials × 1 iters/trial

========== EXPERIMENT METRICS (global) ==========
Mode              : online_loc / inject=none
M x K x N         : 1280 x 1280 x 1280
Process grid      : 1 x 2
Frags per rank    : 8
Total fragments   : 16
Repeats           : 1
Threshold used    : 1.0000
--- Timing (worst rank) ---
Baseline   min/med/max : 0.8125 / 0.8237 / 0.8576  ms
Baseline   GFLOPS (med): 5091.9050  (min 4890.9345, max 5162.1377)
Protected  min/med/max : 1.7768 / 1.8281 / 1.8557  ms
Protected  GFLOPS (med): 2294.3415  (min 2260.2554, max 2360.6515)
Overhead (median)      : 121.9332 %
--- Confusion Matrix (global) ---
TP / TN / FP / FN     : 0 / 320 / 0 / 0
Recall                : 0.0000
Detection precision   : 0.0000
Correction precision  : 0.0000 %
==================================================


=== C1 B2 always 1280^3
=== ABFT GEMM (cuBLAS, online pipelined) ===
Mode           : online_loc  (inject=none)
M x K x N      : 1280 x 1280 x 1280
Process grid   : 1 x 2  (world=2)
Frags per rank : 8
Repeats        : 1
Samples        : 20
Threshold      : 1 (override)
Encoding       : overlap
Localization   : every fragment (deployment)
GPUs visible   : 2

[Rank 0] 20 timed trials × 1 iters/trial

========== EXPERIMENT METRICS (global) ==========
Mode              : online_loc / inject=none
M x K x N         : 1280 x 1280 x 1280
Process grid      : 1 x 2
Frags per rank    : 8
Total fragments   : 16
Repeats           : 1
Threshold used    : 1.0000
--- Timing (worst rank) ---
Baseline   min/med/max : 0.8099 / 0.8237 / 0.8332  ms
Baseline   GFLOPS (med): 5091.8556  (min 5034.2240, max 5179.0994)
Protected  min/med/max : 1.7937 / 1.8199 / 1.8403  ms
Protected  GFLOPS (med): 2304.7501  (min 2279.1291, max 2338.3271)
Overhead (median)      : 120.9288 %
--- Confusion Matrix (global) ---
TP / TN / FP / FN     : 0 / 320 / 0 / 0
Recall                : 0.0000
Detection precision   : 0.0000
Correction precision  : 0.0000 %
==================================================


=== C1 A2 detect 1280^3
=== ABFT GEMM (cuBLAS, online pipelined) ===
Mode           : online  (inject=none)
M x K x N      : 1280 x 1280 x 1280
Process grid   : 1 x 2  (world=2)
Frags per rank : 8
Repeats        : 1
Samples        : 20
Threshold      : 1 (override)
Encoding       : overlap
Localization   : only with injection
GPUs visible   : 2

[Rank 0] 20 timed trials × 1 iters/trial

========== EXPERIMENT METRICS (global) ==========
Mode              : online / inject=none
M x K x N         : 1280 x 1280 x 1280
Process grid      : 1 x 2
Frags per rank    : 8
Total fragments   : 16
Repeats           : 1
Threshold used    : 1.0000
--- Timing (worst rank) ---
Baseline   min/med/max : 0.8133 / 0.8225 / 0.8324  ms
Baseline   GFLOPS (med): 5099.7492  (min 5038.6388, max 5156.9967)
Protected  min/med/max : 1.6431 / 1.6870 / 1.7075  ms
Protected  GFLOPS (med): 2486.2944  (min 2456.3617, max 2552.6291)
Overhead (median)      : 105.1145 %
--- Confusion Matrix (global) ---
TP / TN / FP / FN     : 0 / 320 / 0 / 0
Recall                : 0.0000
Detection precision   : 0.0000
Correction precision  : 0.0000 %
==================================================


=== C1 fault 1280^3
=== ABFT GEMM (cuBLAS, online pipelined) ===
Mode           : online  (inject=add)
M x K x N      : 1280 x 1280 x 1280
Process grid   : 1 x 2  (world=2)
Frags per rank : 8
Repeats        : 1
Samples        : 20
Threshold      : 1 (override)
Encoding       : overlap
Localization   : only with injection
GPUs visible   : 2

[Rank 0] 20 timed trials × 1 iters/trial

========== EXPERIMENT METRICS (global) ==========
Mode              : online / inject=add
M x K x N         : 1280 x 1280 x 1280
Process grid      : 1 x 2
Frags per rank    : 8
Total fragments   : 16
Repeats           : 1
Threshold used    : 1.0000
--- Timing (worst rank) ---
Baseline   min/med/max : 0.8132 / 0.8218 / 0.8348  ms
Baseline   GFLOPS (med): 5103.8138  (min 5024.3280, max 5157.6942)
Protected  min/med/max : 2.0785 / 2.1279 / 2.5250  ms
Protected  GFLOPS (med): 1971.1372  (min 1661.0862, max 2017.9825)
Overhead (median)      : 158.9274 %
--- Confusion Matrix (global) ---
TP / TN / FP / FN     : 40 / 280 / 0 / 0
Recall                : 1.0000
Detection precision   : 1.0000
Correction precision  : 0.0000 %
==================================================


=== C1 baseline 1536^3
=== ABFT GEMM (cuBLAS, online pipelined) ===
Mode           : baseline  (inject=none)
M x K x N      : 1536 x 1536 x 1536
Process grid   : 1 x 2  (world=2)
Frags per rank : 8
Repeats        : 1
Samples        : 20
Threshold      : (per-fragment, formula)
GPUs visible   : 2


========== EXPERIMENT METRICS (global) ==========
Mode              : BASELINE
M x K x N         : 1536 x 1536 x 1536
Process grid      : 1 x 2
Frags per rank    : 8
Total fragments   : 16
Repeats           : 1
Threshold used    : 8.5766
--- Timing (worst rank) ---
Baseline   min/med/max : 0.9980 / 1.0047 / 1.0116  ms
Baseline   GFLOPS (med): 7213.8307  (min 7164.8174, max 7262.1436)
Protected  min/med/max : 0.9980 / 1.0047 / 1.0116  ms
Protected  GFLOPS (med): 7213.8307  (min 7164.8174, max 7262.1436)
Overhead (median)      : 0.0000 %
--- Confusion Matrix (global) ---
TP / TN / FP / FN     : 0 / 320 / 0 / 0
Recall                : 0.0000
Detection precision   : 0.0000
Correction precision  : 0.0000 %
==================================================


=== C1 A1 detect 1536^3
=== ABFT GEMM (cuBLAS, online pipelined) ===
Mode           : online  (inject=none)
M x K x N      : 1536 x 1536 x 1536
Process grid   : 1 x 2  (world=2)
Frags per rank : 8
Repeats        : 1
Samples        : 20
Threshold      : 1 (override)
Encoding       : overlap
Localization   : only with injection
GPUs visible   : 2

[Rank 0] 20 timed trials × 1 iters/trial

========== EXPERIMENT METRICS (global) ==========
Mode              : online / inject=none
M x K x N         : 1536 x 1536 x 1536
Process grid      : 1 x 2
Frags per rank    : 8
Total fragments   : 16
Repeats           : 1
Threshold used    : 1.0000
--- Timing (worst rank) ---
Baseline   min/med/max : 1.0286 / 1.0377 / 1.0567  ms
Baseline   GFLOPS (med): 6984.7399  (min 6859.0352, max 7046.4337)
Protected  min/med/max : 2.2887 / 2.4157 / 2.4919  ms
Protected  GFLOPS (med): 3000.2845  (min 2908.5837, max 3166.7489)
Overhead (median)      : 132.8026 %
--- Confusion Matrix (global) ---
TP / TN / FP / FN     : 0 / 320 / 0 / 0
Recall                : 0.0000
Detection precision   : 0.0000
Correction precision  : 0.0000 %
==================================================


=== C1 B1 always 1536^3
=== ABFT GEMM (cuBLAS, online pipelined) ===
Mode           : online_loc  (inject=none)
M x K x N      : 1536 x 1536 x 1536
Process grid   : 1 x 2  (world=2)
Frags per rank : 8
Repeats        : 1
Samples        : 20
Threshold      : 1 (override)
Encoding       : overlap
Localization   : every fragment (deployment)
GPUs visible   : 2

[Rank 0] 20 timed trials × 1 iters/trial

========== EXPERIMENT METRICS (global) ==========
Mode              : online_loc / inject=none
M x K x N         : 1536 x 1536 x 1536
Process grid      : 1 x 2
Frags per rank    : 8
Total fragments   : 16
Repeats           : 1
Threshold used    : 1.0000
--- Timing (worst rank) ---
Baseline   min/med/max : 0.9423 / 0.9560 / 0.9670  ms
Baseline   GFLOPS (med): 7581.1378  (min 7495.0180, max 7691.1767)
Protected  min/med/max : 2.2214 / 2.3423 / 2.4238  ms
Protected  GFLOPS (med): 3094.2604  (min 2990.2777, max 3262.7582)
Overhead (median)      : 145.0065 %
--- Confusion Matrix (global) ---
TP / TN / FP / FN     : 0 / 320 / 0 / 0
Recall                : 0.0000
Detection precision   : 0.0000
Correction precision  : 0.0000 %
==================================================


=== C1 B2 always 1536^3
=== ABFT GEMM (cuBLAS, online pipelined) ===
Mode           : online_loc  (inject=none)
M x K x N      : 1536 x 1536 x 1536
Process grid   : 1 x 2  (world=2)
Frags per rank : 8
Repeats        : 1
Samples        : 20
Threshold      : 1 (override)
Encoding       : overlap
Localization   : every fragment (deployment)
GPUs visible   : 2

[Rank 0] 20 timed trials × 1 iters/trial

========== EXPERIMENT METRICS (global) ==========
Mode              : online_loc / inject=none
M x K x N         : 1536 x 1536 x 1536
Process grid      : 1 x 2
Frags per rank    : 8
Total fragments   : 16
Repeats           : 1
Threshold used    : 1.0000
--- Timing (worst rank) ---
Baseline   min/med/max : 0.8768 / 0.8929 / 0.9088  ms
Baseline   GFLOPS (med): 8117.5531  (min 7974.9622, max 8266.6180)
Protected  min/med/max : 2.1070 / 2.1499 / 2.2113  ms
Protected  GFLOPS (med): 3371.1989  (min 3277.6565, max 3439.7783)
Overhead (median)      : 140.7913 %
--- Confusion Matrix (global) ---
TP / TN / FP / FN     : 0 / 320 / 0 / 0
Recall                : 0.0000
Detection precision   : 0.0000
Correction precision  : 0.0000 %
==================================================


=== C1 A2 detect 1536^3
=== ABFT GEMM (cuBLAS, online pipelined) ===
Mode           : online  (inject=none)
M x K x N      : 1536 x 1536 x 1536
Process grid   : 1 x 2  (world=2)
Frags per rank : 8
Repeats        : 1
Samples        : 20
Threshold      : 1 (override)
Encoding       : overlap
Localization   : only with injection
GPUs visible   : 2

[Rank 0] 20 timed trials × 1 iters/trial

========== EXPERIMENT METRICS (global) ==========
Mode              : online / inject=none
M x K x N         : 1536 x 1536 x 1536
Process grid      : 1 x 2
Frags per rank    : 8
Total fragments   : 16
Repeats           : 1
Threshold used    : 1.0000
--- Timing (worst rank) ---
Baseline   min/med/max : 0.8815 / 0.8906 / 0.9073  ms
Baseline   GFLOPS (med): 8138.3079  (min 7987.8473, max 8222.4834)
Protected  min/med/max : 2.0345 / 2.0633 / 2.1159  ms
Protected  GFLOPS (med): 3512.7629  (min 3425.4347, max 3562.4355)
Overhead (median)      : 131.6783 %
--- Confusion Matrix (global) ---
TP / TN / FP / FN     : 0 / 320 / 0 / 0
Recall                : 0.0000
Detection precision   : 0.0000
Correction precision  : 0.0000 %
==================================================


=== C1 fault 1536^3
=== ABFT GEMM (cuBLAS, online pipelined) ===
Mode           : online  (inject=add)
M x K x N      : 1536 x 1536 x 1536
Process grid   : 1 x 2  (world=2)
Frags per rank : 8
Repeats        : 1
Samples        : 20
Threshold      : 1 (override)
Encoding       : overlap
Localization   : only with injection
GPUs visible   : 2

[Rank 0] 20 timed trials × 1 iters/trial

========== EXPERIMENT METRICS (global) ==========
Mode              : online / inject=add
M x K x N         : 1536 x 1536 x 1536
Process grid      : 1 x 2
Frags per rank    : 8
Total fragments   : 16
Repeats           : 1
Threshold used    : 1.0000
--- Timing (worst rank) ---
Baseline   min/med/max : 0.8810 / 0.8896 / 0.9012  ms
Baseline   GFLOPS (med): 8147.2825  (min 8042.3138, max 8227.0755)
Protected  min/med/max : 2.4413 / 2.4586 / 2.5021  ms
Protected  GFLOPS (med): 2947.8821  (min 2896.6686, max 2968.7705)
Overhead (median)      : 176.3775 %
--- Confusion Matrix (global) ---
TP / TN / FP / FN     : 40 / 280 / 0 / 0
Recall                : 1.0000
Detection precision   : 1.0000
Correction precision  : 0.0000 %
==================================================


=== C1 baseline 1792^3
=== ABFT GEMM (cuBLAS, online pipelined) ===
Mode           : baseline  (inject=none)
M x K x N      : 1792 x 1792 x 1792
Process grid   : 1 x 2  (world=2)
Frags per rank : 8
Repeats        : 1
Samples        : 20
Threshold      : (per-fragment, formula)
GPUs visible   : 2


========== EXPERIMENT METRICS (global) ==========
Mode              : BASELINE
M x K x N         : 1792 x 1792 x 1792
Process grid      : 1 x 2
Frags per rank    : 8
Total fragments   : 16
Repeats           : 1
Threshold used    : 13.2961
--- Timing (worst rank) ---
Baseline   min/med/max : 1.7293 / 1.7328 / 1.7401  ms
Baseline   GFLOPS (med): 6641.7732  (min 6614.2413, max 6655.5541)
Protected  min/med/max : 1.7293 / 1.7328 / 1.7401  ms
Protected  GFLOPS (med): 6641.7732  (min 6614.2413, max 6655.5541)
Overhead (median)      : 0.0000 %
--- Confusion Matrix (global) ---
TP / TN / FP / FN     : 0 / 320 / 0 / 0
Recall                : 0.0000
Detection precision   : 0.0000
Correction precision  : 0.0000 %
==================================================


=== C1 A1 detect 1792^3
=== ABFT GEMM (cuBLAS, online pipelined) ===
Mode           : online  (inject=none)
M x K x N      : 1792 x 1792 x 1792
Process grid   : 1 x 2  (world=2)
Frags per rank : 8
Repeats        : 1
Samples        : 20
Threshold      : 1 (override)
Encoding       : overlap
Localization   : only with injection
GPUs visible   : 2

[Rank 0] 20 timed trials × 1 iters/trial

========== EXPERIMENT METRICS (global) ==========
Mode              : online / inject=none
M x K x N         : 1792 x 1792 x 1792
Process grid      : 1 x 2
Frags per rank    : 8
Total fragments   : 16
Repeats           : 1
Threshold used    : 1.0000
--- Timing (worst rank) ---
Baseline   min/med/max : 1.7330 / 1.7348 / 2.0208  ms
Baseline   GFLOPS (med): 6634.1278  (min 5695.2576, max 6641.3516)
Protected  min/med/max : 2.5834 / 2.7037 / 2.7246  ms
Protected  GFLOPS (med): 4256.7734  (min 4224.2215, max 4455.0425)
Overhead (median)      : 55.8487 %
--- Confusion Matrix (global) ---
TP / TN / FP / FN     : 0 / 320 / 0 / 0
Recall                : 0.0000
Detection precision   : 0.0000
Correction precision  : 0.0000 %
==================================================


=== C1 B1 always 1792^3
=== ABFT GEMM (cuBLAS, online pipelined) ===
Mode           : online_loc  (inject=none)
M x K x N      : 1792 x 1792 x 1792
Process grid   : 1 x 2  (world=2)
Frags per rank : 8
Repeats        : 1
Samples        : 20
Threshold      : 1 (override)
Encoding       : overlap
Localization   : every fragment (deployment)
GPUs visible   : 2

[Rank 0] 20 timed trials × 1 iters/trial

========== EXPERIMENT METRICS (global) ==========
Mode              : online_loc / inject=none
M x K x N         : 1792 x 1792 x 1792
Process grid      : 1 x 2
Frags per rank    : 8
Total fragments   : 16
Repeats           : 1
Threshold used    : 1.0000
--- Timing (worst rank) ---
Baseline   min/med/max : 1.7276 / 1.7355 / 1.7421  ms
Baseline   GFLOPS (med): 6631.6469  (min 6606.3899, max 6661.9222)
Protected  min/med/max : 2.7972 / 2.8232 / 2.9523  ms
Protected  GFLOPS (med): 4076.6328  (min 3898.3610, max 4114.5133)
Overhead (median)      : 62.6746 %
--- Confusion Matrix (global) ---
TP / TN / FP / FN     : 0 / 320 / 0 / 0
Recall                : 0.0000
Detection precision   : 0.0000
Correction precision  : 0.0000 %
==================================================


=== C1 B2 always 1792^3
=== ABFT GEMM (cuBLAS, online pipelined) ===
Mode           : online_loc  (inject=none)
M x K x N      : 1792 x 1792 x 1792
Process grid   : 1 x 2  (world=2)
Frags per rank : 8
Repeats        : 1
Samples        : 20
Threshold      : 1 (override)
Encoding       : overlap
Localization   : every fragment (deployment)
GPUs visible   : 2

[Rank 0] 20 timed trials × 1 iters/trial

========== EXPERIMENT METRICS (global) ==========
Mode              : online_loc / inject=none
M x K x N         : 1792 x 1792 x 1792
Process grid      : 1 x 2
Frags per rank    : 8
Total fragments   : 16
Repeats           : 1
Threshold used    : 1.0000
--- Timing (worst rank) ---
Baseline   min/med/max : 1.7276 / 1.7364 / 1.7943  ms
Baseline   GFLOPS (med): 6628.3280  (min 6414.1845, max 6662.0958)
Protected  min/med/max : 2.8050 / 2.8822 / 2.9830  ms
Protected  GFLOPS (med): 3993.2087  (min 3858.2677, max 4103.1144)
Overhead (median)      : 65.9900 %
--- Confusion Matrix (global) ---
TP / TN / FP / FN     : 0 / 320 / 0 / 0
Recall                : 0.0000
Detection precision   : 0.0000
Correction precision  : 0.0000 %
==================================================


=== C1 A2 detect 1792^3
=== ABFT GEMM (cuBLAS, online pipelined) ===
Mode           : online  (inject=none)
M x K x N      : 1792 x 1792 x 1792
Process grid   : 1 x 2  (world=2)
Frags per rank : 8
Repeats        : 1
Samples        : 20
Threshold      : 1 (override)
Encoding       : overlap
Localization   : only with injection
GPUs visible   : 2

[Rank 0] 20 timed trials × 1 iters/trial

========== EXPERIMENT METRICS (global) ==========
Mode              : online / inject=none
M x K x N         : 1792 x 1792 x 1792
Process grid      : 1 x 2
Frags per rank    : 8
Total fragments   : 16
Repeats           : 1
Threshold used    : 1.0000
--- Timing (worst rank) ---
Baseline   min/med/max : 1.7319 / 1.7366 / 1.7404  ms
Baseline   GFLOPS (med): 6627.5798  (min 6613.0404, max 6645.4088)
Protected  min/med/max : 2.5762 / 2.6879 / 2.7143  ms
Protected  GFLOPS (med): 4281.9147  (min 4240.1748, max 4467.4380)
Overhead (median)      : 54.7808 %
--- Confusion Matrix (global) ---
TP / TN / FP / FN     : 0 / 320 / 0 / 0
Recall                : 0.0000
Detection precision   : 0.0000
Correction precision  : 0.0000 %
==================================================


=== C1 fault 1792^3
=== ABFT GEMM (cuBLAS, online pipelined) ===
Mode           : online  (inject=add)
M x K x N      : 1792 x 1792 x 1792
Process grid   : 1 x 2  (world=2)
Frags per rank : 8
Repeats        : 1
Samples        : 20
Threshold      : 1 (override)
Encoding       : overlap
Localization   : only with injection
GPUs visible   : 2

[Rank 0] 20 timed trials × 1 iters/trial

========== EXPERIMENT METRICS (global) ==========
Mode              : online / inject=add
M x K x N         : 1792 x 1792 x 1792
Process grid      : 1 x 2
Frags per rank    : 8
Total fragments   : 16
Repeats           : 1
Threshold used    : 1.0000
--- Timing (worst rank) ---
Baseline   min/med/max : 1.7302 / 1.7342 / 1.7438  ms
Baseline   GFLOPS (med): 6636.4651  (min 6600.2183, max 6651.9959)
Protected  min/med/max : 3.1509 / 3.1721 / 3.6181  ms
Protected  GFLOPS (med): 3628.1992  (min 3180.9940, max 3652.6624)
Overhead (median)      : 82.9135 %
--- Confusion Matrix (global) ---
TP / TN / FP / FN     : 40 / 280 / 0 / 0
Recall                : 1.0000
Detection precision   : 1.0000
Correction precision  : 0.0000 %
==================================================


=== C1 baseline 2048^3
=== ABFT GEMM (cuBLAS, online pipelined) ===
Mode           : baseline  (inject=none)
M x K x N      : 2048 x 2048 x 2048
Process grid   : 1 x 2  (world=2)
Frags per rank : 8
Repeats        : 1
Samples        : 20
Threshold      : (per-fragment, formula)
GPUs visible   : 2


========== EXPERIMENT METRICS (global) ==========
Mode              : BASELINE
M x K x N         : 2048 x 2048 x 2048
Process grid      : 1 x 2
Frags per rank    : 8
Total fragments   : 16
Repeats           : 1
Threshold used    : 19.7036
--- Timing (worst rank) ---
Baseline   min/med/max : 2.0478 / 2.0572 / 2.0643  ms
Baseline   GFLOPS (med): 8350.9797  (min 8322.2454, max 8389.2757)
Protected  min/med/max : 2.0478 / 2.0572 / 2.0643  ms
Protected  GFLOPS (med): 8350.9797  (min 8322.2454, max 8389.2757)
Overhead (median)      : 0.0000 %
--- Confusion Matrix (global) ---
TP / TN / FP / FN     : 0 / 320 / 0 / 0
Recall                : 0.0000
Detection precision   : 0.0000
Correction precision  : 0.0000 %
==================================================


=== C1 A1 detect 2048^3
=== ABFT GEMM (cuBLAS, online pipelined) ===
Mode           : online  (inject=none)
M x K x N      : 2048 x 2048 x 2048
Process grid   : 1 x 2  (world=2)
Frags per rank : 8
Repeats        : 1
Samples        : 20
Threshold      : 1 (override)
Encoding       : overlap
Localization   : only with injection
GPUs visible   : 2

[Rank 0] 20 timed trials × 1 iters/trial

========== EXPERIMENT METRICS (global) ==========
Mode              : online / inject=none
M x K x N         : 2048 x 2048 x 2048
Process grid      : 1 x 2
Frags per rank    : 8
Total fragments   : 16
Repeats           : 1
Threshold used    : 1.0000
--- Timing (worst rank) ---
Baseline   min/med/max : 2.0536 / 2.0694 / 2.0767  ms
Baseline   GFLOPS (med): 8301.8721  (min 8272.6137, max 8365.7818)
Protected  min/med/max : 3.1273 / 3.1505 / 3.2962  ms
Protected  GFLOPS (med): 5453.0594  (min 5212.0512, max 5493.5184)
Overhead (median)      : 52.2425 %
--- Confusion Matrix (global) ---
TP / TN / FP / FN     : 0 / 320 / 0 / 0
Recall                : 0.0000
Detection precision   : 0.0000
Correction precision  : 0.0000 %
==================================================


=== C1 B1 always 2048^3
=== ABFT GEMM (cuBLAS, online pipelined) ===
Mode           : online_loc  (inject=none)
M x K x N      : 2048 x 2048 x 2048
Process grid   : 1 x 2  (world=2)
Frags per rank : 8
Repeats        : 1
Samples        : 20
Threshold      : 1 (override)
Encoding       : overlap
Localization   : every fragment (deployment)
GPUs visible   : 2

[Rank 0] 20 timed trials × 1 iters/trial

========== EXPERIMENT METRICS (global) ==========
Mode              : online_loc / inject=none
M x K x N         : 2048 x 2048 x 2048
Process grid      : 1 x 2
Frags per rank    : 8
Total fragments   : 16
Repeats           : 1
Threshold used    : 1.0000
--- Timing (worst rank) ---
Baseline   min/med/max : 2.0568 / 2.0675 / 2.0970  ms
Baseline   GFLOPS (med): 8309.2964  (min 8192.6954, max 8352.5509)
Protected  min/med/max : 3.2403 / 3.3930 / 3.4331  ms
Protected  GFLOPS (med): 5063.3645  (min 5004.1709, max 5301.9542)
Overhead (median)      : 64.1062 %
--- Confusion Matrix (global) ---
TP / TN / FP / FN     : 0 / 320 / 0 / 0
Recall                : 0.0000
Detection precision   : 0.0000
Correction precision  : 0.0000 %
==================================================


=== C1 B2 always 2048^3
=== ABFT GEMM (cuBLAS, online pipelined) ===
Mode           : online_loc  (inject=none)
M x K x N      : 2048 x 2048 x 2048
Process grid   : 1 x 2  (world=2)
Frags per rank : 8
Repeats        : 1
Samples        : 20
Threshold      : 1 (override)
Encoding       : overlap
Localization   : every fragment (deployment)
GPUs visible   : 2

[Rank 0] 20 timed trials × 1 iters/trial

========== EXPERIMENT METRICS (global) ==========
Mode              : online_loc / inject=none
M x K x N         : 2048 x 2048 x 2048
Process grid      : 1 x 2
Frags per rank    : 8
Total fragments   : 16
Repeats           : 1
Threshold used    : 1.0000
--- Timing (worst rank) ---
Baseline   min/med/max : 2.0545 / 2.0668 / 2.0795  ms
Baseline   GFLOPS (med): 8312.3318  (min 8261.3994, max 8362.0723)
Protected  min/med/max : 3.2128 / 3.3483 / 3.4258  ms
Protected  GFLOPS (med): 5130.9750  (min 5014.8035, max 5347.3232)
Overhead (median)      : 62.0030 %
--- Confusion Matrix (global) ---
TP / TN / FP / FN     : 0 / 320 / 0 / 0
Recall                : 0.0000
Detection precision   : 0.0000
Correction precision  : 0.0000 %
==================================================


=== C1 A2 detect 2048^3
=== ABFT GEMM (cuBLAS, online pipelined) ===
Mode           : online  (inject=none)
M x K x N      : 2048 x 2048 x 2048
Process grid   : 1 x 2  (world=2)
Frags per rank : 8
Repeats        : 1
Samples        : 20
Threshold      : 1 (override)
Encoding       : overlap
Localization   : only with injection
GPUs visible   : 2

[Rank 0] 20 timed trials × 1 iters/trial

========== EXPERIMENT METRICS (global) ==========
Mode              : online / inject=none
M x K x N         : 2048 x 2048 x 2048
Process grid      : 1 x 2
Frags per rank    : 8
Total fragments   : 16
Repeats           : 1
Threshold used    : 1.0000
--- Timing (worst rank) ---
Baseline   min/med/max : 2.0594 / 2.0702 / 2.0773  ms
Baseline   GFLOPS (med): 8298.4916  (min 8270.4472, max 8342.1802)
Protected  min/med/max : 3.1308 / 3.1596 / 3.1718  ms
Protected  GFLOPS (med): 5437.2955  (min 5416.4740, max 5487.3157)
Overhead (median)      : 52.6217 %
--- Confusion Matrix (global) ---
TP / TN / FP / FN     : 0 / 320 / 0 / 0
Recall                : 0.0000
Detection precision   : 0.0000
Correction precision  : 0.0000 %
==================================================


=== C1 fault 2048^3
=== ABFT GEMM (cuBLAS, online pipelined) ===
Mode           : online  (inject=add)
M x K x N      : 2048 x 2048 x 2048
Process grid   : 1 x 2  (world=2)
Frags per rank : 8
Repeats        : 1
Samples        : 20
Threshold      : 1 (override)
Encoding       : overlap
Localization   : only with injection
GPUs visible   : 2

[Rank 0] 20 timed trials × 1 iters/trial

========== EXPERIMENT METRICS (global) ==========
Mode              : online / inject=add
M x K x N         : 2048 x 2048 x 2048
Process grid      : 1 x 2
Frags per rank    : 8
Total fragments   : 16
Repeats           : 1
Threshold used    : 1.0000
--- Timing (worst rank) ---
Baseline   min/med/max : 2.0586 / 2.0674 / 2.0785  ms
Baseline   GFLOPS (med): 8309.9355  (min 8265.3541, max 8345.3532)
Protected  min/med/max : 3.6427 / 3.7865 / 5.0456  ms
Protected  GFLOPS (med): 4537.1789  (min 3404.9243, max 4716.1903)
Overhead (median)      : 83.1520 %
--- Confusion Matrix (global) ---
TP / TN / FP / FN     : 40 / 280 / 0 / 0
Recall                : 1.0000
Detection precision   : 1.0000
Correction precision  : 0.0000 %
==================================================


=== C1 baseline 2304^3
=== ABFT GEMM (cuBLAS, online pipelined) ===
Mode           : baseline  (inject=none)
M x K x N      : 2304 x 2304 x 2304
Process grid   : 1 x 2  (world=2)
Frags per rank : 8
Repeats        : 1
Samples        : 20
Threshold      : (per-fragment, formula)
GPUs visible   : 2


========== EXPERIMENT METRICS (global) ==========
Mode              : BASELINE
M x K x N         : 2304 x 2304 x 2304
Process grid      : 1 x 2
Frags per rank    : 8
Total fragments   : 16
Repeats           : 1
Threshold used    : 28.0988
--- Timing (worst rank) ---
Baseline   min/med/max : 2.9372 / 2.9545 / 3.1476  ms
Baseline   GFLOPS (med): 8279.3243  (min 7771.3037, max 8328.0327)
Protected  min/med/max : 2.9372 / 2.9545 / 3.1476  ms
Protected  GFLOPS (med): 8279.3243  (min 7771.3037, max 8328.0327)
Overhead (median)      : 0.0000 %
--- Confusion Matrix (global) ---
TP / TN / FP / FN     : 0 / 320 / 0 / 0
Recall                : 0.0000
Detection precision   : 0.0000
Correction precision  : 0.0000 %
==================================================


=== C1 A1 detect 2304^3
=== ABFT GEMM (cuBLAS, online pipelined) ===
Mode           : online  (inject=none)
M x K x N      : 2304 x 2304 x 2304
Process grid   : 1 x 2  (world=2)
Frags per rank : 8
Repeats        : 1
Samples        : 20
Threshold      : 1 (override)
Encoding       : overlap
Localization   : only with injection
GPUs visible   : 2

[Rank 0] 20 timed trials × 1 iters/trial

========== EXPERIMENT METRICS (global) ==========
Mode              : online / inject=none
M x K x N         : 2304 x 2304 x 2304
Process grid      : 1 x 2
Frags per rank    : 8
Total fragments   : 16
Repeats           : 1
Threshold used    : 1.0000
--- Timing (worst rank) ---
Baseline   min/med/max : 3.0184 / 3.0538 / 3.0960  ms
Baseline   GFLOPS (med): 8010.0638  (min 7900.8497, max 8104.0304)
Protected  min/med/max : 4.6622 / 5.0667 / 5.0816  ms
Protected  GFLOPS (med): 4827.8234  (min 4813.6391, max 5246.7249)
Overhead (median)      : 65.9146 %
--- Confusion Matrix (global) ---
TP / TN / FP / FN     : 0 / 320 / 0 / 0
Recall                : 0.0000
Detection precision   : 0.0000
Correction precision  : 0.0000 %
==================================================


=== C1 B1 always 2304^3
=== ABFT GEMM (cuBLAS, online pipelined) ===
Mode           : online_loc  (inject=none)
M x K x N      : 2304 x 2304 x 2304
Process grid   : 1 x 2  (world=2)
Frags per rank : 8
Repeats        : 1
Samples        : 20
Threshold      : 1 (override)
Encoding       : overlap
Localization   : every fragment (deployment)
GPUs visible   : 2

[Rank 0] 20 timed trials × 1 iters/trial

========== EXPERIMENT METRICS (global) ==========
Mode              : online_loc / inject=none
M x K x N         : 2304 x 2304 x 2304
Process grid      : 1 x 2
Frags per rank    : 8
Total fragments   : 16
Repeats           : 1
Threshold used    : 1.0000
--- Timing (worst rank) ---
Baseline   min/med/max : 3.0453 / 3.0698 / 3.1274  ms
Baseline   GFLOPS (med): 7968.2500  (min 7821.6810, max 8032.4715)
Protected  min/med/max : 5.0638 / 5.2243 / 5.7149  ms
Protected  GFLOPS (med): 4682.1796  (min 4280.2450, max 4830.5949)
Overhead (median)      : 70.1825 %
--- Confusion Matrix (global) ---
TP / TN / FP / FN     : 0 / 320 / 0 / 0
Recall                : 0.0000
Detection precision   : 0.0000
Correction precision  : 0.0000 %
==================================================


=== C1 B2 always 2304^3
=== ABFT GEMM (cuBLAS, online pipelined) ===
Mode           : online_loc  (inject=none)
M x K x N      : 2304 x 2304 x 2304
Process grid   : 1 x 2  (world=2)
Frags per rank : 8
Repeats        : 1
Samples        : 20
Threshold      : 1 (override)
Encoding       : overlap
Localization   : every fragment (deployment)
GPUs visible   : 2

[Rank 0] 20 timed trials × 1 iters/trial

========== EXPERIMENT METRICS (global) ==========
Mode              : online_loc / inject=none
M x K x N         : 2304 x 2304 x 2304
Process grid      : 1 x 2
Frags per rank    : 8
Total fragments   : 16
Repeats           : 1
Threshold used    : 1.0000
--- Timing (worst rank) ---
Baseline   min/med/max : 3.0253 / 3.0578 / 3.0939  ms
Baseline   GFLOPS (med): 7999.5909  (min 7906.1741, max 8085.4775)
Protected  min/med/max : 5.0804 / 5.1670 / 5.1823  ms
Protected  GFLOPS (med): 4734.1359  (min 4720.1718, max 4814.8490)
Overhead (median)      : 68.9768 %
--- Confusion Matrix (global) ---
TP / TN / FP / FN     : 0 / 320 / 0 / 0
Recall                : 0.0000
Detection precision   : 0.0000
Correction precision  : 0.0000 %
==================================================


=== C1 A2 detect 2304^3
=== ABFT GEMM (cuBLAS, online pipelined) ===
Mode           : online  (inject=none)
M x K x N      : 2304 x 2304 x 2304
Process grid   : 1 x 2  (world=2)
Frags per rank : 8
Repeats        : 1
Samples        : 20
Threshold      : 1 (override)
Encoding       : overlap
Localization   : only with injection
GPUs visible   : 2

[Rank 0] 20 timed trials × 1 iters/trial

========== EXPERIMENT METRICS (global) ==========
Mode              : online / inject=none
M x K x N         : 2304 x 2304 x 2304
Process grid      : 1 x 2
Frags per rank    : 8
Total fragments   : 16
Repeats           : 1
Threshold used    : 1.0000
--- Timing (worst rank) ---
Baseline   min/med/max : 3.0388 / 3.0706 / 3.1045  ms
Baseline   GFLOPS (med): 7966.2934  (min 7879.3319, max 8049.7219)
Protected  min/med/max : 4.7886 / 5.0771 / 5.2807  ms
Protected  GFLOPS (med): 4817.9017  (min 4632.1599, max 5108.1836)
Overhead (median)      : 65.3478 %
--- Confusion Matrix (global) ---
TP / TN / FP / FN     : 0 / 320 / 0 / 0
Recall                : 0.0000
Detection precision   : 0.0000
Correction precision  : 0.0000 %
==================================================


=== C1 fault 2304^3
=== ABFT GEMM (cuBLAS, online pipelined) ===
Mode           : online  (inject=add)
M x K x N      : 2304 x 2304 x 2304
Process grid   : 1 x 2  (world=2)
Frags per rank : 8
Repeats        : 1
Samples        : 20
Threshold      : 1 (override)
Encoding       : overlap
Localization   : only with injection
GPUs visible   : 2

[Rank 0] 20 timed trials × 1 iters/trial

========== EXPERIMENT METRICS (global) ==========
Mode              : online / inject=add
M x K x N         : 2304 x 2304 x 2304
Process grid      : 1 x 2
Frags per rank    : 8
Total fragments   : 16
Repeats           : 1
Threshold used    : 1.0000
--- Timing (worst rank) ---
Baseline   min/med/max : 3.0168 / 3.0477 / 3.0878  ms
Baseline   GFLOPS (med): 8026.1118  (min 7921.8748, max 8108.3688)
Protected  min/med/max : 5.5431 / 5.6398 / 5.6690  ms
Protected  GFLOPS (med): 4337.2465  (min 4314.9289, max 4412.8681)
Overhead (median)      : 85.0509 %
--- Confusion Matrix (global) ---
TP / TN / FP / FN     : 40 / 280 / 0 / 0
Recall                : 1.0000
Detection precision   : 1.0000
Correction precision  : 0.0000 %
==================================================


=== C1 baseline 2560^3
=== ABFT GEMM (cuBLAS, online pipelined) ===
Mode           : baseline  (inject=none)
M x K x N      : 2560 x 2560 x 2560
Process grid   : 1 x 2  (world=2)
Frags per rank : 8
Repeats        : 1
Samples        : 20
Threshold      : (per-fragment, formula)
GPUs visible   : 2


========== EXPERIMENT METRICS (global) ==========
Mode              : BASELINE
M x K x N         : 2560 x 2560 x 2560
Process grid      : 1 x 2
Frags per rank    : 8
Total fragments   : 16
Repeats           : 1
Threshold used    : 38.8522
--- Timing (worst rank) ---
Baseline   min/med/max : 3.8274 / 3.8373 / 3.8479  ms
Baseline   GFLOPS (med): 8744.3295  (min 8720.0846, max 8766.8791)
Protected  min/med/max : 3.8274 / 3.8373 / 3.8479  ms
Protected  GFLOPS (med): 8744.3295  (min 8720.0846, max 8766.8791)
Overhead (median)      : 0.0000 %
--- Confusion Matrix (global) ---
TP / TN / FP / FN     : 0 / 320 / 0 / 0
Recall                : 0.0000
Detection precision   : 0.0000
Correction precision  : 0.0000 %
==================================================


=== C1 A1 detect 2560^3
=== ABFT GEMM (cuBLAS, online pipelined) ===
Mode           : online  (inject=none)
M x K x N      : 2560 x 2560 x 2560
Process grid   : 1 x 2  (world=2)
Frags per rank : 8
Repeats        : 1
Samples        : 20
Threshold      : 1 (override)
Encoding       : overlap
Localization   : only with injection
GPUs visible   : 2

[Rank 0] 20 timed trials × 1 iters/trial

========== EXPERIMENT METRICS (global) ==========
Mode              : online / inject=none
M x K x N         : 2560 x 2560 x 2560
Process grid      : 1 x 2
Frags per rank    : 8
Total fragments   : 16
Repeats           : 1
Threshold used    : 1.0000
--- Timing (worst rank) ---
Baseline   min/med/max : 3.8511 / 3.8591 / 3.8676  ms
Baseline   GFLOPS (med): 8694.9146  (min 8675.7291, max 8712.9927)
Protected  min/med/max : 5.2407 / 5.2547 / 5.8796  ms
Protected  GFLOPS (med): 6385.5515  (min 5706.9136, max 6402.7062)
Overhead (median)      : 36.1654 %
--- Confusion Matrix (global) ---
TP / TN / FP / FN     : 0 / 320 / 0 / 0
Recall                : 0.0000
Detection precision   : 0.0000
Correction precision  : 0.0000 %
==================================================


=== C1 B1 always 2560^3
=== ABFT GEMM (cuBLAS, online pipelined) ===
Mode           : online_loc  (inject=none)
M x K x N      : 2560 x 2560 x 2560
Process grid   : 1 x 2  (world=2)
Frags per rank : 8
Repeats        : 1
Samples        : 20
Threshold      : 1 (override)
Encoding       : overlap
Localization   : every fragment (deployment)
GPUs visible   : 2

[Rank 0] 20 timed trials × 1 iters/trial

========== EXPERIMENT METRICS (global) ==========
Mode              : online_loc / inject=none
M x K x N         : 2560 x 2560 x 2560
Process grid      : 1 x 2
Frags per rank    : 8
Total fragments   : 16
Repeats           : 1
Threshold used    : 1.0000
--- Timing (worst rank) ---
Baseline   min/med/max : 3.8438 / 3.8580 / 4.3709  ms
Baseline   GFLOPS (med): 8697.4276  (min 7676.7611, max 8729.4062)
Protected  min/med/max : 5.1200 / 5.3529 / 5.3710  ms
Protected  GFLOPS (med): 6268.4047  (min 6247.3016, max 6553.6538)
Overhead (median)      : 38.7503 %
--- Confusion Matrix (global) ---
TP / TN / FP / FN     : 0 / 320 / 0 / 0
Recall                : 0.0000
Detection precision   : 0.0000
Correction precision  : 0.0000 %
==================================================


=== C1 B2 always 2560^3
=== ABFT GEMM (cuBLAS, online pipelined) ===
Mode           : online_loc  (inject=none)
M x K x N      : 2560 x 2560 x 2560
Process grid   : 1 x 2  (world=2)
Frags per rank : 8
Repeats        : 1
Samples        : 20
Threshold      : 1 (override)
Encoding       : overlap
Localization   : every fragment (deployment)
GPUs visible   : 2

[Rank 0] 20 timed trials × 1 iters/trial

========== EXPERIMENT METRICS (global) ==========
Mode              : online_loc / inject=none
M x K x N         : 2560 x 2560 x 2560
Process grid      : 1 x 2
Frags per rank    : 8
Total fragments   : 16
Repeats           : 1
Threshold used    : 1.0000
--- Timing (worst rank) ---
Baseline   min/med/max : 3.8402 / 3.8470 / 3.8600  ms
Baseline   GFLOPS (med): 8722.1904  (min 8692.8265, max 8737.5759)
Protected  min/med/max : 5.3017 / 5.3215 / 5.3383  ms
Protected  GFLOPS (med): 6305.4095  (min 6285.6202, max 6328.9387)
Overhead (median)      : 38.3287 %
--- Confusion Matrix (global) ---
TP / TN / FP / FN     : 0 / 320 / 0 / 0
Recall                : 0.0000
Detection precision   : 0.0000
Correction precision  : 0.0000 %
==================================================


=== C1 A2 detect 2560^3
=== ABFT GEMM (cuBLAS, online pipelined) ===
Mode           : online  (inject=none)
M x K x N      : 2560 x 2560 x 2560
Process grid   : 1 x 2  (world=2)
Frags per rank : 8
Repeats        : 1
Samples        : 20
Threshold      : 1 (override)
Encoding       : overlap
Localization   : only with injection
GPUs visible   : 2

[Rank 0] 20 timed trials × 1 iters/trial

========== EXPERIMENT METRICS (global) ==========
Mode              : online / inject=none
M x K x N         : 2560 x 2560 x 2560
Process grid      : 1 x 2
Frags per rank    : 8
Total fragments   : 16
Repeats           : 1
Threshold used    : 1.0000
--- Timing (worst rank) ---
Baseline   min/med/max : 3.8462 / 3.8574 / 3.8729  ms
Baseline   GFLOPS (med): 8698.7376  (min 8664.0087, max 8724.0567)
Protected  min/med/max : 5.1713 / 5.2487 / 5.6131  ms
Protected  GFLOPS (med): 6392.9387  (min 5977.8469, max 6488.6238)
Overhead (median)      : 36.0679 %
--- Confusion Matrix (global) ---
TP / TN / FP / FN     : 0 / 320 / 0 / 0
Recall                : 0.0000
Detection precision   : 0.0000
Correction precision  : 0.0000 %
==================================================


=== C1 fault 2560^3
=== ABFT GEMM (cuBLAS, online pipelined) ===
Mode           : online  (inject=add)
M x K x N      : 2560 x 2560 x 2560
Process grid   : 1 x 2  (world=2)
Frags per rank : 8
Repeats        : 1
Samples        : 20
Threshold      : 1 (override)
Encoding       : overlap
Localization   : only with injection
GPUs visible   : 2

[Rank 0] 20 timed trials × 1 iters/trial

========== EXPERIMENT METRICS (global) ==========
Mode              : online / inject=add
M x K x N         : 2560 x 2560 x 2560
Process grid      : 1 x 2
Frags per rank    : 8
Total fragments   : 16
Repeats           : 1
Threshold used    : 1.0000
--- Timing (worst rank) ---
Baseline   min/med/max : 3.8269 / 3.8868 / 4.3891  ms
Baseline   GFLOPS (med): 8632.8508  (min 7644.9250, max 8768.0979)
Protected  min/med/max : 5.7533 / 6.5176 / 7.8957  ms
Protected  GFLOPS (med): 5148.2709  (min 4249.7010, max 5832.2022)
Overhead (median)      : 67.6845 %
--- Confusion Matrix (global) ---
TP / TN / FP / FN     : 40 / 280 / 0 / 0
Recall                : 1.0000
Detection precision   : 1.0000
Correction precision  : 0.0000 %
==================================================


=== C1 baseline 2816^3
=== ABFT GEMM (cuBLAS, online pipelined) ===
Mode           : baseline  (inject=none)
M x K x N      : 2816 x 2816 x 2816
Process grid   : 1 x 2  (world=2)
Frags per rank : 8
Repeats        : 1
Samples        : 20
Threshold      : (per-fragment, formula)
GPUs visible   : 2


========== EXPERIMENT METRICS (global) ==========
Mode              : BASELINE
M x K x N         : 2816 x 2816 x 2816
Process grid      : 1 x 2
Frags per rank    : 8
Total fragments   : 16
Repeats           : 1
Threshold used    : 49.0912
--- Timing (worst rank) ---
Baseline   min/med/max : 6.3255 / 6.4283 / 6.5739  ms
Baseline   GFLOPS (med): 6947.5910  (min 6793.6433, max 7060.4124)
Protected  min/med/max : 6.3255 / 6.4283 / 6.5739  ms
Protected  GFLOPS (med): 6947.5910  (min 6793.6433, max 7060.4124)
Overhead (median)      : 0.0000 %
--- Confusion Matrix (global) ---
TP / TN / FP / FN     : 0 / 320 / 0 / 0
Recall                : 0.0000
Detection precision   : 0.0000
Correction precision  : 0.0000 %
==================================================


=== C1 A1 detect 2816^3
=== ABFT GEMM (cuBLAS, online pipelined) ===
Mode           : online  (inject=none)
M x K x N      : 2816 x 2816 x 2816
Process grid   : 1 x 2  (world=2)
Frags per rank : 8
Repeats        : 1
Samples        : 20
Threshold      : 1 (override)
Encoding       : overlap
Localization   : only with injection
GPUs visible   : 2

[Rank 0] 20 timed trials × 1 iters/trial

========== EXPERIMENT METRICS (global) ==========
Mode              : online / inject=none
M x K x N         : 2816 x 2816 x 2816
Process grid      : 1 x 2
Frags per rank    : 8
Total fragments   : 16
Repeats           : 1
Threshold used    : 1.0000
--- Timing (worst rank) ---
Baseline   min/med/max : 6.2877 / 6.3951 / 6.5698  ms
Baseline   GFLOPS (med): 6983.6682  (min 6797.9481, max 7102.8981)
Protected  min/med/max : 6.8335 / 6.9520 / 7.4982  ms
Protected  GFLOPS (med): 6424.1594  (min 5956.2616, max 6535.5433)
Overhead (median)      : 8.7094 %
--- Confusion Matrix (global) ---
TP / TN / FP / FN     : 0 / 320 / 0 / 0
Recall                : 0.0000
Detection precision   : 0.0000
Correction precision  : 0.0000 %
==================================================


=== C1 B1 always 2816^3
=== ABFT GEMM (cuBLAS, online pipelined) ===
Mode           : online_loc  (inject=none)
M x K x N      : 2816 x 2816 x 2816
Process grid   : 1 x 2  (world=2)
Frags per rank : 8
Repeats        : 1
Samples        : 20
Threshold      : 1 (override)
Encoding       : overlap
Localization   : every fragment (deployment)
GPUs visible   : 2

[Rank 0] 20 timed trials × 1 iters/trial

========== EXPERIMENT METRICS (global) ==========
Mode              : online_loc / inject=none
M x K x N         : 2816 x 2816 x 2816
Process grid      : 1 x 2
Frags per rank    : 8
Total fragments   : 16
Repeats           : 1
Threshold used    : 1.0000
--- Timing (worst rank) ---
Baseline   min/med/max : 6.3882 / 6.4952 / 6.8752  ms
Baseline   GFLOPS (med): 6876.0077  (min 6495.9784, max 6991.1096)
Protected  min/med/max : 6.9331 / 7.0214 / 7.3042  ms
Protected  GFLOPS (med): 6360.6864  (min 6114.3793, max 6441.7249)
Overhead (median)      : 8.1017 %
--- Confusion Matrix (global) ---
TP / TN / FP / FN     : 0 / 320 / 0 / 0
Recall                : 0.0000
Detection precision   : 0.0000
Correction precision  : 0.0000 %
==================================================


=== C1 B2 always 2816^3
=== ABFT GEMM (cuBLAS, online pipelined) ===
Mode           : online_loc  (inject=none)
M x K x N      : 2816 x 2816 x 2816
Process grid   : 1 x 2  (world=2)
Frags per rank : 8
Repeats        : 1
Samples        : 20
Threshold      : 1 (override)
Encoding       : overlap
Localization   : every fragment (deployment)
GPUs visible   : 2

[Rank 0] 20 timed trials × 1 iters/trial

========== EXPERIMENT METRICS (global) ==========
Mode              : online_loc / inject=none
M x K x N         : 2816 x 2816 x 2816
Process grid      : 1 x 2
Frags per rank    : 8
Total fragments   : 16
Repeats           : 1
Threshold used    : 1.0000
--- Timing (worst rank) ---
Baseline   min/med/max : 6.3880 / 6.4840 / 6.6000  ms
Baseline   GFLOPS (med): 6887.8275  (min 6766.7623, max 6991.3362)
Protected  min/med/max : 6.8466 / 6.9869 / 7.3539  ms
Protected  GFLOPS (med): 6392.0604  (min 6073.1145, max 6523.0967)
Overhead (median)      : 7.7560 %
--- Confusion Matrix (global) ---
TP / TN / FP / FN     : 0 / 320 / 0 / 0
Recall                : 0.0000
Detection precision   : 0.0000
Correction precision  : 0.0000 %
==================================================


=== C1 A2 detect 2816^3
=== ABFT GEMM (cuBLAS, online pipelined) ===
Mode           : online  (inject=none)
M x K x N      : 2816 x 2816 x 2816
Process grid   : 1 x 2  (world=2)
Frags per rank : 8
Repeats        : 1
Samples        : 20
Threshold      : 1 (override)
Encoding       : overlap
Localization   : only with injection
GPUs visible   : 2

[Rank 0] 20 timed trials × 1 iters/trial

========== EXPERIMENT METRICS (global) ==========
Mode              : online / inject=none
M x K x N         : 2816 x 2816 x 2816
Process grid      : 1 x 2
Frags per rank    : 8
Total fragments   : 16
Repeats           : 1
Threshold used    : 1.0000
--- Timing (worst rank) ---
Baseline   min/med/max : 6.3897 / 6.4600 / 7.0070  ms
Baseline   GFLOPS (med): 6913.4585  (min 6373.7282, max 6989.4783)
Protected  min/med/max : 6.8572 / 7.0180 / 7.1159  ms
Protected  GFLOPS (med): 6363.7426  (min 6276.2052, max 6512.9713)
Overhead (median)      : 8.6382 %
--- Confusion Matrix (global) ---
TP / TN / FP / FN     : 0 / 320 / 0 / 0
Recall                : 0.0000
Detection precision   : 0.0000
Correction precision  : 0.0000 %
==================================================


=== C1 fault 2816^3
=== ABFT GEMM (cuBLAS, online pipelined) ===
Mode           : online  (inject=add)
M x K x N      : 2816 x 2816 x 2816
Process grid   : 1 x 2  (world=2)
Frags per rank : 8
Repeats        : 1
Samples        : 20
Threshold      : 1 (override)
Encoding       : overlap
Localization   : only with injection
GPUs visible   : 2

[Rank 0] 20 timed trials × 1 iters/trial

========== EXPERIMENT METRICS (global) ==========
Mode              : online / inject=add
M x K x N         : 2816 x 2816 x 2816
Process grid      : 1 x 2
Frags per rank    : 8
Total fragments   : 16
Repeats           : 1
Threshold used    : 1.0000
--- Timing (worst rank) ---
Baseline   min/med/max : 6.2960 / 6.4613 / 6.6765  ms
Baseline   GFLOPS (med): 6912.1093  (min 6689.3037, max 7093.5896)
Protected  min/med/max : 7.2316 / 7.7290 / 8.6591  ms
Protected  GFLOPS (med): 5778.3352  (min 5157.7133, max 6175.8311)
Overhead (median)      : 19.6211 %
--- Confusion Matrix (global) ---
TP / TN / FP / FN     : 40 / 280 / 0 / 0
Recall                : 1.0000
Detection precision   : 1.0000
Correction precision  : 0.0000 %
==================================================


=== C1 baseline 3072^3
=== ABFT GEMM (cuBLAS, online pipelined) ===
Mode           : baseline  (inject=none)
M x K x N      : 3072 x 3072 x 3072
Process grid   : 1 x 2  (world=2)
Frags per rank : 8
Repeats        : 1
Samples        : 20
Threshold      : (per-fragment, formula)
GPUs visible   : 2


========== EXPERIMENT METRICS (global) ==========
Mode              : BASELINE
M x K x N         : 3072 x 3072 x 3072
Process grid      : 1 x 2
Frags per rank    : 8
Total fragments   : 16
Repeats           : 1
Threshold used    : 63.2983
--- Timing (worst rank) ---
Baseline   min/med/max : 6.9152 / 7.0409 / 7.1931  ms
Baseline   GFLOPS (med): 8235.0608  (min 8060.8077, max 8384.6765)
Protected  min/med/max : 6.9152 / 7.0409 / 7.1931  ms
Protected  GFLOPS (med): 8235.0608  (min 8060.8077, max 8384.6765)
Overhead (median)      : 0.0000 %
--- Confusion Matrix (global) ---
TP / TN / FP / FN     : 0 / 320 / 0 / 0
Recall                : 0.0000
Detection precision   : 0.0000
Correction precision  : 0.0000 %
==================================================


=== C1 A1 detect 3072^3
=== ABFT GEMM (cuBLAS, online pipelined) ===
Mode           : online  (inject=none)
M x K x N      : 3072 x 3072 x 3072
Process grid   : 1 x 2  (world=2)
Frags per rank : 8
Repeats        : 1
Samples        : 20
Threshold      : 1 (override)
Encoding       : overlap
Localization   : only with injection
GPUs visible   : 2

[Rank 0] 20 timed trials × 1 iters/trial

========== EXPERIMENT METRICS (global) ==========
Mode              : online / inject=none
M x K x N         : 3072 x 3072 x 3072
Process grid      : 1 x 2
Frags per rank    : 8
Total fragments   : 16
Repeats           : 1
Threshold used    : 1.0000
--- Timing (worst rank) ---
Baseline   min/med/max : 6.9563 / 7.0824 / 7.2738  ms
Baseline   GFLOPS (med): 8186.8216  (min 7971.3408, max 8335.2022)
Protected  min/med/max : 9.3795 / 9.7850 / 10.5002  ms
Protected  GFLOPS (med): 5925.6021  (min 5521.9767, max 6181.7883)
Overhead (median)      : 38.1602 %
--- Confusion Matrix (global) ---
TP / TN / FP / FN     : 0 / 320 / 0 / 0
Recall                : 0.0000
Detection precision   : 0.0000
Correction precision  : 0.0000 %
==================================================


=== C1 B1 always 3072^3
=== ABFT GEMM (cuBLAS, online pipelined) ===
Mode           : online_loc  (inject=none)
M x K x N      : 3072 x 3072 x 3072
Process grid   : 1 x 2  (world=2)
Frags per rank : 8
Repeats        : 1
Samples        : 20
Threshold      : 1 (override)
Encoding       : overlap
Localization   : every fragment (deployment)
GPUs visible   : 2

[Rank 0] 20 timed trials × 1 iters/trial

========== EXPERIMENT METRICS (global) ==========
Mode              : online_loc / inject=none
M x K x N         : 3072 x 3072 x 3072
Process grid      : 1 x 2
Frags per rank    : 8
Total fragments   : 16
Repeats           : 1
Threshold used    : 1.0000
--- Timing (worst rank) ---
Baseline   min/med/max : 7.0438 / 7.1309 / 7.6329  ms
Baseline   GFLOPS (med): 8131.0529  (min 7596.3709, max 8231.6984)
Protected  min/med/max : 9.4220 / 9.8307 / 10.3758  ms
Protected  GFLOPS (med): 5898.0606  (min 5588.1986, max 6153.8811)
Overhead (median)      : 37.8598 %
--- Confusion Matrix (global) ---
TP / TN / FP / FN     : 0 / 320 / 0 / 0
Recall                : 0.0000
Detection precision   : 0.0000
Correction precision  : 0.0000 %
==================================================


=== C1 B2 always 3072^3
=== ABFT GEMM (cuBLAS, online pipelined) ===
Mode           : online_loc  (inject=none)
M x K x N      : 3072 x 3072 x 3072
Process grid   : 1 x 2  (world=2)
Frags per rank : 8
Repeats        : 1
Samples        : 20
Threshold      : 1 (override)
Encoding       : overlap
Localization   : every fragment (deployment)
GPUs visible   : 2

[Rank 0] 20 timed trials × 1 iters/trial

========== EXPERIMENT METRICS (global) ==========
Mode              : online_loc / inject=none
M x K x N         : 3072 x 3072 x 3072
Process grid      : 1 x 2
Frags per rank    : 8
Total fragments   : 16
Repeats           : 1
Threshold used    : 1.0000
--- Timing (worst rank) ---
Baseline   min/med/max : 6.9506 / 7.0683 / 7.2032  ms
Baseline   GFLOPS (med): 8203.0937  (min 8049.5252, max 8342.0221)
Protected  min/med/max : 9.6202 / 9.8285 / 10.4653  ms
Protected  GFLOPS (med): 5899.3670  (min 5540.4312, max 6027.1119)
Overhead (median)      : 39.0504 %
--- Confusion Matrix (global) ---
TP / TN / FP / FN     : 0 / 320 / 0 / 0
Recall                : 0.0000
Detection precision   : 0.0000
Correction precision  : 0.0000 %
==================================================


=== C1 A2 detect 3072^3
=== ABFT GEMM (cuBLAS, online pipelined) ===
Mode           : online  (inject=none)
M x K x N      : 3072 x 3072 x 3072
Process grid   : 1 x 2  (world=2)
Frags per rank : 8
Repeats        : 1
Samples        : 20
Threshold      : 1 (override)
Encoding       : overlap
Localization   : only with injection
GPUs visible   : 2

[Rank 0] 20 timed trials × 1 iters/trial

========== EXPERIMENT METRICS (global) ==========
Mode              : online / inject=none
M x K x N         : 3072 x 3072 x 3072
Process grid      : 1 x 2
Frags per rank    : 8
Total fragments   : 16
Repeats           : 1
Threshold used    : 1.0000
--- Timing (worst rank) ---
Baseline   min/med/max : 6.9540 / 7.1571 / 7.7184  ms
Baseline   GFLOPS (med): 8101.3579  (min 7512.1931, max 8337.9566)
Protected  min/med/max : 9.6193 / 9.9336 / 10.2967  ms
Protected  GFLOPS (med): 5836.9562  (min 5631.1133, max 6027.6752)
Overhead (median)      : 38.7942 %
--- Confusion Matrix (global) ---
TP / TN / FP / FN     : 0 / 320 / 0 / 0
Recall                : 0.0000
Detection precision   : 0.0000
Correction precision  : 0.0000 %
==================================================


=== C1 fault 3072^3
=== ABFT GEMM (cuBLAS, online pipelined) ===
Mode           : online  (inject=add)
M x K x N      : 3072 x 3072 x 3072
Process grid   : 1 x 2  (world=2)
Frags per rank : 8
Repeats        : 1
Samples        : 20
Threshold      : 1 (override)
Encoding       : overlap
Localization   : only with injection
GPUs visible   : 2

[Rank 0] 20 timed trials × 1 iters/trial

========== EXPERIMENT METRICS (global) ==========
Mode              : online / inject=add
M x K x N         : 3072 x 3072 x 3072
Process grid      : 1 x 2
Frags per rank    : 8
Total fragments   : 16
Repeats           : 1
Threshold used    : 1.0000
--- Timing (worst rank) ---
Baseline   min/med/max : 6.9699 / 7.0727 / 7.1404  ms
Baseline   GFLOPS (med): 8198.0032  (min 8120.2850, max 8318.9106)
Protected  min/med/max : 10.0073 / 10.5698 / 11.9462  ms
Protected  GFLOPS (med): 5485.6121  (min 4853.6127, max 5793.9988)
Overhead (median)      : 49.4456 %
--- Confusion Matrix (global) ---
TP / TN / FP / FN     : 40 / 280 / 0 / 0
Recall                : 1.0000
Detection precision   : 1.0000
Correction precision  : 0.0000 %
==================================================


=== C1 baseline 3328^3
=== ABFT GEMM (cuBLAS, online pipelined) ===
Mode           : baseline  (inject=none)
M x K x N      : 3328 x 3328 x 3328
Process grid   : 1 x 2  (world=2)
Frags per rank : 8
Repeats        : 1
Samples        : 20
Threshold      : (per-fragment, formula)
GPUs visible   : 2


========== EXPERIMENT METRICS (global) ==========
Mode              : BASELINE
M x K x N         : 3328 x 3328 x 3328
Process grid      : 1 x 2
Frags per rank    : 8
Total fragments   : 16
Repeats           : 1
Threshold used    : 81.5065
--- Timing (worst rank) ---
Baseline   min/med/max : 12.2955 / 12.3277 / 12.3644  ms
Baseline   GFLOPS (med): 5979.9750  (min 5962.2180, max 5995.6108)
Protected  min/med/max : 12.2955 / 12.3277 / 12.3644  ms
Protected  GFLOPS (med): 5979.9750  (min 5962.2180, max 5995.6108)
Overhead (median)      : 0.0000 %
--- Confusion Matrix (global) ---
TP / TN / FP / FN     : 0 / 320 / 0 / 0
Recall                : 0.0000
Detection precision   : 0.0000
Correction precision  : 0.0000 %
==================================================


=== C1 A1 detect 3328^3
=== ABFT GEMM (cuBLAS, online pipelined) ===
Mode           : online  (inject=none)
M x K x N      : 3328 x 3328 x 3328
Process grid   : 1 x 2  (world=2)
Frags per rank : 8
Repeats        : 1
Samples        : 20
Threshold      : 1 (override)
Encoding       : overlap
Localization   : only with injection
GPUs visible   : 2

[Rank 0] 20 timed trials × 1 iters/trial

========== EXPERIMENT METRICS (global) ==========
Mode              : online / inject=none
M x K x N         : 3328 x 3328 x 3328
Process grid      : 1 x 2
Frags per rank    : 8
Total fragments   : 16
Repeats           : 1
Threshold used    : 1.0000
--- Timing (worst rank) ---
Baseline   min/med/max : 12.2464 / 12.5117 / 13.7395  ms
Baseline   GFLOPS (med): 5892.0111  (min 5365.4679, max 6019.6483)
Protected  min/med/max : 13.2376 / 13.4894 / 14.2987  ms
Protected  GFLOPS (med): 5464.9491  (min 5155.6518, max 5568.9029)
Overhead (median)      : 7.8146 %
--- Confusion Matrix (global) ---
TP / TN / FP / FN     : 0 / 320 / 0 / 0
Recall                : 0.0000
Detection precision   : 0.0000
Correction precision  : 0.0000 %
==================================================


=== C1 B1 always 3328^3
=== ABFT GEMM (cuBLAS, online pipelined) ===
Mode           : online_loc  (inject=none)
M x K x N      : 3328 x 3328 x 3328
Process grid   : 1 x 2  (world=2)
Frags per rank : 8
Repeats        : 1
Samples        : 20
Threshold      : 1 (override)
Encoding       : overlap
Localization   : every fragment (deployment)
GPUs visible   : 2

[Rank 0] 20 timed trials × 1 iters/trial

========== EXPERIMENT METRICS (global) ==========
Mode              : online_loc / inject=none
M x K x N         : 3328 x 3328 x 3328
Process grid      : 1 x 2
Frags per rank    : 8
Total fragments   : 16
Repeats           : 1
Threshold used    : 1.0000
--- Timing (worst rank) ---
Baseline   min/med/max : 12.2880 / 13.1194 / 13.9944  ms
Baseline   GFLOPS (med): 5619.0885  (min 5267.7385, max 5999.2727)
Protected  min/med/max : 13.1680 / 13.6116 / 14.4765  ms
Protected  GFLOPS (med): 5415.8869  (min 5092.3214, max 5598.3315)
Overhead (median)      : 3.7520 %
--- Confusion Matrix (global) ---
TP / TN / FP / FN     : 0 / 320 / 0 / 0
Recall                : 0.0000
Detection precision   : 0.0000
Correction precision  : 0.0000 %
==================================================


=== C1 B2 always 3328^3
=== ABFT GEMM (cuBLAS, online pipelined) ===
Mode           : online_loc  (inject=none)
M x K x N      : 3328 x 3328 x 3328
Process grid   : 1 x 2  (world=2)
Frags per rank : 8
Repeats        : 1
Samples        : 20
Threshold      : 1 (override)
Encoding       : overlap
Localization   : every fragment (deployment)
GPUs visible   : 2

[Rank 0] 20 timed trials × 1 iters/trial

========== EXPERIMENT METRICS (global) ==========
Mode              : online_loc / inject=none
M x K x N         : 3328 x 3328 x 3328
Process grid      : 1 x 2
Frags per rank    : 8
Total fragments   : 16
Repeats           : 1
Threshold used    : 1.0000
--- Timing (worst rank) ---
Baseline   min/med/max : 12.2874 / 12.3996 / 14.0773  ms
Baseline   GFLOPS (med): 5945.2718  (min 5236.7266, max 5999.5622)
Protected  min/med/max : 13.2277 / 13.8429 / 14.3294  ms
Protected  GFLOPS (med): 5325.3912  (min 5144.6147, max 5573.0990)
Overhead (median)      : 11.6401 %
--- Confusion Matrix (global) ---
TP / TN / FP / FN     : 0 / 320 / 0 / 0
Recall                : 0.0000
Detection precision   : 0.0000
Correction precision  : 0.0000 %
==================================================


=== C1 A2 detect 3328^3
=== ABFT GEMM (cuBLAS, online pipelined) ===
Mode           : online  (inject=none)
M x K x N      : 3328 x 3328 x 3328
Process grid   : 1 x 2  (world=2)
Frags per rank : 8
Repeats        : 1
Samples        : 20
Threshold      : 1 (override)
Encoding       : overlap
Localization   : only with injection
GPUs visible   : 2

[Rank 0] 20 timed trials × 1 iters/trial

========== EXPERIMENT METRICS (global) ==========
Mode              : online / inject=none
M x K x N         : 3328 x 3328 x 3328
Process grid      : 1 x 2
Frags per rank    : 8
Total fragments   : 16
Repeats           : 1
Threshold used    : 1.0000
--- Timing (worst rank) ---
Baseline   min/med/max : 12.2925 / 12.4201 / 13.6682  ms
Baseline   GFLOPS (med): 5935.4727  (min 5393.4922, max 5997.0614)
Protected  min/med/max : 12.9289 / 13.5528 / 14.3886  ms
Protected  GFLOPS (med): 5439.3866  (min 5123.4339, max 5701.8822)
Overhead (median)      : 9.1203 %
--- Confusion Matrix (global) ---
TP / TN / FP / FN     : 0 / 320 / 0 / 0
Recall                : 0.0000
Detection precision   : 0.0000
Correction precision  : 0.0000 %
==================================================


=== C1 fault 3328^3
=== ABFT GEMM (cuBLAS, online pipelined) ===
Mode           : online  (inject=add)
M x K x N      : 3328 x 3328 x 3328
Process grid   : 1 x 2  (world=2)
Frags per rank : 8
Repeats        : 1
Samples        : 20
Threshold      : 1 (override)
Encoding       : overlap
Localization   : only with injection
GPUs visible   : 2

[Rank 0] 20 timed trials × 1 iters/trial

========== EXPERIMENT METRICS (global) ==========
Mode              : online / inject=add
M x K x N         : 3328 x 3328 x 3328
Process grid      : 1 x 2
Frags per rank    : 8
Total fragments   : 16
Repeats           : 1
Threshold used    : 1.0000
--- Timing (worst rank) ---
Baseline   min/med/max : 12.2999 / 12.3443 / 14.0762  ms
Baseline   GFLOPS (med): 5971.9209  (min 5237.1388, max 5993.4583)
Protected  min/med/max : 13.4575 / 14.1041 / 15.1289  ms
Protected  GFLOPS (med): 5226.7838  (min 4872.7360, max 5477.9306)
Overhead (median)      : 14.2561 %
--- Confusion Matrix (global) ---
TP / TN / FP / FN     : 40 / 280 / 0 / 0
Recall                : 1.0000
Detection precision   : 1.0000
Correction precision  : 0.0000 %
==================================================


=== C1 baseline 3584^3
=== ABFT GEMM (cuBLAS, online pipelined) ===
Mode           : baseline  (inject=none)
M x K x N      : 3584 x 3584 x 3584
Process grid   : 1 x 2  (world=2)
Frags per rank : 8
Repeats        : 1
Samples        : 20
Threshold      : (per-fragment, formula)
GPUs visible   : 2


========== EXPERIMENT METRICS (global) ==========
Mode              : BASELINE
M x K x N         : 3584 x 3584 x 3584
Process grid      : 1 x 2
Frags per rank    : 8
Total fragments   : 16
Repeats           : 1
Threshold used    : 99.6650
--- Timing (worst rank) ---
Baseline   min/med/max : 13.3629 / 13.4235 / 13.9323  ms
Baseline   GFLOPS (med): 6859.0979  (min 6608.6228, max 6890.2452)
Protected  min/med/max : 13.3629 / 13.4235 / 13.9323  ms
Protected  GFLOPS (med): 6859.0979  (min 6608.6228, max 6890.2452)
Overhead (median)      : 0.0000 %
--- Confusion Matrix (global) ---
TP / TN / FP / FN     : 0 / 320 / 0 / 0
Recall                : 0.0000
Detection precision   : 0.0000
Correction precision  : 0.0000 %
==================================================


=== C1 A1 detect 3584^3
=== ABFT GEMM (cuBLAS, online pipelined) ===
Mode           : online  (inject=none)
M x K x N      : 3584 x 3584 x 3584
Process grid   : 1 x 2  (world=2)
Frags per rank : 8
Repeats        : 1
Samples        : 20
Threshold      : 1 (override)
Encoding       : overlap
Localization   : only with injection
GPUs visible   : 2

[Rank 0] 20 timed trials × 1 iters/trial

========== EXPERIMENT METRICS (global) ==========
Mode              : online / inject=none
M x K x N         : 3584 x 3584 x 3584
Process grid      : 1 x 2
Frags per rank    : 8
Total fragments   : 16
Repeats           : 1
Threshold used    : 1.0000
--- Timing (worst rank) ---
Baseline   min/med/max : 13.4126 / 14.8756 / 15.4491  ms
Baseline   GFLOPS (med): 6189.5761  (min 5959.7934, max 6864.6890)
Protected  min/med/max : 14.6280 / 15.5527 / 15.8098  ms
Protected  GFLOPS (med): 5920.0768  (min 5823.8304, max 6294.3044)
Overhead (median)      : 4.5523 %
--- Confusion Matrix (global) ---
TP / TN / FP / FN     : 0 / 320 / 0 / 0
Recall                : 0.0000
Detection precision   : 0.0000
Correction precision  : 0.0000 %
==================================================


=== C1 B1 always 3584^3
=== ABFT GEMM (cuBLAS, online pipelined) ===
Mode           : online_loc  (inject=none)
M x K x N      : 3584 x 3584 x 3584
Process grid   : 1 x 2  (world=2)
Frags per rank : 8
Repeats        : 1
Samples        : 20
Threshold      : 1 (override)
Encoding       : overlap
Localization   : every fragment (deployment)
GPUs visible   : 2

[Rank 0] 20 timed trials × 1 iters/trial

========== EXPERIMENT METRICS (global) ==========
Mode              : online_loc / inject=none
M x K x N         : 3584 x 3584 x 3584
Process grid      : 1 x 2
Frags per rank    : 8
Total fragments   : 16
Repeats           : 1
Threshold used    : 1.0000
--- Timing (worst rank) ---
Baseline   min/med/max : 13.4918 / 14.9962 / 15.2805  ms
Baseline   GFLOPS (med): 6139.7738  (min 6025.5570, max 6824.3876)
Protected  min/med/max : 14.5255 / 15.6212 / 15.8831  ms
Protected  GFLOPS (med): 5894.1150  (min 5796.9215, max 6338.7282)
Overhead (median)      : 4.1679 %
--- Confusion Matrix (global) ---
TP / TN / FP / FN     : 0 / 320 / 0 / 0
Recall                : 0.0000
Detection precision   : 0.0000
Correction precision  : 0.0000 %
==================================================


=== C1 B2 always 3584^3
=== ABFT GEMM (cuBLAS, online pipelined) ===
Mode           : online_loc  (inject=none)
M x K x N      : 3584 x 3584 x 3584
Process grid   : 1 x 2  (world=2)
Frags per rank : 8
Repeats        : 1
Samples        : 20
Threshold      : 1 (override)
Encoding       : overlap
Localization   : every fragment (deployment)
GPUs visible   : 2

[Rank 0] 20 timed trials × 1 iters/trial

========== EXPERIMENT METRICS (global) ==========
Mode              : online_loc / inject=none
M x K x N         : 3584 x 3584 x 3584
Process grid      : 1 x 2
Frags per rank    : 8
Total fragments   : 16
Repeats           : 1
Threshold used    : 1.0000
--- Timing (worst rank) ---
Baseline   min/med/max : 13.4803 / 14.8174 / 15.4467  ms
Baseline   GFLOPS (med): 6213.8818  (min 5960.7283, max 6830.2409)
Protected  min/med/max : 14.5554 / 15.3194 / 15.9773  ms
Protected  GFLOPS (med): 6010.2408  (min 5762.7758, max 6325.7223)
Overhead (median)      : 3.3882 %
--- Confusion Matrix (global) ---
TP / TN / FP / FN     : 0 / 320 / 0 / 0
Recall                : 0.0000
Detection precision   : 0.0000
Correction precision  : 0.0000 %
==================================================


=== C1 A2 detect 3584^3
=== ABFT GEMM (cuBLAS, online pipelined) ===
Mode           : online  (inject=none)
M x K x N      : 3584 x 3584 x 3584
Process grid   : 1 x 2  (world=2)
Frags per rank : 8
Repeats        : 1
Samples        : 20
Threshold      : 1 (override)
Encoding       : overlap
Localization   : only with injection
GPUs visible   : 2

[Rank 0] 20 timed trials × 1 iters/trial

========== EXPERIMENT METRICS (global) ==========
Mode              : online / inject=none
M x K x N         : 3584 x 3584 x 3584
Process grid      : 1 x 2
Frags per rank    : 8
Total fragments   : 16
Repeats           : 1
Threshold used    : 1.0000
--- Timing (worst rank) ---
Baseline   min/med/max : 13.3927 / 14.6470 / 15.3266  ms
Baseline   GFLOPS (med): 6286.1682  (min 6007.4095, max 6874.8886)
Protected  min/med/max : 14.5438 / 15.5135 / 15.8313  ms
Protected  GFLOPS (med): 5935.0568  (min 5815.9183, max 6330.7724)
Overhead (median)      : 5.9159 %
--- Confusion Matrix (global) ---
TP / TN / FP / FN     : 0 / 320 / 0 / 0
Recall                : 0.0000
Detection precision   : 0.0000
Correction precision  : 0.0000 %
==================================================


=== C1 fault 3584^3
=== ABFT GEMM (cuBLAS, online pipelined) ===
Mode           : online  (inject=add)
M x K x N      : 3584 x 3584 x 3584
Process grid   : 1 x 2  (world=2)
Frags per rank : 8
Repeats        : 1
Samples        : 20
Threshold      : 1 (override)
Encoding       : overlap
Localization   : only with injection
GPUs visible   : 2

[Rank 0] 20 timed trials × 1 iters/trial

========== EXPERIMENT METRICS (global) ==========
Mode              : online / inject=add
M x K x N         : 3584 x 3584 x 3584
Process grid      : 1 x 2
Frags per rank    : 8
Total fragments   : 16
Repeats           : 1
Threshold used    : 1.0000
--- Timing (worst rank) ---
Baseline   min/med/max : 13.4358 / 14.6709 / 15.4327  ms
Baseline   GFLOPS (med): 6275.9015  (min 5966.1276, max 6852.8161)
Protected  min/med/max : 14.5682 / 15.6201 / 16.5916  ms
Protected  GFLOPS (med): 5894.5452  (min 5549.3825, max 6320.1570)
Overhead (median)      : 6.4696 %
--- Confusion Matrix (global) ---
TP / TN / FP / FN     : 40 / 280 / 0 / 0
Recall                : 1.0000
Detection precision   : 1.0000
Correction precision  : 0.0000 %
==================================================


=== C1 baseline 3840^3
=== ABFT GEMM (cuBLAS, online pipelined) ===
Mode           : baseline  (inject=none)
M x K x N      : 3840 x 3840 x 3840
Process grid   : 1 x 2  (world=2)
Frags per rank : 8
Repeats        : 1
Samples        : 20
Threshold      : (per-fragment, formula)
GPUs visible   : 2


========== EXPERIMENT METRICS (global) ==========
Mode              : BASELINE
M x K x N         : 3840 x 3840 x 3840
Process grid      : 1 x 2
Frags per rank    : 8
Total fragments   : 16
Repeats           : 1
Threshold used    : 122.6737
--- Timing (worst rank) ---
Baseline   min/med/max : 15.3495 / 15.9914 / 16.5747  ms
Baseline   GFLOPS (med): 7081.7046  (min 6832.4753, max 7377.8454)
Protected  min/med/max : 15.3495 / 15.9914 / 16.5747  ms
Protected  GFLOPS (med): 7081.7046  (min 6832.4753, max 7377.8454)
Overhead (median)      : 0.0000 %
--- Confusion Matrix (global) ---
TP / TN / FP / FN     : 0 / 320 / 0 / 0
Recall                : 0.0000
Detection precision   : 0.0000
Correction precision  : 0.0000 %
==================================================


=== C1 A1 detect 3840^3
=== ABFT GEMM (cuBLAS, online pipelined) ===
Mode           : online  (inject=none)
M x K x N      : 3840 x 3840 x 3840
Process grid   : 1 x 2  (world=2)
Frags per rank : 8
Repeats        : 1
Samples        : 20
Threshold      : 1 (override)
Encoding       : overlap
Localization   : only with injection
GPUs visible   : 2

[Rank 0] 20 timed trials × 1 iters/trial

========== EXPERIMENT METRICS (global) ==========
Mode              : online / inject=none
M x K x N         : 3840 x 3840 x 3840
Process grid      : 1 x 2
Frags per rank    : 8
Total fragments   : 16
Repeats           : 1
Threshold used    : 1.0000
--- Timing (worst rank) ---
Baseline   min/med/max : 16.0998 / 16.5056 / 16.6287  ms
Baseline   GFLOPS (med): 6861.0746  (min 6810.2974, max 7034.0208)
Protected  min/med/max : 16.5560 / 17.0099 / 17.3609  ms
Protected  GFLOPS (med): 6657.6473  (min 6523.0526, max 6840.1926)
Overhead (median)      : 3.0555 %
--- Confusion Matrix (global) ---
TP / TN / FP / FN     : 0 / 320 / 0 / 0
Recall                : 0.0000
Detection precision   : 0.0000
Correction precision  : 0.0000 %
==================================================


=== C1 B1 always 3840^3
=== ABFT GEMM (cuBLAS, online pipelined) ===
Mode           : online_loc  (inject=none)
M x K x N      : 3840 x 3840 x 3840
Process grid   : 1 x 2  (world=2)
Frags per rank : 8
Repeats        : 1
Samples        : 20
Threshold      : 1 (override)
Encoding       : overlap
Localization   : every fragment (deployment)
GPUs visible   : 2

[Rank 0] 20 timed trials × 1 iters/trial

========== EXPERIMENT METRICS (global) ==========
Mode              : online_loc / inject=none
M x K x N         : 3840 x 3840 x 3840
Process grid      : 1 x 2
Frags per rank    : 8
Total fragments   : 16
Repeats           : 1
Threshold used    : 1.0000
--- Timing (worst rank) ---
Baseline   min/med/max : 16.1488 / 16.4817 / 16.7600  ms
Baseline   GFLOPS (med): 6871.0176  (min 6756.9397, max 7012.6619)
Protected  min/med/max : 16.7338 / 17.0742 / 17.6671  ms
Protected  GFLOPS (med): 6632.6017  (min 6409.9881, max 6767.5243)
Overhead (median)      : 3.5946 %
--- Confusion Matrix (global) ---
TP / TN / FP / FN     : 0 / 320 / 0 / 0
Recall                : 0.0000
Detection precision   : 0.0000
Correction precision  : 0.0000 %
==================================================


=== C1 B2 always 3840^3
=== ABFT GEMM (cuBLAS, online pipelined) ===
Mode           : online_loc  (inject=none)
M x K x N      : 3840 x 3840 x 3840
Process grid   : 1 x 2  (world=2)
Frags per rank : 8
Repeats        : 1
Samples        : 20
Threshold      : 1 (override)
Encoding       : overlap
Localization   : every fragment (deployment)
GPUs visible   : 2

[Rank 0] 20 timed trials × 1 iters/trial

========== EXPERIMENT METRICS (global) ==========
Mode              : online_loc / inject=none
M x K x N         : 3840 x 3840 x 3840
Process grid      : 1 x 2
Frags per rank    : 8
Total fragments   : 16
Repeats           : 1
Threshold used    : 1.0000
--- Timing (worst rank) ---
Baseline   min/med/max : 16.3028 / 16.5227 / 16.6699  ms
Baseline   GFLOPS (med): 6853.9917  (min 6793.4440, max 6946.4260)
Protected  min/med/max : 16.7093 / 17.1067 / 19.1904  ms
Protected  GFLOPS (med): 6619.9725  (min 5901.1854, max 6777.4293)
Overhead (median)      : 3.5350 %
--- Confusion Matrix (global) ---
TP / TN / FP / FN     : 0 / 320 / 0 / 0
Recall                : 0.0000
Detection precision   : 0.0000
Correction precision  : 0.0000 %
==================================================


=== C1 A2 detect 3840^3
=== ABFT GEMM (cuBLAS, online pipelined) ===
Mode           : online  (inject=none)
M x K x N      : 3840 x 3840 x 3840
Process grid   : 1 x 2  (world=2)
Frags per rank : 8
Repeats        : 1
Samples        : 20
Threshold      : 1 (override)
Encoding       : overlap
Localization   : only with injection
GPUs visible   : 2

[Rank 0] 20 timed trials × 1 iters/trial

========== EXPERIMENT METRICS (global) ==========
Mode              : online / inject=none
M x K x N         : 3840 x 3840 x 3840
Process grid      : 1 x 2
Frags per rank    : 8
Total fragments   : 16
Repeats           : 1
Threshold used    : 1.0000
--- Timing (worst rank) ---
Baseline   min/med/max : 16.2932 / 16.4606 / 16.6993  ms
Baseline   GFLOPS (med): 6879.8268  (min 6781.4972, max 6950.5248)
Protected  min/med/max : 16.4306 / 17.0215 / 17.5028  ms
Protected  GFLOPS (med): 6653.1469  (min 6470.1611, max 6892.3968)
Overhead (median)      : 3.4071 %
--- Confusion Matrix (global) ---
TP / TN / FP / FN     : 0 / 320 / 0 / 0
Recall                : 0.0000
Detection precision   : 0.0000
Correction precision  : 0.0000 %
==================================================


=== C1 fault 3840^3
=== ABFT GEMM (cuBLAS, online pipelined) ===
Mode           : online  (inject=add)
M x K x N      : 3840 x 3840 x 3840
Process grid   : 1 x 2  (world=2)
Frags per rank : 8
Repeats        : 1
Samples        : 20
Threshold      : 1 (override)
Encoding       : overlap
Localization   : only with injection
GPUs visible   : 2

[Rank 0] 20 timed trials × 1 iters/trial

========== EXPERIMENT METRICS (global) ==========
Mode              : online / inject=add
M x K x N         : 3840 x 3840 x 3840
Process grid      : 1 x 2
Frags per rank    : 8
Total fragments   : 16
Repeats           : 1
Threshold used    : 1.0000
--- Timing (worst rank) ---
Baseline   min/med/max : 16.3214 / 16.4932 / 16.7842  ms
Baseline   GFLOPS (med): 6866.2521  (min 6747.2025, max 6938.4983)
Protected  min/med/max : 17.0684 / 17.2530 / 18.3120  ms
Protected  GFLOPS (med): 6563.8412  (min 6184.2743, max 6634.8578)
Overhead (median)      : 4.6072 %
--- Confusion Matrix (global) ---
TP / TN / FP / FN     : 40 / 280 / 0 / 0
Recall                : 1.0000
Detection precision   : 1.0000
Correction precision  : 0.0000 %
==================================================


=== C1 baseline 4096^3
=== ABFT GEMM (cuBLAS, online pipelined) ===
Mode           : baseline  (inject=none)
M x K x N      : 4096 x 4096 x 4096
Process grid   : 1 x 2  (world=2)
Frags per rank : 8
Repeats        : 1
Samples        : 20
Threshold      : (per-fragment, formula)
GPUs visible   : 2


========== EXPERIMENT METRICS (global) ==========
Mode              : BASELINE
M x K x N         : 4096 x 4096 x 4096
Process grid      : 1 x 2
Frags per rank    : 8
Total fragments   : 16
Repeats           : 1
Threshold used    : 149.4985
--- Timing (worst rank) ---
Baseline   min/med/max : 17.1843 / 17.5154 / 17.8840  ms
Baseline   GFLOPS (med): 7846.7596  (min 7685.0171, max 7997.9317)
Protected  min/med/max : 17.1843 / 17.5154 / 17.8840  ms
Protected  GFLOPS (med): 7846.7596  (min 7685.0171, max 7997.9317)
Overhead (median)      : 0.0000 %
--- Confusion Matrix (global) ---
TP / TN / FP / FN     : 0 / 320 / 0 / 0
Recall                : 0.0000
Detection precision   : 0.0000
Correction precision  : 0.0000 %
==================================================


=== C1 A1 detect 4096^3
=== ABFT GEMM (cuBLAS, online pipelined) ===
Mode           : online  (inject=none)
M x K x N      : 4096 x 4096 x 4096
Process grid   : 1 x 2  (world=2)
Frags per rank : 8
Repeats        : 1
Samples        : 20
Threshold      : 1 (override)
Encoding       : overlap
Localization   : only with injection
GPUs visible   : 2

[Rank 0] 20 timed trials × 1 iters/trial

========== EXPERIMENT METRICS (global) ==========
Mode              : online / inject=none
M x K x N         : 4096 x 4096 x 4096
Process grid      : 1 x 2
Frags per rank    : 8
Total fragments   : 16
Repeats           : 1
Threshold used    : 1.0000
--- Timing (worst rank) ---
Baseline   min/med/max : 17.4241 / 17.7535 / 17.8852  ms
Baseline   GFLOPS (med): 7741.5341  (min 7684.5191, max 7887.8485)
Protected  min/med/max : 18.3362 / 18.5859 / 18.7880  ms
Protected  GFLOPS (med): 7394.8083  (min 7315.2516, max 7495.4818)
Overhead (median)      : 4.6888 %
--- Confusion Matrix (global) ---
TP / TN / FP / FN     : 0 / 320 / 0 / 0
Recall                : 0.0000
Detection precision   : 0.0000
Correction precision  : 0.0000 %
==================================================


=== C1 B1 always 4096^3
=== ABFT GEMM (cuBLAS, online pipelined) ===
Mode           : online_loc  (inject=none)
M x K x N      : 4096 x 4096 x 4096
Process grid   : 1 x 2  (world=2)
Frags per rank : 8
Repeats        : 1
Samples        : 20
Threshold      : 1 (override)
Encoding       : overlap
Localization   : every fragment (deployment)
GPUs visible   : 2

[Rank 0] 20 timed trials × 1 iters/trial

========== EXPERIMENT METRICS (global) ==========
Mode              : online_loc / inject=none
M x K x N         : 4096 x 4096 x 4096
Process grid      : 1 x 2
Frags per rank    : 8
Total fragments   : 16
Repeats           : 1
Threshold used    : 1.0000
--- Timing (worst rank) ---
Baseline   min/med/max : 17.4335 / 17.7001 / 17.9917  ms
Baseline   GFLOPS (med): 7764.8648  (min 7639.0241, max 7883.5995)
Protected  min/med/max : 18.2826 / 18.6637 / 18.9252  ms
Protected  GFLOPS (med): 7363.9691  (min 7262.2355, max 7517.4542)
Overhead (median)      : 5.4440 %
--- Confusion Matrix (global) ---
TP / TN / FP / FN     : 0 / 320 / 0 / 0
Recall                : 0.0000
Detection precision   : 0.0000
Correction precision  : 0.0000 %
==================================================


=== C1 B2 always 4096^3
=== ABFT GEMM (cuBLAS, online pipelined) ===
Mode           : online_loc  (inject=none)
M x K x N      : 4096 x 4096 x 4096
Process grid   : 1 x 2  (world=2)
Frags per rank : 8
Repeats        : 1
Samples        : 20
Threshold      : 1 (override)
Encoding       : overlap
Localization   : every fragment (deployment)
GPUs visible   : 2

[Rank 0] 20 timed trials × 1 iters/trial

========== EXPERIMENT METRICS (global) ==========
Mode              : online_loc / inject=none
M x K x N         : 4096 x 4096 x 4096
Process grid      : 1 x 2
Frags per rank    : 8
Total fragments   : 16
Repeats           : 1
Threshold used    : 1.0000
--- Timing (worst rank) ---
Baseline   min/med/max : 17.8181 / 18.5097 / 19.0832  ms
Baseline   GFLOPS (med): 7425.2398  (min 7202.0802, max 7713.4539)
Protected  min/med/max : 18.6245 / 19.5486 / 20.2069  ms
Protected  GFLOPS (med): 7030.6369  (min 6801.5903, max 7379.4823)
Overhead (median)      : 5.6126 %
--- Confusion Matrix (global) ---
TP / TN / FP / FN     : 0 / 320 / 0 / 0
Recall                : 0.0000
Detection precision   : 0.0000
Correction precision  : 0.0000 %
==================================================


=== C1 A2 detect 4096^3
=== ABFT GEMM (cuBLAS, online pipelined) ===
Mode           : online  (inject=none)
M x K x N      : 4096 x 4096 x 4096
Process grid   : 1 x 2  (world=2)
Frags per rank : 8
Repeats        : 1
Samples        : 20
Threshold      : 1 (override)
Encoding       : overlap
Localization   : only with injection
GPUs visible   : 2

[Rank 0] 20 timed trials × 1 iters/trial

========== EXPERIMENT METRICS (global) ==========
Mode              : online / inject=none
M x K x N         : 4096 x 4096 x 4096
Process grid      : 1 x 2
Frags per rank    : 8
Total fragments   : 16
Repeats           : 1
Threshold used    : 1.0000
--- Timing (worst rank) ---
Baseline   min/med/max : 17.8314 / 18.5588 / 19.1558  ms
Baseline   GFLOPS (med): 7405.5793  (min 7174.7816, max 7707.6989)
Protected  min/med/max : 18.6269 / 19.3582 / 20.2148  ms
Protected  GFLOPS (med): 7099.7781  (min 6798.9252, max 7378.5366)
Overhead (median)      : 4.3072 %
--- Confusion Matrix (global) ---
TP / TN / FP / FN     : 0 / 320 / 0 / 0
Recall                : 0.0000
Detection precision   : 0.0000
Correction precision  : 0.0000 %
==================================================


=== C1 fault 4096^3
=== ABFT GEMM (cuBLAS, online pipelined) ===
Mode           : online  (inject=add)
M x K x N      : 4096 x 4096 x 4096
Process grid   : 1 x 2  (world=2)
Frags per rank : 8
Repeats        : 1
Samples        : 20
Threshold      : 1 (override)
Encoding       : overlap
Localization   : only with injection
GPUs visible   : 2

[Rank 0] 20 timed trials × 1 iters/trial

========== EXPERIMENT METRICS (global) ==========
Mode              : online / inject=add
M x K x N         : 4096 x 4096 x 4096
Process grid      : 1 x 2
Frags per rank    : 8
Total fragments   : 16
Repeats           : 1
Threshold used    : 1.0000
--- Timing (worst rank) ---
Baseline   min/med/max : 17.5342 / 17.9403 / 18.7986  ms
Baseline   GFLOPS (med): 7660.9014  (min 7311.1349, max 7838.3142)
Protected  min/med/max : 18.5209 / 19.2063 / 20.3087  ms
Protected  GFLOPS (med): 7155.9289  (min 6767.4754, max 7420.7548)
Overhead (median)      : 7.0567 %
--- Confusion Matrix (global) ---
TP / TN / FP / FN     : 40 / 280 / 0 / 0
Recall                : 1.0000
Detection precision   : 1.0000
Correction precision  : 0.0000 %
==================================================


=== C1 baseline 4352^3
=== ABFT GEMM (cuBLAS, online pipelined) ===
Mode           : baseline  (inject=none)
M x K x N      : 4352 x 4352 x 4352
Process grid   : 1 x 2  (world=2)
Frags per rank : 8
Repeats        : 1
Samples        : 20
Threshold      : (per-fragment, formula)
GPUs visible   : 2


========== EXPERIMENT METRICS (global) ==========
Mode              : BASELINE
M x K x N         : 4352 x 4352 x 4352
Process grid      : 1 x 2
Frags per rank    : 8
Total fragments   : 16
Repeats           : 1
Threshold used    : 180.0083
--- Timing (worst rank) ---
Baseline   min/med/max : 25.5713 / 25.9372 / 26.9200  ms
Baseline   GFLOPS (med): 6355.8572  (min 6123.8058, max 6446.7905)
Protected  min/med/max : 25.5713 / 25.9372 / 26.9200  ms
Protected  GFLOPS (med): 6355.8572  (min 6123.8058, max 6446.7905)
Overhead (median)      : 0.0000 %
--- Confusion Matrix (global) ---
TP / TN / FP / FN     : 0 / 320 / 0 / 0
Recall                : 0.0000
Detection precision   : 0.0000
Correction precision  : 0.0000 %
==================================================


=== C1 A1 detect 4352^3
=== ABFT GEMM (cuBLAS, online pipelined) ===
Mode           : online  (inject=none)
M x K x N      : 4352 x 4352 x 4352
Process grid   : 1 x 2  (world=2)
Frags per rank : 8
Repeats        : 1
Samples        : 20
Threshold      : 1 (override)
Encoding       : overlap
Localization   : only with injection
GPUs visible   : 2

[Rank 0] 20 timed trials × 1 iters/trial

========== EXPERIMENT METRICS (global) ==========
Mode              : online / inject=none
M x K x N         : 4352 x 4352 x 4352
Process grid      : 1 x 2
Frags per rank    : 8
Total fragments   : 16
Repeats           : 1
Threshold used    : 1.0000
--- Timing (worst rank) ---
Baseline   min/med/max : 26.7520 / 27.3716 / 28.0088  ms
Baseline   GFLOPS (med): 6022.7720  (min 5885.7456, max 6162.2732)
Protected  min/med/max : 27.4588 / 28.2462 / 29.2549  ms
Protected  GFLOPS (med): 5836.2794  (min 5635.0546, max 6003.6404)
Overhead (median)      : 3.1954 %
--- Confusion Matrix (global) ---
TP / TN / FP / FN     : 0 / 320 / 0 / 0
Recall                : 0.0000
Detection precision   : 0.0000
Correction precision  : 0.0000 %
==================================================


=== C1 B1 always 4352^3
=== ABFT GEMM (cuBLAS, online pipelined) ===
Mode           : online_loc  (inject=none)
M x K x N      : 4352 x 4352 x 4352
Process grid   : 1 x 2  (world=2)
Frags per rank : 8
Repeats        : 1
Samples        : 20
Threshold      : 1 (override)
Encoding       : overlap
Localization   : every fragment (deployment)
GPUs visible   : 2

[Rank 0] 20 timed trials × 1 iters/trial

========== EXPERIMENT METRICS (global) ==========
Mode              : online_loc / inject=none
M x K x N         : 4352 x 4352 x 4352
Process grid      : 1 x 2
Frags per rank    : 8
Total fragments   : 16
Repeats           : 1
Threshold used    : 1.0000
--- Timing (worst rank) ---
Baseline   min/med/max : 26.7307 / 28.1671 / 29.1998  ms
Baseline   GFLOPS (med): 5852.6742  (min 5645.6806, max 6167.1734)
Protected  min/med/max : 27.9651 / 29.2912 / 30.1810  ms
Protected  GFLOPS (med): 5628.0783  (min 5462.1359, max 5894.9422)
Overhead (median)      : 3.9906 %
--- Confusion Matrix (global) ---
TP / TN / FP / FN     : 0 / 320 / 0 / 0
Recall                : 0.0000
Detection precision   : 0.0000
Correction precision  : 0.0000 %
==================================================


=== C1 B2 always 4352^3
=== ABFT GEMM (cuBLAS, online pipelined) ===
Mode           : online_loc  (inject=none)
M x K x N      : 4352 x 4352 x 4352
Process grid   : 1 x 2  (world=2)
Frags per rank : 8
Repeats        : 1
Samples        : 20
Threshold      : 1 (override)
Encoding       : overlap
Localization   : every fragment (deployment)
GPUs visible   : 2

[Rank 0] 20 timed trials × 1 iters/trial

========== EXPERIMENT METRICS (global) ==========
Mode              : online_loc / inject=none
M x K x N         : 4352 x 4352 x 4352
Process grid      : 1 x 2
Frags per rank    : 8
Total fragments   : 16
Repeats           : 1
Threshold used    : 1.0000
--- Timing (worst rank) ---
Baseline   min/med/max : 26.8209 / 28.7547 / 29.9444  ms
Baseline   GFLOPS (med): 5733.0805  (min 5505.2924, max 6146.4384)
Protected  min/med/max : 28.7413 / 29.4430 / 30.8189  ms
Protected  GFLOPS (med): 5599.0622  (min 5349.0865, max 5735.7457)
Overhead (median)      : 2.3936 %
--- Confusion Matrix (global) ---
TP / TN / FP / FN     : 0 / 320 / 0 / 0
Recall                : 0.0000
Detection precision   : 0.0000
Correction precision  : 0.0000 %
==================================================


=== C1 A2 detect 4352^3
=== ABFT GEMM (cuBLAS, online pipelined) ===
Mode           : online  (inject=none)
M x K x N      : 4352 x 4352 x 4352
Process grid   : 1 x 2  (world=2)
Frags per rank : 8
Repeats        : 1
Samples        : 20
Threshold      : 1 (override)
Encoding       : overlap
Localization   : only with injection
GPUs visible   : 2

[Rank 0] 20 timed trials × 1 iters/trial

========== EXPERIMENT METRICS (global) ==========
Mode              : online / inject=none
M x K x N         : 4352 x 4352 x 4352
Process grid      : 1 x 2
Frags per rank    : 8
Total fragments   : 16
Repeats           : 1
Threshold used    : 1.0000
--- Timing (worst rank) ---
Baseline   min/med/max : 26.6834 / 27.8681 / 29.4045  ms
Baseline   GFLOPS (med): 5915.4661  (min 5606.3918, max 6178.0998)
Protected  min/med/max : 27.7169 / 29.0856 / 30.4362  ms
Protected  GFLOPS (med): 5667.8552  (min 5416.3417, max 5947.7425)
Overhead (median)      : 4.3687 %
--- Confusion Matrix (global) ---
TP / TN / FP / FN     : 0 / 320 / 0 / 0
Recall                : 0.0000
Detection precision   : 0.0000
Correction precision  : 0.0000 %
==================================================


=== C1 fault 4352^3
=== ABFT GEMM (cuBLAS, online pipelined) ===
Mode           : online  (inject=add)
M x K x N      : 4352 x 4352 x 4352
Process grid   : 1 x 2  (world=2)
Frags per rank : 8
Repeats        : 1
Samples        : 20
Threshold      : 1 (override)
Encoding       : overlap
Localization   : only with injection
GPUs visible   : 2

[Rank 0] 20 timed trials × 1 iters/trial

========== EXPERIMENT METRICS (global) ==========
Mode              : online / inject=add
M x K x N         : 4352 x 4352 x 4352
Process grid      : 1 x 2
Frags per rank    : 8
Total fragments   : 16
Repeats           : 1
Threshold used    : 1.0000
--- Timing (worst rank) ---
Baseline   min/med/max : 27.0135 / 27.9526 / 29.5352  ms
Baseline   GFLOPS (med): 5897.5794  (min 5581.5743, max 6102.6157)
Protected  min/med/max : 27.9154 / 29.9158 / 30.6500  ms
Protected  GFLOPS (med): 5510.5570  (min 5378.5700, max 5905.4376)
Overhead (median)      : 7.0233 %
--- Confusion Matrix (global) ---
TP / TN / FP / FN     : 40 / 280 / 0 / 0
Recall                : 1.0000
Detection precision   : 1.0000
Correction precision  : 0.0000 %
==================================================


=== C1 baseline 4608^3
=== ABFT GEMM (cuBLAS, online pipelined) ===
Mode           : baseline  (inject=none)
M x K x N      : 4608 x 4608 x 4608
Process grid   : 1 x 2  (world=2)
Frags per rank : 8
Repeats        : 1
Samples        : 20
Threshold      : (per-fragment, formula)
GPUs visible   : 2


========== EXPERIMENT METRICS (global) ==========
Mode              : BASELINE
M x K x N         : 4608 x 4608 x 4608
Process grid      : 1 x 2
Frags per rank    : 8
Total fragments   : 16
Repeats           : 1
Threshold used    : 210.8143
--- Timing (worst rank) ---
Baseline   min/med/max : 29.2840 / 29.9817 / 30.7368  ms
Baseline   GFLOPS (med): 6526.9591  (min 6366.6214, max 6682.4612)
Protected  min/med/max : 29.2840 / 29.9817 / 30.7368  ms
Protected  GFLOPS (med): 6526.9591  (min 6366.6214, max 6682.4612)
Overhead (median)      : 0.0000 %
--- Confusion Matrix (global) ---
TP / TN / FP / FN     : 0 / 320 / 0 / 0
Recall                : 0.0000
Detection precision   : 0.0000
Correction precision  : 0.0000 %
==================================================


=== C1 A1 detect 4608^3
=== ABFT GEMM (cuBLAS, online pipelined) ===
Mode           : online  (inject=none)
M x K x N      : 4608 x 4608 x 4608
Process grid   : 1 x 2  (world=2)
Frags per rank : 8
Repeats        : 1
Samples        : 20
Threshold      : 1 (override)
Encoding       : overlap
Localization   : only with injection
GPUs visible   : 2

[Rank 0] 20 timed trials × 1 iters/trial

========== EXPERIMENT METRICS (global) ==========
Mode              : online / inject=none
M x K x N         : 4608 x 4608 x 4608
Process grid      : 1 x 2
Frags per rank    : 8
Total fragments   : 16
Repeats           : 1
Threshold used    : 1.0000
--- Timing (worst rank) ---
Baseline   min/med/max : 28.6151 / 29.5527 / 30.3071  ms
Baseline   GFLOPS (med): 6621.7048  (min 6456.8803, max 6838.6689)
Protected  min/med/max : 30.3085 / 30.7407 / 31.1141  ms
Protected  GFLOPS (med): 6365.8102  (min 6289.4054, max 6456.5838)
Overhead (median)      : 4.0198 %
--- Confusion Matrix (global) ---
TP / TN / FP / FN     : 0 / 320 / 0 / 0
Recall                : 0.0000
Detection precision   : 0.0000
Correction precision  : 0.0000 %
==================================================


=== C1 B1 always 4608^3
=== ABFT GEMM (cuBLAS, online pipelined) ===
Mode           : online_loc  (inject=none)
M x K x N      : 4608 x 4608 x 4608
Process grid   : 1 x 2  (world=2)
Frags per rank : 8
Repeats        : 1
Samples        : 20
Threshold      : 1 (override)
Encoding       : overlap
Localization   : every fragment (deployment)
GPUs visible   : 2

[Rank 0] 20 timed trials × 1 iters/trial

========== EXPERIMENT METRICS (global) ==========
Mode              : online_loc / inject=none
M x K x N         : 4608 x 4608 x 4608
Process grid      : 1 x 2
Frags per rank    : 8
Total fragments   : 16
Repeats           : 1
Threshold used    : 1.0000
--- Timing (worst rank) ---
Baseline   min/med/max : 28.8373 / 29.7634 / 31.1931  ms
Baseline   GFLOPS (med): 6574.8364  (min 6273.4813, max 6785.9893)
Protected  min/med/max : 29.9911 / 30.9110 / 32.2499  ms
Protected  GFLOPS (med): 6330.7296  (min 6067.9049, max 6524.9167)
Overhead (median)      : 3.8559 %
--- Confusion Matrix (global) ---
TP / TN / FP / FN     : 0 / 320 / 0 / 0
Recall                : 0.0000
Detection precision   : 0.0000
Correction precision  : 0.0000 %
==================================================


=== C1 B2 always 4608^3
=== ABFT GEMM (cuBLAS, online pipelined) ===
Mode           : online_loc  (inject=none)
M x K x N      : 4608 x 4608 x 4608
Process grid   : 1 x 2  (world=2)
Frags per rank : 8
Repeats        : 1
Samples        : 20
Threshold      : 1 (override)
Encoding       : overlap
Localization   : every fragment (deployment)
GPUs visible   : 2

[Rank 0] 20 timed trials × 1 iters/trial

========== EXPERIMENT METRICS (global) ==========
Mode              : online_loc / inject=none
M x K x N         : 4608 x 4608 x 4608
Process grid      : 1 x 2
Frags per rank    : 8
Total fragments   : 16
Repeats           : 1
Threshold used    : 1.0000
--- Timing (worst rank) ---
Baseline   min/med/max : 28.7866 / 30.8955 / 32.6763  ms
Baseline   GFLOPS (med): 6333.9237  (min 5988.7241, max 6797.9460)
Protected  min/med/max : 30.5077 / 32.1009 / 33.8314  ms
Protected  GFLOPS (med): 6096.0650  (min 5784.2494, max 6414.4319)
Overhead (median)      : 3.9018 %
--- Confusion Matrix (global) ---
TP / TN / FP / FN     : 0 / 320 / 0 / 0
Recall                : 0.0000
Detection precision   : 0.0000
Correction precision  : 0.0000 %
==================================================


=== C1 A2 detect 4608^3
=== ABFT GEMM (cuBLAS, online pipelined) ===
Mode           : online  (inject=none)
M x K x N      : 4608 x 4608 x 4608
Process grid   : 1 x 2  (world=2)
Frags per rank : 8
Repeats        : 1
Samples        : 20
Threshold      : 1 (override)
Encoding       : overlap
Localization   : only with injection
GPUs visible   : 2

[Rank 0] 20 timed trials × 1 iters/trial

========== EXPERIMENT METRICS (global) ==========
Mode              : online / inject=none
M x K x N         : 4608 x 4608 x 4608
Process grid      : 1 x 2
Frags per rank    : 8
Total fragments   : 16
Repeats           : 1
Threshold used    : 1.0000
--- Timing (worst rank) ---
Baseline   min/med/max : 29.9142 / 30.8848 / 31.9690  ms
Baseline   GFLOPS (med): 6336.1189  (min 6121.2307, max 6541.6875)
Protected  min/med/max : 30.9430 / 32.1593 / 33.6091  ms
Protected  GFLOPS (med): 6084.9950  (min 5822.5197, max 6324.1928)
Overhead (median)      : 4.1269 %
--- Confusion Matrix (global) ---
TP / TN / FP / FN     : 0 / 320 / 0 / 0
Recall                : 0.0000
Detection precision   : 0.0000
Correction precision  : 0.0000 %
==================================================


=== C1 fault 4608^3
=== ABFT GEMM (cuBLAS, online pipelined) ===
Mode           : online  (inject=add)
M x K x N      : 4608 x 4608 x 4608
Process grid   : 1 x 2  (world=2)
Frags per rank : 8
Repeats        : 1
Samples        : 20
Threshold      : 1 (override)
Encoding       : overlap
Localization   : only with injection
GPUs visible   : 2

[Rank 0] 20 timed trials × 1 iters/trial

========== EXPERIMENT METRICS (global) ==========
Mode              : online / inject=add
M x K x N         : 4608 x 4608 x 4608
Process grid      : 1 x 2
Frags per rank    : 8
Total fragments   : 16
Repeats           : 1
Threshold used    : 1.0000
--- Timing (worst rank) ---
Baseline   min/med/max : 29.4433 / 30.6713 / 32.0095  ms
Baseline   GFLOPS (med): 6380.2064  (min 6113.4795, max 6646.3046)
Protected  min/med/max : 30.6881 / 32.3116 / 33.5560  ms
Protected  GFLOPS (med): 6056.3248  (min 5831.7290, max 6376.7292)
Overhead (median)      : 5.3478 %
--- Confusion Matrix (global) ---
TP / TN / FP / FN     : 40 / 280 / 0 / 0
Recall                : 1.0000
Detection precision   : 1.0000
Correction precision  : 0.0000 %
==================================================


=== C1 baseline 4864^3
=== ABFT GEMM (cuBLAS, online pipelined) ===
Mode           : baseline  (inject=none)
M x K x N      : 4864 x 4864 x 4864
Process grid   : 1 x 2  (world=2)
Frags per rank : 8
Repeats        : 1
Samples        : 20
Threshold      : (per-fragment, formula)
GPUs visible   : 2


========== EXPERIMENT METRICS (global) ==========
Mode              : BASELINE
M x K x N         : 4864 x 4864 x 4864
Process grid      : 1 x 2
Frags per rank    : 8
Total fragments   : 16
Repeats           : 1
Threshold used    : 248.0496
--- Timing (worst rank) ---
Baseline   min/med/max : 31.7661 / 31.8237 / 32.5881  ms
Baseline   GFLOPS (med): 7232.0270  (min 7062.3852, max 7245.1329)
Protected  min/med/max : 31.7661 / 31.8237 / 32.5881  ms
Protected  GFLOPS (med): 7232.0270  (min 7062.3852, max 7245.1329)
Overhead (median)      : 0.0000 %
--- Confusion Matrix (global) ---
TP / TN / FP / FN     : 0 / 320 / 0 / 0
Recall                : 0.0000
Detection precision   : 0.0000
Correction precision  : 0.0000 %
==================================================


=== C1 A1 detect 4864^3
=== ABFT GEMM (cuBLAS, online pipelined) ===
Mode           : online  (inject=none)
M x K x N      : 4864 x 4864 x 4864
Process grid   : 1 x 2  (world=2)
Frags per rank : 8
Repeats        : 1
Samples        : 20
Threshold      : 1 (override)
Encoding       : overlap
Localization   : only with injection
GPUs visible   : 2

[Rank 0] 20 timed trials × 1 iters/trial

========== EXPERIMENT METRICS (global) ==========
Mode              : online / inject=none
M x K x N         : 4864 x 4864 x 4864
Process grid      : 1 x 2
Frags per rank    : 8
Total fragments   : 16
Repeats           : 1
Threshold used    : 1.0000
--- Timing (worst rank) ---
Baseline   min/med/max : 31.7076 / 32.5509 / 33.2795  ms
Baseline   GFLOPS (med): 7070.4704  (min 6915.6668, max 7258.5014)
Protected  min/med/max : 32.8656 / 33.6020 / 34.8727  ms
Protected  GFLOPS (med): 6849.2953  (min 6599.7175, max 7002.7584)
Overhead (median)      : 3.2292 %
--- Confusion Matrix (global) ---
TP / TN / FP / FN     : 0 / 320 / 0 / 0
Recall                : 0.0000
Detection precision   : 0.0000
Correction precision  : 0.0000 %
==================================================


=== C1 B1 always 4864^3
=== ABFT GEMM (cuBLAS, online pipelined) ===
Mode           : online_loc  (inject=none)
M x K x N      : 4864 x 4864 x 4864
Process grid   : 1 x 2  (world=2)
Frags per rank : 8
Repeats        : 1
Samples        : 20
Threshold      : 1 (override)
Encoding       : overlap
Localization   : every fragment (deployment)
GPUs visible   : 2

[Rank 0] 20 timed trials × 1 iters/trial

========== EXPERIMENT METRICS (global) ==========
Mode              : online_loc / inject=none
M x K x N         : 4864 x 4864 x 4864
Process grid      : 1 x 2
Frags per rank    : 8
Total fragments   : 16
Repeats           : 1
Threshold used    : 1.0000
--- Timing (worst rank) ---
Baseline   min/med/max : 31.5422 / 32.9851 / 34.4299  ms
Baseline   GFLOPS (med): 6977.3855  (min 6684.5862, max 7296.5587)
Protected  min/med/max : 32.8424 / 34.0729 / 35.8084  ms
Protected  GFLOPS (med): 6754.6301  (min 6427.2513, max 7007.7052)
Overhead (median)      : 3.2978 %
--- Confusion Matrix (global) ---
TP / TN / FP / FN     : 0 / 320 / 0 / 0
Recall                : 0.0000
Detection precision   : 0.0000
Correction precision  : 0.0000 %
==================================================


=== C1 B2 always 4864^3
=== ABFT GEMM (cuBLAS, online pipelined) ===
Mode           : online_loc  (inject=none)
M x K x N      : 4864 x 4864 x 4864
Process grid   : 1 x 2  (world=2)
Frags per rank : 8
Repeats        : 1
Samples        : 20
Threshold      : 1 (override)
Encoding       : overlap
Localization   : every fragment (deployment)
GPUs visible   : 2

[Rank 0] 20 timed trials × 1 iters/trial

========== EXPERIMENT METRICS (global) ==========
Mode              : online_loc / inject=none
M x K x N         : 4864 x 4864 x 4864
Process grid      : 1 x 2
Frags per rank    : 8
Total fragments   : 16
Repeats           : 1
Threshold used    : 1.0000
--- Timing (worst rank) ---
Baseline   min/med/max : 31.6575 / 33.1037 / 34.6929  ms
Baseline   GFLOPS (med): 6952.3968  (min 6633.9096, max 7270.0036)
Protected  min/med/max : 32.9213 / 34.1893 / 35.9191  ms
Protected  GFLOPS (med): 6731.6315  (min 6407.4475, max 6990.9165)
Overhead (median)      : 3.2795 %
--- Confusion Matrix (global) ---
TP / TN / FP / FN     : 0 / 320 / 0 / 0
Recall                : 0.0000
Detection precision   : 0.0000
Correction precision  : 0.0000 %
==================================================


=== C1 A2 detect 4864^3
=== ABFT GEMM (cuBLAS, online pipelined) ===
Mode           : online  (inject=none)
M x K x N      : 4864 x 4864 x 4864
Process grid   : 1 x 2  (world=2)
Frags per rank : 8
Repeats        : 1
Samples        : 20
Threshold      : 1 (override)
Encoding       : overlap
Localization   : only with injection
GPUs visible   : 2

[Rank 0] 20 timed trials × 1 iters/trial

========== EXPERIMENT METRICS (global) ==========
Mode              : online / inject=none
M x K x N         : 4864 x 4864 x 4864
Process grid      : 1 x 2
Frags per rank    : 8
Total fragments   : 16
Repeats           : 1
Threshold used    : 1.0000
--- Timing (worst rank) ---
Baseline   min/med/max : 32.1770 / 33.3205 / 34.8380  ms
Baseline   GFLOPS (med): 6907.1566  (min 6606.2816, max 7152.6261)
Protected  min/med/max : 33.2513 / 34.6815 / 36.1200  ms
Protected  GFLOPS (med): 6636.1017  (min 6371.8120, max 6921.5223)
Overhead (median)      : 4.0845 %
--- Confusion Matrix (global) ---
TP / TN / FP / FN     : 0 / 320 / 0 / 0
Recall                : 0.0000
Detection precision   : 0.0000
Correction precision  : 0.0000 %
==================================================


=== C1 fault 4864^3
=== ABFT GEMM (cuBLAS, online pipelined) ===
Mode           : online  (inject=add)
M x K x N      : 4864 x 4864 x 4864
Process grid   : 1 x 2  (world=2)
Frags per rank : 8
Repeats        : 1
Samples        : 20
Threshold      : 1 (override)
Encoding       : overlap
Localization   : only with injection
GPUs visible   : 2

[Rank 0] 20 timed trials × 1 iters/trial

========== EXPERIMENT METRICS (global) ==========
Mode              : online / inject=add
M x K x N         : 4864 x 4864 x 4864
Process grid      : 1 x 2
Frags per rank    : 8
Total fragments   : 16
Repeats           : 1
Threshold used    : 1.0000
--- Timing (worst rank) ---
Baseline   min/med/max : 31.6349 / 33.1166 / 34.5868  ms
Baseline   GFLOPS (med): 6949.6743  (min 6654.2603, max 7275.1847)
Protected  min/med/max : 33.2063 / 35.3530 / 36.3531  ms
Protected  GFLOPS (med): 6510.0443  (min 6330.9615, max 6930.9194)
Overhead (median)      : 6.7531 %
--- Confusion Matrix (global) ---
TP / TN / FP / FN     : 40 / 280 / 0 / 0
Recall                : 1.0000
Detection precision   : 1.0000
Correction precision  : 0.0000 %
==================================================


=== C1 baseline 5120^3
=== ABFT GEMM (cuBLAS, online pipelined) ===
Mode           : baseline  (inject=none)
M x K x N      : 5120 x 5120 x 5120
Process grid   : 1 x 2  (world=2)
Frags per rank : 8
Repeats        : 1
Samples        : 20
Threshold      : (per-fragment, formula)
GPUs visible   : 2


========== EXPERIMENT METRICS (global) ==========
Mode              : BASELINE
M x K x N         : 5120 x 5120 x 5120
Process grid      : 1 x 2
Frags per rank    : 8
Total fragments   : 16
Repeats           : 1
Threshold used    : 287.5000
--- Timing (worst rank) ---
Baseline   min/med/max : 33.5893 / 34.9008 / 36.0685  ms
Baseline   GFLOPS (med): 7691.3862  (min 7442.3865, max 7991.6945)
Protected  min/med/max : 33.5893 / 34.9008 / 36.0685  ms
Protected  GFLOPS (med): 7691.3862  (min 7442.3865, max 7991.6945)
Overhead (median)      : 0.0000 %
--- Confusion Matrix (global) ---
TP / TN / FP / FN     : 0 / 320 / 0 / 0
Recall                : 0.0000
Detection precision   : 0.0000
Correction precision  : 0.0000 %
==================================================


=== C1 A1 detect 5120^3
=== ABFT GEMM (cuBLAS, online pipelined) ===
Mode           : online  (inject=none)
M x K x N      : 5120 x 5120 x 5120
Process grid   : 1 x 2  (world=2)
Frags per rank : 8
Repeats        : 1
Samples        : 20
Threshold      : 1 (override)
Encoding       : overlap
Localization   : only with injection
GPUs visible   : 2

[Rank 0] 20 timed trials × 1 iters/trial

========== EXPERIMENT METRICS (global) ==========
Mode              : online / inject=none
M x K x N         : 5120 x 5120 x 5120
Process grid      : 1 x 2
Frags per rank    : 8
Total fragments   : 16
Repeats           : 1
Threshold used    : 1.0000
--- Timing (worst rank) ---
Baseline   min/med/max : 33.5195 / 34.9602 / 35.5287  ms
Baseline   GFLOPS (med): 7678.3237  (min 7555.4452, max 8008.3285)
Protected  min/med/max : 34.8580 / 36.1269 / 36.5967  ms
Protected  GFLOPS (med): 7430.3468  (min 7334.9550, max 7700.8280)
Overhead (median)      : 3.3374 %
--- Confusion Matrix (global) ---
TP / TN / FP / FN     : 0 / 320 / 0 / 0
Recall                : 0.0000
Detection precision   : 0.0000
Correction precision  : 0.0000 %
==================================================


=== C1 B1 always 5120^3
=== ABFT GEMM (cuBLAS, online pipelined) ===
Mode           : online_loc  (inject=none)
M x K x N      : 5120 x 5120 x 5120
Process grid   : 1 x 2  (world=2)
Frags per rank : 8
Repeats        : 1
Samples        : 20
Threshold      : 1 (override)
Encoding       : overlap
Localization   : every fragment (deployment)
GPUs visible   : 2

[Rank 0] 20 timed trials × 1 iters/trial

========== EXPERIMENT METRICS (global) ==========
Mode              : online_loc / inject=none
M x K x N         : 5120 x 5120 x 5120
Process grid      : 1 x 2
Frags per rank    : 8
Total fragments   : 16
Repeats           : 1
Threshold used    : 1.0000
--- Timing (worst rank) ---
Baseline   min/med/max : 33.5988 / 34.9108 / 36.7427  ms
Baseline   GFLOPS (med): 7689.1871  (min 7305.8076, max 7989.4356)
Protected  min/med/max : 34.7560 / 36.3099 / 37.9458  ms
Protected  GFLOPS (med): 7392.8948  (min 7074.1744, max 7723.4284)
Overhead (median)      : 4.0078 %
--- Confusion Matrix (global) ---
TP / TN / FP / FN     : 0 / 320 / 0 / 0
Recall                : 0.0000
Detection precision   : 0.0000
Correction precision  : 0.0000 %
==================================================


=== C1 B2 always 5120^3
=== ABFT GEMM (cuBLAS, online pipelined) ===
Mode           : online_loc  (inject=none)
M x K x N      : 5120 x 5120 x 5120
Process grid   : 1 x 2  (world=2)
Frags per rank : 8
Repeats        : 1
Samples        : 20
Threshold      : 1 (override)
Encoding       : overlap
Localization   : every fragment (deployment)
GPUs visible   : 2

[Rank 0] 20 timed trials × 1 iters/trial

========== EXPERIMENT METRICS (global) ==========
Mode              : online_loc / inject=none
M x K x N         : 5120 x 5120 x 5120
Process grid      : 1 x 2
Frags per rank    : 8
Total fragments   : 16
Repeats           : 1
Threshold used    : 1.0000
--- Timing (worst rank) ---
Baseline   min/med/max : 34.3933 / 35.9314 / 37.0880  ms
Baseline   GFLOPS (med): 7470.7677  (min 7237.7987, max 7804.8844)
Protected  min/med/max : 35.8589 / 37.2278 / 38.7799  ms
Protected  GFLOPS (med): 7210.6257  (min 6922.0216, max 7485.8814)
Overhead (median)      : 3.6078 %
--- Confusion Matrix (global) ---
TP / TN / FP / FN     : 0 / 320 / 0 / 0
Recall                : 0.0000
Detection precision   : 0.0000
Correction precision  : 0.0000 %
==================================================


=== C1 A2 detect 5120^3
=== ABFT GEMM (cuBLAS, online pipelined) ===
Mode           : online  (inject=none)
M x K x N      : 5120 x 5120 x 5120
Process grid   : 1 x 2  (world=2)
Frags per rank : 8
Repeats        : 1
Samples        : 20
Threshold      : 1 (override)
Encoding       : overlap
Localization   : only with injection
GPUs visible   : 2

[Rank 0] 20 timed trials × 1 iters/trial

========== EXPERIMENT METRICS (global) ==========
Mode              : online / inject=none
M x K x N         : 5120 x 5120 x 5120
Process grid      : 1 x 2
Frags per rank    : 8
Total fragments   : 16
Repeats           : 1
Threshold used    : 1.0000
--- Timing (worst rank) ---
Baseline   min/med/max : 33.4320 / 34.9471 / 36.6438  ms
Baseline   GFLOPS (med): 7681.2046  (min 7325.5325, max 8029.3063)
Protected  min/med/max : 34.9344 / 36.2493 / 38.1812  ms
Protected  GFLOPS (med): 7405.2621  (min 7030.5580, max 7683.9928)
Overhead (median)      : 3.7263 %
--- Confusion Matrix (global) ---
TP / TN / FP / FN     : 0 / 320 / 0 / 0
Recall                : 0.0000
Detection precision   : 0.0000
Correction precision  : 0.0000 %
==================================================


=== C1 fault 5120^3
=== ABFT GEMM (cuBLAS, online pipelined) ===
Mode           : online  (inject=add)
M x K x N      : 5120 x 5120 x 5120
Process grid   : 1 x 2  (world=2)
Frags per rank : 8
Repeats        : 1
Samples        : 20
Threshold      : 1 (override)
Encoding       : overlap
Localization   : only with injection
GPUs visible   : 2

[Rank 0] 20 timed trials × 1 iters/trial

========== EXPERIMENT METRICS (global) ==========
Mode              : online / inject=add
M x K x N         : 5120 x 5120 x 5120
Process grid      : 1 x 2
Frags per rank    : 8
Total fragments   : 16
Repeats           : 1
Threshold used    : 1.0000
--- Timing (worst rank) ---
Baseline   min/med/max : 34.3660 / 35.6798 / 37.1826  ms
Baseline   GFLOPS (med): 7523.4555  (min 7219.3769, max 7811.0808)
Protected  min/med/max : 35.8664 / 38.4017 / 38.9948  ms
Protected  GFLOPS (med): 6990.1965  (min 6883.8784, max 7484.3241)
Overhead (median)      : 7.6287 %
--- Confusion Matrix (global) ---
TP / TN / FP / FN     : 40 / 280 / 0 / 0
Recall                : 1.0000
Detection precision   : 1.0000
Correction precision  : 0.0000 %
==================================================


=== C1 baseline 5376^3
=== ABFT GEMM (cuBLAS, online pipelined) ===
Mode           : baseline  (inject=none)
M x K x N      : 5376 x 5376 x 5376
Process grid   : 1 x 2  (world=2)
Frags per rank : 8
Repeats        : 1
Samples        : 20
Threshold      : (per-fragment, formula)
GPUs visible   : 2


========== EXPERIMENT METRICS (global) ==========
Mode              : BASELINE
M x K x N         : 5376 x 5376 x 5376
Process grid      : 1 x 2
Frags per rank    : 8
Total fragments   : 16
Repeats           : 1
Threshold used    : 331.0581
--- Timing (worst rank) ---
Baseline   min/med/max : 35.4414 / 37.2512 / 38.9085  ms
Baseline   GFLOPS (med): 8341.9410  (min 7986.6251, max 8767.9338)
Protected  min/med/max : 35.4414 / 37.2512 / 38.9085  ms
Protected  GFLOPS (med): 8341.9410  (min 7986.6251, max 8767.9338)
Overhead (median)      : 0.0000 %
--- Confusion Matrix (global) ---
TP / TN / FP / FN     : 0 / 320 / 0 / 0
Recall                : 0.0000
Detection precision   : 0.0000
Correction precision  : 0.0000 %
==================================================


=== C1 A1 detect 5376^3
=== ABFT GEMM (cuBLAS, online pipelined) ===
Mode           : online  (inject=none)
M x K x N      : 5376 x 5376 x 5376
Process grid   : 1 x 2  (world=2)
Frags per rank : 8
Repeats        : 1
Samples        : 20
Threshold      : 1 (override)
Encoding       : overlap
Localization   : only with injection
GPUs visible   : 2

[Rank 0] 20 timed trials × 1 iters/trial

========== EXPERIMENT METRICS (global) ==========
Mode              : online / inject=none
M x K x N         : 5376 x 5376 x 5376
Process grid      : 1 x 2
Frags per rank    : 8
Total fragments   : 16
Repeats           : 1
Threshold used    : 1.0000
--- Timing (worst rank) ---
Baseline   min/med/max : 35.6436 / 37.6299 / 38.1074  ms
Baseline   GFLOPS (med): 8257.9927  (min 8154.5125, max 8718.1911)
Protected  min/med/max : 36.9010 / 38.8493 / 39.6784  ms
Protected  GFLOPS (med): 7998.7950  (min 7831.6487, max 8421.1108)
Overhead (median)      : 3.2405 %
--- Confusion Matrix (global) ---
TP / TN / FP / FN     : 0 / 320 / 0 / 0
Recall                : 0.0000
Detection precision   : 0.0000
Correction precision  : 0.0000 %
==================================================


=== C1 B1 always 5376^3
=== ABFT GEMM (cuBLAS, online pipelined) ===
Mode           : online_loc  (inject=none)
M x K x N      : 5376 x 5376 x 5376
Process grid   : 1 x 2  (world=2)
Frags per rank : 8
Repeats        : 1
Samples        : 20
Threshold      : 1 (override)
Encoding       : overlap
Localization   : every fragment (deployment)
GPUs visible   : 2

[Rank 0] 20 timed trials × 1 iters/trial

========== EXPERIMENT METRICS (global) ==========
Mode              : online_loc / inject=none
M x K x N         : 5376 x 5376 x 5376
Process grid      : 1 x 2
Frags per rank    : 8
Total fragments   : 16
Repeats           : 1
Threshold used    : 1.0000
--- Timing (worst rank) ---
Baseline   min/med/max : 35.8814 / 37.4347 / 39.6502  ms
Baseline   GFLOPS (med): 8301.0610  (min 7837.2345, max 8660.4072)
Protected  min/med/max : 37.2416 / 38.9125 / 41.6519  ms
Protected  GFLOPS (med): 7985.8072  (min 7460.5852, max 8344.0900)
Overhead (median)      : 3.9477 %
--- Confusion Matrix (global) ---
TP / TN / FP / FN     : 0 / 320 / 0 / 0
Recall                : 0.0000
Detection precision   : 0.0000
Correction precision  : 0.0000 %
==================================================


=== C1 B2 always 5376^3
=== ABFT GEMM (cuBLAS, online pipelined) ===
Mode           : online_loc  (inject=none)
M x K x N      : 5376 x 5376 x 5376
Process grid   : 1 x 2  (world=2)
Frags per rank : 8
Repeats        : 1
Samples        : 20
Threshold      : 1 (override)
Encoding       : overlap
Localization   : every fragment (deployment)
GPUs visible   : 2

[Rank 0] 20 timed trials × 1 iters/trial

========== EXPERIMENT METRICS (global) ==========
Mode              : online_loc / inject=none
M x K x N         : 5376 x 5376 x 5376
Process grid      : 1 x 2
Frags per rank    : 8
Total fragments   : 16
Repeats           : 1
Threshold used    : 1.0000
--- Timing (worst rank) ---
Baseline   min/med/max : 35.5174 / 37.7257 / 38.9454  ms
Baseline   GFLOPS (med): 8237.0229  (min 7979.0516, max 8749.1579)
Protected  min/med/max : 37.6240 / 39.1835 / 40.2123  ms
Protected  GFLOPS (med): 7930.5757  (min 7727.6802, max 8259.2837)
Overhead (median)      : 3.8641 %
--- Confusion Matrix (global) ---
TP / TN / FP / FN     : 0 / 320 / 0 / 0
Recall                : 0.0000
Detection precision   : 0.0000
Correction precision  : 0.0000 %
==================================================


=== C1 A2 detect 5376^3
=== ABFT GEMM (cuBLAS, online pipelined) ===
Mode           : online  (inject=none)
M x K x N      : 5376 x 5376 x 5376
Process grid   : 1 x 2  (world=2)
Frags per rank : 8
Repeats        : 1
Samples        : 20
Threshold      : 1 (override)
Encoding       : overlap
Localization   : only with injection
GPUs visible   : 2

[Rank 0] 20 timed trials × 1 iters/trial

========== EXPERIMENT METRICS (global) ==========
Mode              : online / inject=none
M x K x N         : 5376 x 5376 x 5376
Process grid      : 1 x 2
Frags per rank    : 8
Total fragments   : 16
Repeats           : 1
Threshold used    : 1.0000
--- Timing (worst rank) ---
Baseline   min/med/max : 35.6729 / 37.5208 / 39.3778  ms
Baseline   GFLOPS (med): 8282.0094  (min 7891.4468, max 8711.0377)
Protected  min/med/max : 37.0928 / 39.0743 / 40.8828  ms
Protected  GFLOPS (med): 7952.7377  (min 7600.9294, max 8377.5725)
Overhead (median)      : 4.1404 %
--- Confusion Matrix (global) ---
TP / TN / FP / FN     : 0 / 320 / 0 / 0
Recall                : 0.0000
Detection precision   : 0.0000
Correction precision  : 0.0000 %
==================================================


=== C1 fault 5376^3
=== ABFT GEMM (cuBLAS, online pipelined) ===
Mode           : online  (inject=add)
M x K x N      : 5376 x 5376 x 5376
Process grid   : 1 x 2  (world=2)
Frags per rank : 8
Repeats        : 1
Samples        : 20
Threshold      : 1 (override)
Encoding       : overlap
Localization   : only with injection
GPUs visible   : 2

[Rank 0] 20 timed trials × 1 iters/trial

========== EXPERIMENT METRICS (global) ==========
Mode              : online / inject=add
M x K x N         : 5376 x 5376 x 5376
Process grid      : 1 x 2
Frags per rank    : 8
Total fragments   : 16
Repeats           : 1
Threshold used    : 1.0000
--- Timing (worst rank) ---
Baseline   min/med/max : 35.6152 / 37.4401 / 38.7985  ms
Baseline   GFLOPS (med): 8299.8602  (min 8009.2604, max 8725.1473)
Protected  min/med/max : 37.5822 / 40.3495 / 41.6963  ms
Protected  GFLOPS (med): 7701.4042  (min 7452.6466, max 8268.4732)
Overhead (median)      : 7.7707 %
--- Confusion Matrix (global) ---
TP / TN / FP / FN     : 40 / 280 / 0 / 0
Recall                : 1.0000
Detection precision   : 1.0000
Correction precision  : 0.0000 %
==================================================


=== C1 baseline 5632^3
=== ABFT GEMM (cuBLAS, online pipelined) ===
Mode           : baseline  (inject=none)
M x K x N      : 5632 x 5632 x 5632
Process grid   : 1 x 2  (world=2)
Frags per rank : 8
Repeats        : 1
Samples        : 20
Threshold      : (per-fragment, formula)
GPUs visible   : 2


========== EXPERIMENT METRICS (global) ==========
Mode              : BASELINE
M x K x N         : 5632 x 5632 x 5632
Process grid      : 1 x 2
Frags per rank    : 8
Total fragments   : 16
Repeats           : 1
Threshold used    : 377.7965
--- Timing (worst rank) ---
Baseline   min/med/max : 37.7363 / 40.4718 / 41.3240  ms
Baseline   GFLOPS (med): 8828.0715  (min 8646.0122, max 9468.0176)
Protected  min/med/max : 37.7363 / 40.4718 / 41.3240  ms
Protected  GFLOPS (med): 8828.0715  (min 8646.0122, max 9468.0176)
Overhead (median)      : 0.0000 %
--- Confusion Matrix (global) ---
TP / TN / FP / FN     : 0 / 320 / 0 / 0
Recall                : 0.0000
Detection precision   : 0.0000
Correction precision  : 0.0000 %
==================================================


=== C1 A1 detect 5632^3
=== ABFT GEMM (cuBLAS, online pipelined) ===
Mode           : online  (inject=none)
M x K x N      : 5632 x 5632 x 5632
Process grid   : 1 x 2  (world=2)
Frags per rank : 8
Repeats        : 1
Samples        : 20
Threshold      : 1 (override)
Encoding       : overlap
Localization   : only with injection
GPUs visible   : 2

[Rank 0] 20 timed trials × 1 iters/trial

========== EXPERIMENT METRICS (global) ==========
Mode              : online / inject=none
M x K x N         : 5632 x 5632 x 5632
Process grid      : 1 x 2
Frags per rank    : 8
Total fragments   : 16
Repeats           : 1
Threshold used    : 1.0000
--- Timing (worst rank) ---
Baseline   min/med/max : 38.3667 / 40.6787 / 41.0473  ms
Baseline   GFLOPS (med): 8783.1598  (min 8704.2855, max 9312.4402)
Protected  min/med/max : 39.8418 / 42.2881 / 42.6497  ms
Protected  GFLOPS (med): 8448.8825  (min 8377.2594, max 8967.6573)
Overhead (median)      : 3.9565 %
--- Confusion Matrix (global) ---
TP / TN / FP / FN     : 0 / 320 / 0 / 0
Recall                : 0.0000
Detection precision   : 0.0000
Correction precision  : 0.0000 %
==================================================


=== C1 B1 always 5632^3
=== ABFT GEMM (cuBLAS, online pipelined) ===
Mode           : online_loc  (inject=none)
M x K x N      : 5632 x 5632 x 5632
Process grid   : 1 x 2  (world=2)
Frags per rank : 8
Repeats        : 1
Samples        : 20
Threshold      : 1 (override)
Encoding       : overlap
Localization   : every fragment (deployment)
GPUs visible   : 2

[Rank 0] 20 timed trials × 1 iters/trial

========== EXPERIMENT METRICS (global) ==========
Mode              : online_loc / inject=none
M x K x N         : 5632 x 5632 x 5632
Process grid      : 1 x 2
Frags per rank    : 8
Total fragments   : 16
Repeats           : 1
Threshold used    : 1.0000
--- Timing (worst rank) ---
Baseline   min/med/max : 38.2807 / 40.9123 / 42.2484  ms
Baseline   GFLOPS (med): 8733.0099  (min 8456.8215, max 9333.3581)
Protected  min/med/max : 40.0374 / 42.4278 / 43.6940  ms
Protected  GFLOPS (med): 8421.0720  (min 8177.0379, max 8923.8518)
Overhead (median)      : 3.7043 %
--- Confusion Matrix (global) ---
TP / TN / FP / FN     : 0 / 320 / 0 / 0
Recall                : 0.0000
Detection precision   : 0.0000
Correction precision  : 0.0000 %
==================================================


=== C1 B2 always 5632^3
=== ABFT GEMM (cuBLAS, online pipelined) ===
Mode           : online_loc  (inject=none)
M x K x N      : 5632 x 5632 x 5632
Process grid   : 1 x 2  (world=2)
Frags per rank : 8
Repeats        : 1
Samples        : 20
Threshold      : 1 (override)
Encoding       : overlap
Localization   : every fragment (deployment)
GPUs visible   : 2

[Rank 0] 20 timed trials × 1 iters/trial

========== EXPERIMENT METRICS (global) ==========
Mode              : online_loc / inject=none
M x K x N         : 5632 x 5632 x 5632
Process grid      : 1 x 2
Frags per rank    : 8
Total fragments   : 16
Repeats           : 1
Threshold used    : 1.0000
--- Timing (worst rank) ---
Baseline   min/med/max : 38.3869 / 40.6886 / 42.5431  ms
Baseline   GFLOPS (med): 8781.0189  (min 8398.2506, max 9307.5384)
Protected  min/med/max : 39.5668 / 42.3166 / 44.2747  ms
Protected  GFLOPS (med): 8443.2006  (min 8069.7974, max 9029.9916)
Overhead (median)      : 4.0011 %
--- Confusion Matrix (global) ---
TP / TN / FP / FN     : 0 / 320 / 0 / 0
Recall                : 0.0000
Detection precision   : 0.0000
Correction precision  : 0.0000 %
==================================================


=== C1 A2 detect 5632^3
=== ABFT GEMM (cuBLAS, online pipelined) ===
Mode           : online  (inject=none)
M x K x N      : 5632 x 5632 x 5632
Process grid   : 1 x 2  (world=2)
Frags per rank : 8
Repeats        : 1
Samples        : 20
Threshold      : 1 (override)
Encoding       : overlap
Localization   : only with injection
GPUs visible   : 2

[Rank 0] 20 timed trials × 1 iters/trial

========== EXPERIMENT METRICS (global) ==========
Mode              : online / inject=none
M x K x N         : 5632 x 5632 x 5632
Process grid      : 1 x 2
Frags per rank    : 8
Total fragments   : 16
Repeats           : 1
Threshold used    : 1.0000
--- Timing (worst rank) ---
Baseline   min/med/max : 38.4727 / 40.6687 / 43.2108  ms
Baseline   GFLOPS (med): 8785.3229  (min 8268.4838, max 9286.7778)
Protected  min/med/max : 40.2475 / 42.4394 / 44.2652  ms
Protected  GFLOPS (med): 8418.7617  (min 8071.5222, max 8877.2514)
Overhead (median)      : 4.3541 %
--- Confusion Matrix (global) ---
TP / TN / FP / FN     : 0 / 320 / 0 / 0
Recall                : 0.0000
Detection precision   : 0.0000
Correction precision  : 0.0000 %
==================================================


=== C1 fault 5632^3
=== ABFT GEMM (cuBLAS, online pipelined) ===
Mode           : online  (inject=add)
M x K x N      : 5632 x 5632 x 5632
Process grid   : 1 x 2  (world=2)
Frags per rank : 8
Repeats        : 1
Samples        : 20
Threshold      : 1 (override)
Encoding       : overlap
Localization   : only with injection
GPUs visible   : 2

[Rank 0] 20 timed trials × 1 iters/trial

========== EXPERIMENT METRICS (global) ==========
Mode              : online / inject=add
M x K x N         : 5632 x 5632 x 5632
Process grid      : 1 x 2
Frags per rank    : 8
Total fragments   : 16
Repeats           : 1
Threshold used    : 1.0000
--- Timing (worst rank) ---
Baseline   min/med/max : 38.7551 / 40.8912 / 42.3698  ms
Baseline   GFLOPS (med): 8737.5267  (min 8432.6026, max 9219.1047)
Protected  min/med/max : 41.1181 / 43.9348 / 45.7831  ms
Protected  GFLOPS (med): 8132.2214  (min 7803.9249, max 8689.3008)
Overhead (median)      : 7.4433 %
--- Confusion Matrix (global) ---
TP / TN / FP / FN     : 40 / 280 / 0 / 0
Recall                : 1.0000
Detection precision   : 1.0000
Correction precision  : 0.0000 %
==================================================


=== C1 baseline 5888^3
=== ABFT GEMM (cuBLAS, online pipelined) ===
Mode           : baseline  (inject=none)
M x K x N      : 5888 x 5888 x 5888
Process grid   : 1 x 2  (world=2)
Frags per rank : 8
Repeats        : 1
Samples        : 20
Threshold      : (per-fragment, formula)
GPUs visible   : 2


========== EXPERIMENT METRICS (global) ==========
Mode              : BASELINE
M x K x N         : 5888 x 5888 x 5888
Process grid      : 1 x 2
Frags per rank    : 8
Total fragments   : 16
Repeats           : 1
Threshold used    : 431.0736
--- Timing (worst rank) ---
Baseline   min/med/max : 42.0089 / 43.3474 / 47.0955  ms
Baseline   GFLOPS (med): 9418.2603  (min 8668.6959, max 9718.3442)
Protected  min/med/max : 42.0089 / 43.3474 / 47.0955  ms
Protected  GFLOPS (med): 9418.2603  (min 8668.6959, max 9718.3442)
Overhead (median)      : 0.0000 %
--- Confusion Matrix (global) ---
TP / TN / FP / FN     : 0 / 320 / 0 / 0
Recall                : 0.0000
Detection precision   : 0.0000
Correction precision  : 0.0000 %
==================================================


=== C1 A1 detect 5888^3
=== ABFT GEMM (cuBLAS, online pipelined) ===
Mode           : online  (inject=none)
M x K x N      : 5888 x 5888 x 5888
Process grid   : 1 x 2  (world=2)
Frags per rank : 8
Repeats        : 1
Samples        : 20
Threshold      : 1 (override)
Encoding       : overlap
Localization   : only with injection
GPUs visible   : 2

[Rank 0] 20 timed trials × 1 iters/trial

========== EXPERIMENT METRICS (global) ==========
Mode              : online / inject=none
M x K x N         : 5888 x 5888 x 5888
Process grid      : 1 x 2
Frags per rank    : 8
Total fragments   : 16
Repeats           : 1
Threshold used    : 1.0000
--- Timing (worst rank) ---
Baseline   min/med/max : 40.6345 / 43.5969 / 44.4970  ms
Baseline   GFLOPS (med): 9364.3593  (min 9174.9371, max 10047.0414)
Protected  min/med/max : 42.1386 / 45.5177 / 46.6075  ms
Protected  GFLOPS (med): 8969.1890  (min 8759.4599, max 9688.4388)
Overhead (median)      : 4.4059 %
--- Confusion Matrix (global) ---
TP / TN / FP / FN     : 0 / 320 / 0 / 0
Recall                : 0.0000
Detection precision   : 0.0000
Correction precision  : 0.0000 %
==================================================


=== C1 B1 always 5888^3
=== ABFT GEMM (cuBLAS, online pipelined) ===
Mode           : online_loc  (inject=none)
M x K x N      : 5888 x 5888 x 5888
Process grid   : 1 x 2  (world=2)
Frags per rank : 8
Repeats        : 1
Samples        : 20
Threshold      : 1 (override)
Encoding       : overlap
Localization   : every fragment (deployment)
GPUs visible   : 2

[Rank 0] 20 timed trials × 1 iters/trial

========== EXPERIMENT METRICS (global) ==========
Mode              : online_loc / inject=none
M x K x N         : 5888 x 5888 x 5888
Process grid      : 1 x 2
Frags per rank    : 8
Total fragments   : 16
Repeats           : 1
Threshold used    : 1.0000
--- Timing (worst rank) ---
Baseline   min/med/max : 40.5029 / 43.5547 / 44.2768  ms
Baseline   GFLOPS (med): 9373.4253  (min 9220.5526, max 10079.6999)
Protected  min/med/max : 43.7669 / 45.5691 / 46.0824  ms
Protected  GFLOPS (med): 8959.0649  (min 8859.2855, max 9327.9829)
Overhead (median)      : 4.6250 %
--- Confusion Matrix (global) ---
TP / TN / FP / FN     : 0 / 320 / 0 / 0
Recall                : 0.0000
Detection precision   : 0.0000
Correction precision  : 0.0000 %
==================================================


=== C1 B2 always 5888^3
=== ABFT GEMM (cuBLAS, online pipelined) ===
Mode           : online_loc  (inject=none)
M x K x N      : 5888 x 5888 x 5888
Process grid   : 1 x 2  (world=2)
Frags per rank : 8
Repeats        : 1
Samples        : 20
Threshold      : 1 (override)
Encoding       : overlap
Localization   : every fragment (deployment)
GPUs visible   : 2

[Rank 0] 20 timed trials × 1 iters/trial

========== EXPERIMENT METRICS (global) ==========
Mode              : online_loc / inject=none
M x K x N         : 5888 x 5888 x 5888
Process grid      : 1 x 2
Frags per rank    : 8
Total fragments   : 16
Repeats           : 1
Threshold used    : 1.0000
--- Timing (worst rank) ---
Baseline   min/med/max : 40.6009 / 43.5789 / 45.8116  ms
Baseline   GFLOPS (med): 9368.2317  (min 8911.6474, max 10055.3713)
Protected  min/med/max : 42.8685 / 45.6718 / 47.9495  ms
Protected  GFLOPS (med): 8938.9234  (min 8514.3037, max 9523.4583)
Overhead (median)      : 4.8027 %
--- Confusion Matrix (global) ---
TP / TN / FP / FN     : 0 / 320 / 0 / 0
Recall                : 0.0000
Detection precision   : 0.0000
Correction precision  : 0.0000 %
==================================================


=== C1 A2 detect 5888^3
=== ABFT GEMM (cuBLAS, online pipelined) ===
Mode           : online  (inject=none)
M x K x N      : 5888 x 5888 x 5888
Process grid   : 1 x 2  (world=2)
Frags per rank : 8
Repeats        : 1
Samples        : 20
Threshold      : 1 (override)
Encoding       : overlap
Localization   : only with injection
GPUs visible   : 2

[Rank 0] 20 timed trials × 1 iters/trial

========== EXPERIMENT METRICS (global) ==========
Mode              : online / inject=none
M x K x N         : 5888 x 5888 x 5888
Process grid      : 1 x 2
Frags per rank    : 8
Total fragments   : 16
Repeats           : 1
Threshold used    : 1.0000
--- Timing (worst rank) ---
Baseline   min/med/max : 41.2694 / 43.7948 / 46.2313  ms
Baseline   GFLOPS (med): 9322.0362  (min 8830.7350, max 9892.4889)
Protected  min/med/max : 43.0752 / 45.5523 / 48.2655  ms
Protected  GFLOPS (med): 8962.3647  (min 8458.5681, max 9477.7791)
Overhead (median)      : 4.0131 %
--- Confusion Matrix (global) ---
TP / TN / FP / FN     : 0 / 320 / 0 / 0
Recall                : 0.0000
Detection precision   : 0.0000
Correction precision  : 0.0000 %
==================================================


=== C1 fault 5888^3
=== ABFT GEMM (cuBLAS, online pipelined) ===
Mode           : online  (inject=add)
M x K x N      : 5888 x 5888 x 5888
Process grid   : 1 x 2  (world=2)
Frags per rank : 8
Repeats        : 1
Samples        : 20
Threshold      : 1 (override)
Encoding       : overlap
Localization   : only with injection
GPUs visible   : 2

[Rank 0] 20 timed trials × 1 iters/trial

========== EXPERIMENT METRICS (global) ==========
Mode              : online / inject=add
M x K x N         : 5888 x 5888 x 5888
Process grid      : 1 x 2
Frags per rank    : 8
Total fragments   : 16
Repeats           : 1
Threshold used    : 1.0000
--- Timing (worst rank) ---
Baseline   min/med/max : 41.5826 / 43.3371 / 46.0988  ms
Baseline   GFLOPS (med): 9420.4885  (min 8856.1162, max 9817.9619)
Protected  min/med/max : 45.2737 / 48.6016 / 56.7365  ms
Protected  GFLOPS (med): 8400.0639  (min 7195.6631, max 9017.5162)
Overhead (median)      : 12.1478 %
--- Confusion Matrix (global) ---
TP / TN / FP / FN     : 40 / 280 / 0 / 0
Recall                : 1.0000
Detection precision   : 1.0000
Correction precision  : 0.0000 %
==================================================


=== C1 baseline 6144^3
=== ABFT GEMM (cuBLAS, online pipelined) ===
Mode           : baseline  (inject=none)
M x K x N      : 6144 x 6144 x 6144
Process grid   : 1 x 2  (world=2)
Frags per rank : 8
Repeats        : 1
Samples        : 20
Threshold      : (per-fragment, formula)
GPUs visible   : 2


========== EXPERIMENT METRICS (global) ==========
Mode              : BASELINE
M x K x N         : 6144 x 6144 x 6144
Process grid      : 1 x 2
Frags per rank    : 8
Total fragments   : 16
Repeats           : 1
Threshold used    : 491.5742
--- Timing (worst rank) ---
Baseline   min/med/max : 43.9124 / 46.5954 / 49.1115  ms
Baseline   GFLOPS (med): 9954.9826  (min 9444.9572, max 10563.2137)
Protected  min/med/max : 43.9124 / 46.5954 / 49.1115  ms
Protected  GFLOPS (med): 9954.9826  (min 9444.9572, max 10563.2137)
Overhead (median)      : 0.0000 %
--- Confusion Matrix (global) ---
TP / TN / FP / FN     : 0 / 320 / 0 / 0
Recall                : 0.0000
Detection precision   : 0.0000
Correction precision  : 0.0000 %
==================================================


=== C1 A1 detect 6144^3
=== ABFT GEMM (cuBLAS, online pipelined) ===
Mode           : online  (inject=none)
M x K x N      : 6144 x 6144 x 6144
Process grid   : 1 x 2  (world=2)
Frags per rank : 8
Repeats        : 1
Samples        : 20
Threshold      : 1 (override)
Encoding       : overlap
Localization   : only with injection
GPUs visible   : 2

[Rank 0] 20 timed trials × 1 iters/trial

========== EXPERIMENT METRICS (global) ==========
Mode              : online / inject=none
M x K x N         : 6144 x 6144 x 6144
Process grid      : 1 x 2
Frags per rank    : 8
Total fragments   : 16
Repeats           : 1
Threshold used    : 1.0000
--- Timing (worst rank) ---
Baseline   min/med/max : 43.3132 / 46.9571 / 47.4591  ms
Baseline   GFLOPS (med): 9878.3004  (min 9773.8186, max 10709.3568)
Protected  min/med/max : 48.8215 / 50.8699 / 51.5554  ms
Protected  GFLOPS (med): 9118.4820  (min 8997.2360, max 9501.0659)
Overhead (median)      : 8.3327 %
--- Confusion Matrix (global) ---
TP / TN / FP / FN     : 0 / 320 / 0 / 0
Recall                : 0.0000
Detection precision   : 0.0000
Correction precision  : 0.0000 %
==================================================


=== C1 B1 always 6144^3
=== ABFT GEMM (cuBLAS, online pipelined) ===
Mode           : online_loc  (inject=none)
M x K x N      : 6144 x 6144 x 6144
Process grid   : 1 x 2  (world=2)
Frags per rank : 8
Repeats        : 1
Samples        : 20
Threshold      : 1 (override)
Encoding       : overlap
Localization   : every fragment (deployment)
GPUs visible   : 2

[Rank 0] 20 timed trials × 1 iters/trial

========== EXPERIMENT METRICS (global) ==========
Mode              : online_loc / inject=none
M x K x N         : 6144 x 6144 x 6144
Process grid      : 1 x 2
Frags per rank    : 8
Total fragments   : 16
Repeats           : 1
Threshold used    : 1.0000
--- Timing (worst rank) ---
Baseline   min/med/max : 43.8950 / 46.6916 / 47.1471  ms
Baseline   GFLOPS (med): 9934.4777  (min 9838.4919, max 10567.4075)
Protected  min/med/max : 48.0122 / 50.6880 / 51.0708  ms
Protected  GFLOPS (med): 9151.2082  (min 9082.6153, max 9661.2146)
Overhead (median)      : 8.5592 %
--- Confusion Matrix (global) ---
TP / TN / FP / FN     : 0 / 320 / 0 / 0
Recall                : 0.0000
Detection precision   : 0.0000
Correction precision  : 0.0000 %
==================================================


=== C1 B2 always 6144^3
=== ABFT GEMM (cuBLAS, online pipelined) ===
Mode           : online_loc  (inject=none)
M x K x N      : 6144 x 6144 x 6144
Process grid   : 1 x 2  (world=2)
Frags per rank : 8
Repeats        : 1
Samples        : 20
Threshold      : 1 (override)
Encoding       : overlap
Localization   : every fragment (deployment)
GPUs visible   : 2

[Rank 0] 20 timed trials × 1 iters/trial

========== EXPERIMENT METRICS (global) ==========
Mode              : online_loc / inject=none
M x K x N         : 6144 x 6144 x 6144
Process grid      : 1 x 2
Frags per rank    : 8
Total fragments   : 16
Repeats           : 1
Threshold used    : 1.0000
--- Timing (worst rank) ---
Baseline   min/med/max : 43.8370 / 46.8002 / 47.2059  ms
Baseline   GFLOPS (med): 9911.4187  (min 9826.2468, max 10581.3963)
Protected  min/med/max : 48.5945 / 50.7341 / 51.3918  ms
Protected  GFLOPS (med): 9142.8948  (min 9025.8889, max 9545.4573)
Overhead (median)      : 8.4057 %
--- Confusion Matrix (global) ---
TP / TN / FP / FN     : 0 / 320 / 0 / 0
Recall                : 0.0000
Detection precision   : 0.0000
Correction precision  : 0.0000 %
==================================================


=== C1 A2 detect 6144^3
=== ABFT GEMM (cuBLAS, online pipelined) ===
Mode           : online  (inject=none)
M x K x N      : 6144 x 6144 x 6144
Process grid   : 1 x 2  (world=2)
Frags per rank : 8
Repeats        : 1
Samples        : 20
Threshold      : 1 (override)
Encoding       : overlap
Localization   : only with injection
GPUs visible   : 2

[Rank 0] 20 timed trials × 1 iters/trial

========== EXPERIMENT METRICS (global) ==========
Mode              : online / inject=none
M x K x N         : 6144 x 6144 x 6144
Process grid      : 1 x 2
Frags per rank    : 8
Total fragments   : 16
Repeats           : 1
Threshold used    : 1.0000
--- Timing (worst rank) ---
Baseline   min/med/max : 43.7316 / 46.7805 / 47.4707  ms
Baseline   GFLOPS (med): 9915.5951  (min 9771.4362, max 10606.8906)
Protected  min/med/max : 48.2337 / 50.8849 / 52.1661  ms
Protected  GFLOPS (med): 9115.7965  (min 8891.9094, max 9616.8492)
Overhead (median)      : 8.7738 %
--- Confusion Matrix (global) ---
TP / TN / FP / FN     : 0 / 320 / 0 / 0
Recall                : 0.0000
Detection precision   : 0.0000
Correction precision  : 0.0000 %
==================================================


=== C1 fault 6144^3
=== ABFT GEMM (cuBLAS, online pipelined) ===
Mode           : online  (inject=add)
M x K x N      : 6144 x 6144 x 6144
Process grid   : 1 x 2  (world=2)
Frags per rank : 8
Repeats        : 1
Samples        : 20
Threshold      : 1 (override)
Encoding       : overlap
Localization   : only with injection
GPUs visible   : 2

[Rank 0] 20 timed trials × 1 iters/trial

========== EXPERIMENT METRICS (global) ==========
Mode              : online / inject=add
M x K x N         : 6144 x 6144 x 6144
Process grid      : 1 x 2
Frags per rank    : 8
Total fragments   : 16
Repeats           : 1
Threshold used    : 1.0000
--- Timing (worst rank) ---
Baseline   min/med/max : 44.4491 / 46.1520 / 48.0031  ms
Baseline   GFLOPS (med): 10050.6292  (min 9663.0447, max 10435.6851)
Protected  min/med/max : 50.4332 / 52.4915 / 57.7221  ms
Protected  GFLOPS (med): 8836.7915  (min 8036.0311, max 9197.4436)
Overhead (median)      : 13.7362 %
--- Confusion Matrix (global) ---
TP / TN / FP / FN     : 40 / 280 / 0 / 0
Recall                : 1.0000
Detection precision   : 1.0000
Correction precision  : 0.0000 %
==================================================


=== C1 baseline 6400^3
=== ABFT GEMM (cuBLAS, online pipelined) ===
Mode           : baseline  (inject=none)
M x K x N      : 6400 x 6400 x 6400
Process grid   : 1 x 2  (world=2)
Frags per rank : 8
Repeats        : 1
Samples        : 20
Threshold      : (per-fragment, formula)
GPUs visible   : 2


========== EXPERIMENT METRICS (global) ==========
Mode              : BASELINE
M x K x N         : 6400 x 6400 x 6400
Process grid      : 1 x 2
Frags per rank    : 8
Total fragments   : 16
Repeats           : 1
Threshold used    : 555.7895
--- Timing (worst rank) ---
Baseline   min/med/max : 68.4242 / 69.5826 / 70.4195  ms
Baseline   GFLOPS (med): 7534.7551  (min 7445.2157, max 7662.3132)
Protected  min/med/max : 68.4242 / 69.5826 / 70.4195  ms
Protected  GFLOPS (med): 7534.7551  (min 7445.2157, max 7662.3132)
Overhead (median)      : 0.0000 %
--- Confusion Matrix (global) ---
TP / TN / FP / FN     : 0 / 320 / 0 / 0
Recall                : 0.0000
Detection precision   : 0.0000
Correction precision  : 0.0000 %
==================================================


=== C1 A1 detect 6400^3
=== ABFT GEMM (cuBLAS, online pipelined) ===
Mode           : online  (inject=none)
M x K x N      : 6400 x 6400 x 6400
Process grid   : 1 x 2  (world=2)
Frags per rank : 8
Repeats        : 1
Samples        : 20
Threshold      : 1 (override)
Encoding       : overlap
Localization   : only with injection
GPUs visible   : 2

[Rank 0] 20 timed trials × 1 iters/trial

========== EXPERIMENT METRICS (global) ==========
Mode              : online / inject=none
M x K x N         : 6400 x 6400 x 6400
Process grid      : 1 x 2
Frags per rank    : 8
Total fragments   : 16
Repeats           : 1
Threshold used    : 1.0000
--- Timing (worst rank) ---
Baseline   min/med/max : 69.0060 / 71.5860 / 77.2573  ms
Baseline   GFLOPS (med): 7323.8877  (min 6786.2594, max 7597.7191)
Protected  min/med/max : 72.0029 / 73.3824 / 81.0082  ms
Protected  GFLOPS (med): 7144.6050  (min 6472.0400, max 7281.4857)
Overhead (median)      : 2.5093 %
--- Confusion Matrix (global) ---
TP / TN / FP / FN     : 0 / 320 / 0 / 0
Recall                : 0.0000
Detection precision   : 0.0000
Correction precision  : 0.0000 %
==================================================


=== C1 B1 always 6400^3
=== ABFT GEMM (cuBLAS, online pipelined) ===
Mode           : online_loc  (inject=none)
M x K x N      : 6400 x 6400 x 6400
Process grid   : 1 x 2  (world=2)
Frags per rank : 8
Repeats        : 1
Samples        : 20
Threshold      : 1 (override)
Encoding       : overlap
Localization   : every fragment (deployment)
GPUs visible   : 2

[Rank 0] 20 timed trials × 1 iters/trial

========== EXPERIMENT METRICS (global) ==========
Mode              : online_loc / inject=none
M x K x N         : 6400 x 6400 x 6400
Process grid      : 1 x 2
Frags per rank    : 8
Total fragments   : 16
Repeats           : 1
Threshold used    : 1.0000
--- Timing (worst rank) ---
Baseline   min/med/max : 69.3584 / 73.7346 / 79.2413  ms
Baseline   GFLOPS (med): 7110.4754  (min 6616.3461, max 7559.1114)
Protected  min/med/max : 70.9571 / 75.7099 / 81.6612  ms
Protected  GFLOPS (med): 6924.9591  (min 6420.2819, max 7388.7996)
Overhead (median)      : 2.6790 %
--- Confusion Matrix (global) ---
TP / TN / FP / FN     : 0 / 320 / 0 / 0
Recall                : 0.0000
Detection precision   : 0.0000
Correction precision  : 0.0000 %
==================================================


=== C1 B2 always 6400^3
=== ABFT GEMM (cuBLAS, online pipelined) ===
Mode           : online_loc  (inject=none)
M x K x N      : 6400 x 6400 x 6400
Process grid   : 1 x 2  (world=2)
Frags per rank : 8
Repeats        : 1
Samples        : 20
Threshold      : 1 (override)
Encoding       : overlap
Localization   : every fragment (deployment)
GPUs visible   : 2

[Rank 0] 20 timed trials × 1 iters/trial

========== EXPERIMENT METRICS (global) ==========
Mode              : online_loc / inject=none
M x K x N         : 6400 x 6400 x 6400
Process grid      : 1 x 2
Frags per rank    : 8
Total fragments   : 16
Repeats           : 1
Threshold used    : 1.0000
--- Timing (worst rank) ---
Baseline   min/med/max : 68.8054 / 73.2183 / 79.6369  ms
Baseline   GFLOPS (med): 7160.6103  (min 6583.4825, max 7619.8700)
Protected  min/med/max : 71.0854 / 75.4805 / 81.5417  ms
Protected  GFLOPS (med): 6946.0027  (min 6429.6901, max 7375.4650)
Overhead (median)      : 3.0897 %
--- Confusion Matrix (global) ---
TP / TN / FP / FN     : 0 / 320 / 0 / 0
Recall                : 0.0000
Detection precision   : 0.0000
Correction precision  : 0.0000 %
==================================================


=== C1 A2 detect 6400^3
=== ABFT GEMM (cuBLAS, online pipelined) ===
Mode           : online  (inject=none)
M x K x N      : 6400 x 6400 x 6400
Process grid   : 1 x 2  (world=2)
Frags per rank : 8
Repeats        : 1
Samples        : 20
Threshold      : 1 (override)
Encoding       : overlap
Localization   : only with injection
GPUs visible   : 2

[Rank 0] 20 timed trials × 1 iters/trial

========== EXPERIMENT METRICS (global) ==========
Mode              : online / inject=none
M x K x N         : 6400 x 6400 x 6400
Process grid      : 1 x 2
Frags per rank    : 8
Total fragments   : 16
Repeats           : 1
Threshold used    : 1.0000
--- Timing (worst rank) ---
Baseline   min/med/max : 67.4557 / 73.1384 / 79.6196  ms
Baseline   GFLOPS (med): 7168.4385  (min 6584.9101, max 7772.3314)
Protected  min/med/max : 71.6418 / 76.2057 / 81.4401  ms
Protected  GFLOPS (med): 6879.9070  (min 6437.7125, max 7318.1849)
Overhead (median)      : 4.1938 %
--- Confusion Matrix (global) ---
TP / TN / FP / FN     : 0 / 320 / 0 / 0
Recall                : 0.0000
Detection precision   : 0.0000
Correction precision  : 0.0000 %
==================================================


=== C1 fault 6400^3
=== ABFT GEMM (cuBLAS, online pipelined) ===
Mode           : online  (inject=add)
M x K x N      : 6400 x 6400 x 6400
Process grid   : 1 x 2  (world=2)
Frags per rank : 8
Repeats        : 1
Samples        : 20
Threshold      : 1 (override)
Encoding       : overlap
Localization   : only with injection
GPUs visible   : 2

[Rank 0] 20 timed trials × 1 iters/trial

========== EXPERIMENT METRICS (global) ==========
Mode              : online / inject=add
M x K x N         : 6400 x 6400 x 6400
Process grid      : 1 x 2
Frags per rank    : 8
Total fragments   : 16
Repeats           : 1
Threshold used    : 1.0000
--- Timing (worst rank) ---
Baseline   min/med/max : 69.0481 / 73.8805 / 79.9076  ms
Baseline   GFLOPS (med): 7096.4346  (min 6561.1808, max 7593.0851)
Protected  min/med/max : 71.7482 / 79.8978 / 83.2923  ms
Protected  GFLOPS (med): 6561.9796  (min 6294.5557, max 7307.3310)
Overhead (median)      : 8.1447 %
--- Confusion Matrix (global) ---
TP / TN / FP / FN     : 40 / 280 / 0 / 0
Recall                : 1.0000
Detection precision   : 1.0000
Correction precision  : 0.0000 %
==================================================


=== C1 baseline 6656^3
=== ABFT GEMM (cuBLAS, online pipelined) ===
Mode           : baseline  (inject=none)
M x K x N      : 6656 x 6656 x 6656
Process grid   : 1 x 2  (world=2)
Frags per rank : 8
Repeats        : 1
Samples        : 20
Threshold      : (per-fragment, formula)
GPUs visible   : 2


========== EXPERIMENT METRICS (global) ==========
Mode              : BASELINE
M x K x N         : 6656 x 6656 x 6656
Process grid      : 1 x 2
Frags per rank    : 8
Total fragments   : 16
Repeats           : 1
Threshold used    : 620.5118
--- Timing (worst rank) ---
Baseline   min/med/max : 73.1996 / 75.1281 / 75.9511  ms
Baseline   GFLOPS (med): 7849.9616  (min 7764.9012, max 8056.7758)
Protected  min/med/max : 73.1996 / 75.1281 / 75.9511  ms
Protected  GFLOPS (med): 7849.9616  (min 7764.9012, max 8056.7758)
Overhead (median)      : 0.0000 %
--- Confusion Matrix (global) ---
TP / TN / FP / FN     : 0 / 320 / 0 / 0
Recall                : 0.0000
Detection precision   : 0.0000
Correction precision  : 0.0000 %
==================================================


=== C1 A1 detect 6656^3
=== ABFT GEMM (cuBLAS, online pipelined) ===
Mode           : online  (inject=none)
M x K x N      : 6656 x 6656 x 6656
Process grid   : 1 x 2  (world=2)
Frags per rank : 8
Repeats        : 1
Samples        : 20
Threshold      : 1 (override)
Encoding       : overlap
Localization   : only with injection
GPUs visible   : 2

[Rank 0] 20 timed trials × 1 iters/trial

========== EXPERIMENT METRICS (global) ==========
Mode              : online / inject=none
M x K x N         : 6656 x 6656 x 6656
Process grid      : 1 x 2
Frags per rank    : 8
Total fragments   : 16
Repeats           : 1
Threshold used    : 1.0000
--- Timing (worst rank) ---
Baseline   min/med/max : 74.2803 / 75.6932 / 76.0630  ms
Baseline   GFLOPS (med): 7791.3547  (min 7753.4754, max 7939.5579)
Protected  min/med/max : 77.3049 / 77.8173 / 78.2272  ms
Protected  GFLOPS (med): 7578.6833  (min 7538.9765, max 7628.9192)
Overhead (median)      : 2.8062 %
--- Confusion Matrix (global) ---
TP / TN / FP / FN     : 0 / 320 / 0 / 0
Recall                : 0.0000
Detection precision   : 0.0000
Correction precision  : 0.0000 %
==================================================


=== C1 B1 always 6656^3
=== ABFT GEMM (cuBLAS, online pipelined) ===
Mode           : online_loc  (inject=none)
M x K x N      : 6656 x 6656 x 6656
Process grid   : 1 x 2  (world=2)
Frags per rank : 8
Repeats        : 1
Samples        : 20
Threshold      : 1 (override)
Encoding       : overlap
Localization   : every fragment (deployment)
GPUs visible   : 2

[Rank 0] 20 timed trials × 1 iters/trial

========== EXPERIMENT METRICS (global) ==========
Mode              : online_loc / inject=none
M x K x N         : 6656 x 6656 x 6656
Process grid      : 1 x 2
Frags per rank    : 8
Total fragments   : 16
Repeats           : 1
Threshold used    : 1.0000
--- Timing (worst rank) ---
Baseline   min/med/max : 73.7981 / 75.7001 / 81.9379  ms
Baseline   GFLOPS (med): 7790.6504  (min 7197.5540, max 7991.4358)
Protected  min/med/max : 77.1707 / 77.5191 / 83.7382  ms
Protected  GFLOPS (med): 7607.8366  (min 7042.8192, max 7642.1875)
Overhead (median)      : 2.4030 %
--- Confusion Matrix (global) ---
TP / TN / FP / FN     : 0 / 320 / 0 / 0
Recall                : 0.0000
Detection precision   : 0.0000
Correction precision  : 0.0000 %
==================================================


=== C1 B2 always 6656^3
=== ABFT GEMM (cuBLAS, online pipelined) ===
Mode           : online_loc  (inject=none)
M x K x N      : 6656 x 6656 x 6656
Process grid   : 1 x 2  (world=2)
Frags per rank : 8
Repeats        : 1
Samples        : 20
Threshold      : 1 (override)
Encoding       : overlap
Localization   : every fragment (deployment)
GPUs visible   : 2

[Rank 0] 20 timed trials × 1 iters/trial

========== EXPERIMENT METRICS (global) ==========
Mode              : online_loc / inject=none
M x K x N         : 6656 x 6656 x 6656
Process grid      : 1 x 2
Frags per rank    : 8
Total fragments   : 16
Repeats           : 1
Threshold used    : 1.0000
--- Timing (worst rank) ---
Baseline   min/med/max : 74.2636 / 77.2366 / 84.3364  ms
Baseline   GFLOPS (med): 7635.6680  (min 6992.8570, max 7941.3479)
Protected  min/med/max : 77.0256 / 79.7408 / 87.0212  ms
Protected  GFLOPS (med): 7395.8716  (min 6777.1156, max 7656.5843)
Overhead (median)      : 3.2423 %
--- Confusion Matrix (global) ---
TP / TN / FP / FN     : 0 / 320 / 0 / 0
Recall                : 0.0000
Detection precision   : 0.0000
Correction precision  : 0.0000 %
==================================================


=== C1 A2 detect 6656^3
=== ABFT GEMM (cuBLAS, online pipelined) ===
Mode           : online  (inject=none)
M x K x N      : 6656 x 6656 x 6656
Process grid   : 1 x 2  (world=2)
Frags per rank : 8
Repeats        : 1
Samples        : 20
Threshold      : 1 (override)
Encoding       : overlap
Localization   : only with injection
GPUs visible   : 2

[Rank 0] 20 timed trials × 1 iters/trial

========== EXPERIMENT METRICS (global) ==========
Mode              : online / inject=none
M x K x N         : 6656 x 6656 x 6656
Process grid      : 1 x 2
Frags per rank    : 8
Total fragments   : 16
Repeats           : 1
Threshold used    : 1.0000
--- Timing (worst rank) ---
Baseline   min/med/max : 73.0641 / 78.6990 / 84.5350  ms
Baseline   GFLOPS (med): 7493.7729  (min 6976.4351, max 8071.7112)
Protected  min/med/max : 76.5315 / 81.5407 / 87.1408  ms
Protected  GFLOPS (med): 7232.6200  (min 6767.8164, max 7706.0140)
Overhead (median)      : 3.6108 %
--- Confusion Matrix (global) ---
TP / TN / FP / FN     : 0 / 320 / 0 / 0
Recall                : 0.0000
Detection precision   : 0.0000
Correction precision  : 0.0000 %
==================================================


=== C1 fault 6656^3
=== ABFT GEMM (cuBLAS, online pipelined) ===
Mode           : online  (inject=add)
M x K x N      : 6656 x 6656 x 6656
Process grid   : 1 x 2  (world=2)
Frags per rank : 8
Repeats        : 1
Samples        : 20
Threshold      : 1 (override)
Encoding       : overlap
Localization   : only with injection
GPUs visible   : 2

[Rank 0] 20 timed trials × 1 iters/trial

========== EXPERIMENT METRICS (global) ==========
Mode              : online / inject=add
M x K x N         : 6656 x 6656 x 6656
Process grid      : 1 x 2
Frags per rank    : 8
Total fragments   : 16
Repeats           : 1
Threshold used    : 1.0000
--- Timing (worst rank) ---
Baseline   min/med/max : 72.3413 / 76.3200 / 83.1323  ms
Baseline   GFLOPS (med): 7727.3694  (min 7094.1502, max 8152.3654)
Protected  min/med/max : 78.0088 / 81.7603 / 86.8727  ms
Protected  GFLOPS (med): 7213.1896  (min 6788.7032, max 7560.0804)
Overhead (median)      : 7.1283 %
--- Confusion Matrix (global) ---
TP / TN / FP / FN     : 40 / 280 / 0 / 0
Recall                : 1.0000
Detection precision   : 1.0000
Correction precision  : 0.0000 %
==================================================


=== C1 baseline 6912^3
=== ABFT GEMM (cuBLAS, online pipelined) ===
Mode           : baseline  (inject=none)
M x K x N      : 6912 x 6912 x 6912
Process grid   : 1 x 2  (world=2)
Frags per rank : 8
Repeats        : 1
Samples        : 20
Threshold      : (per-fragment, formula)
GPUs visible   : 2


========== EXPERIMENT METRICS (global) ==========
Mode              : BASELINE
M x K x N         : 6912 x 6912 x 6912
Process grid      : 1 x 2
Frags per rank    : 8
Total fragments   : 16
Repeats           : 1
Threshold used    : 694.6001
--- Timing (worst rank) ---
Baseline   min/med/max : 76.5521 / 79.1766 / 80.4340  ms
Baseline   GFLOPS (med): 8341.5055  (min 8211.0996, max 8627.4850)
Protected  min/med/max : 76.5521 / 79.1766 / 80.4340  ms
Protected  GFLOPS (med): 8341.5055  (min 8211.0996, max 8627.4850)
Overhead (median)      : 0.0000 %
--- Confusion Matrix (global) ---
TP / TN / FP / FN     : 0 / 320 / 0 / 0
Recall                : 0.0000
Detection precision   : 0.0000
Correction precision  : 0.0000 %
==================================================


=== C1 A1 detect 6912^3
=== ABFT GEMM (cuBLAS, online pipelined) ===
Mode           : online  (inject=none)
M x K x N      : 6912 x 6912 x 6912
Process grid   : 1 x 2  (world=2)
Frags per rank : 8
Repeats        : 1
Samples        : 20
Threshold      : 1 (override)
Encoding       : overlap
Localization   : only with injection
GPUs visible   : 2

[Rank 0] 20 timed trials × 1 iters/trial

========== EXPERIMENT METRICS (global) ==========
Mode              : online / inject=none
M x K x N         : 6912 x 6912 x 6912
Process grid      : 1 x 2
Frags per rank    : 8
Total fragments   : 16
Repeats           : 1
Threshold used    : 1.0000
--- Timing (worst rank) ---
Baseline   min/med/max : 79.4692 / 80.6316 / 82.0124  ms
Baseline   GFLOPS (med): 8190.9806  (min 8053.0711, max 8310.7856)
Protected  min/med/max : 82.4136 / 83.2545 / 84.9290  ms
Protected  GFLOPS (med): 7932.9263  (min 7776.5159, max 8013.8697)
Overhead (median)      : 3.2530 %
--- Confusion Matrix (global) ---
TP / TN / FP / FN     : 0 / 320 / 0 / 0
Recall                : 0.0000
Detection precision   : 0.0000
Correction precision  : 0.0000 %
==================================================


=== C1 B1 always 6912^3
=== ABFT GEMM (cuBLAS, online pipelined) ===
Mode           : online_loc  (inject=none)
M x K x N      : 6912 x 6912 x 6912
Process grid   : 1 x 2  (world=2)
Frags per rank : 8
Repeats        : 1
Samples        : 20
Threshold      : 1 (override)
Encoding       : overlap
Localization   : every fragment (deployment)
GPUs visible   : 2

[Rank 0] 20 timed trials × 1 iters/trial

========== EXPERIMENT METRICS (global) ==========
Mode              : online_loc / inject=none
M x K x N         : 6912 x 6912 x 6912
Process grid      : 1 x 2
Frags per rank    : 8
Total fragments   : 16
Repeats           : 1
Threshold used    : 1.0000
--- Timing (worst rank) ---
Baseline   min/med/max : 77.4675 / 80.3747 / 85.0322  ms
Baseline   GFLOPS (med): 8217.1649  (min 7767.0820, max 8525.5328)
Protected  min/med/max : 80.4523 / 83.0865 / 87.3691  ms
Protected  GFLOPS (med): 7948.9676  (min 7559.3267, max 8209.2403)
Overhead (median)      : 3.3740 %
--- Confusion Matrix (global) ---
TP / TN / FP / FN     : 0 / 320 / 0 / 0
Recall                : 0.0000
Detection precision   : 0.0000
Correction precision  : 0.0000 %
==================================================


=== C1 B2 always 6912^3
=== ABFT GEMM (cuBLAS, online pipelined) ===
Mode           : online_loc  (inject=none)
M x K x N      : 6912 x 6912 x 6912
Process grid   : 1 x 2  (world=2)
Frags per rank : 8
Repeats        : 1
Samples        : 20
Threshold      : 1 (override)
Encoding       : overlap
Localization   : every fragment (deployment)
GPUs visible   : 2

[Rank 0] 20 timed trials × 1 iters/trial

========== EXPERIMENT METRICS (global) ==========
Mode              : online_loc / inject=none
M x K x N         : 6912 x 6912 x 6912
Process grid      : 1 x 2
Frags per rank    : 8
Total fragments   : 16
Repeats           : 1
Threshold used    : 1.0000
--- Timing (worst rank) ---
Baseline   min/med/max : 78.1141 / 80.4205 / 84.7097  ms
Baseline   GFLOPS (med): 8212.4785  (min 7796.6455, max 8454.9630)
Protected  min/med/max : 81.9773 / 82.9590 / 89.1008  ms
Protected  GFLOPS (med): 7961.1801  (min 7412.4094, max 8056.5167)
Overhead (median)      : 3.1565 %
--- Confusion Matrix (global) ---
TP / TN / FP / FN     : 0 / 320 / 0 / 0
Recall                : 0.0000
Detection precision   : 0.0000
Correction precision  : 0.0000 %
==================================================


=== C1 A2 detect 6912^3
=== ABFT GEMM (cuBLAS, online pipelined) ===
Mode           : online  (inject=none)
M x K x N      : 6912 x 6912 x 6912
Process grid   : 1 x 2  (world=2)
Frags per rank : 8
Repeats        : 1
Samples        : 20
Threshold      : 1 (override)
Encoding       : overlap
Localization   : only with injection
GPUs visible   : 2

[Rank 0] 20 timed trials × 1 iters/trial

========== EXPERIMENT METRICS (global) ==========
Mode              : online / inject=none
M x K x N         : 6912 x 6912 x 6912
Process grid      : 1 x 2
Frags per rank    : 8
Total fragments   : 16
Repeats           : 1
Threshold used    : 1.0000
--- Timing (worst rank) ---
Baseline   min/med/max : 77.3403 / 79.9370 / 85.6991  ms
Baseline   GFLOPS (med): 8262.1528  (min 7706.6382, max 8539.5523)
Protected  min/med/max : 81.3794 / 82.6462 / 90.1181  ms
Protected  GFLOPS (med): 7991.3123  (min 7328.7367, max 8115.7120)
Overhead (median)      : 3.3892 %
--- Confusion Matrix (global) ---
TP / TN / FP / FN     : 0 / 320 / 0 / 0
Recall                : 0.0000
Detection precision   : 0.0000
Correction precision  : 0.0000 %
==================================================


=== C1 fault 6912^3
=== ABFT GEMM (cuBLAS, online pipelined) ===
Mode           : online  (inject=add)
M x K x N      : 6912 x 6912 x 6912
Process grid   : 1 x 2  (world=2)
Frags per rank : 8
Repeats        : 1
Samples        : 20
Threshold      : 1 (override)
Encoding       : overlap
Localization   : only with injection
GPUs visible   : 2

[Rank 0] 20 timed trials × 1 iters/trial

========== EXPERIMENT METRICS (global) ==========
Mode              : online / inject=add
M x K x N         : 6912 x 6912 x 6912
Process grid      : 1 x 2
Frags per rank    : 8
Total fragments   : 16
Repeats           : 1
Threshold used    : 1.0000
--- Timing (worst rank) ---
Baseline   min/med/max : 78.1911 / 80.8870 / 87.4194  ms
Baseline   GFLOPS (med): 8165.1178  (min 7554.9842, max 8446.6395)
Protected  min/med/max : 83.1059 / 86.6826 / 102.3402  ms
Protected  GFLOPS (med): 7619.1986  (min 6453.4950, max 7947.1161)
Overhead (median)      : 7.1650 %
--- Confusion Matrix (global) ---
TP / TN / FP / FN     : 40 / 280 / 0 / 0
Recall                : 1.0000
Detection precision   : 1.0000
Correction precision  : 0.0000 %
==================================================


=== C1 baseline 7168^3
=== ABFT GEMM (cuBLAS, online pipelined) ===
Mode           : baseline  (inject=none)
M x K x N      : 7168 x 7168 x 7168
Process grid   : 1 x 2  (world=2)
Frags per rank : 8
Repeats        : 1
Samples        : 20
Threshold      : (per-fragment, formula)
GPUs visible   : 2


========== EXPERIMENT METRICS (global) ==========
Mode              : BASELINE
M x K x N         : 7168 x 7168 x 7168
Process grid      : 1 x 2
Frags per rank    : 8
Total fragments   : 16
Repeats           : 1
Threshold used    : 773.4493
--- Timing (worst rank) ---
Baseline   min/med/max : 79.0771 / 84.1023 / 84.4956  ms
Baseline   GFLOPS (med): 8758.2264  (min 8717.4631, max 9314.7958)
Protected  min/med/max : 79.0771 / 84.1023 / 84.4956  ms
Protected  GFLOPS (med): 8758.2264  (min 8717.4631, max 9314.7958)
Overhead (median)      : 0.0000 %
--- Confusion Matrix (global) ---
TP / TN / FP / FN     : 0 / 320 / 0 / 0
Recall                : 0.0000
Detection precision   : 0.0000
Correction precision  : 0.0000 %
==================================================


=== C1 A1 detect 7168^3
=== ABFT GEMM (cuBLAS, online pipelined) ===
Mode           : online  (inject=none)
M x K x N      : 7168 x 7168 x 7168
Process grid   : 1 x 2  (world=2)
Frags per rank : 8
Repeats        : 1
Samples        : 20
Threshold      : 1 (override)
Encoding       : overlap
Localization   : only with injection
GPUs visible   : 2

[Rank 0] 20 timed trials × 1 iters/trial

========== EXPERIMENT METRICS (global) ==========
Mode              : online / inject=none
M x K x N         : 7168 x 7168 x 7168
Process grid      : 1 x 2
Frags per rank    : 8
Total fragments   : 16
Repeats           : 1
Threshold used    : 1.0000
--- Timing (worst rank) ---
Baseline   min/med/max : 84.6775 / 86.7712 / 87.7153  ms
Baseline   GFLOPS (med): 8488.8414  (min 8397.4756, max 8698.7371)
Protected  min/med/max : 87.8180 / 88.9926 / 91.6425  ms
Protected  GFLOPS (med): 8276.9414  (min 8037.6130, max 8387.6568)
Overhead (median)      : 2.5601 %
--- Confusion Matrix (global) ---
TP / TN / FP / FN     : 0 / 320 / 0 / 0
Recall                : 0.0000
Detection precision   : 0.0000
Correction precision  : 0.0000 %
==================================================


=== C1 B1 always 7168^3
=== ABFT GEMM (cuBLAS, online pipelined) ===
Mode           : online_loc  (inject=none)
M x K x N      : 7168 x 7168 x 7168
Process grid   : 1 x 2  (world=2)
Frags per rank : 8
Repeats        : 1
Samples        : 20
Threshold      : 1 (override)
Encoding       : overlap
Localization   : every fragment (deployment)
GPUs visible   : 2

[Rank 0] 20 timed trials × 1 iters/trial

========== EXPERIMENT METRICS (global) ==========
Mode              : online_loc / inject=none
M x K x N         : 7168 x 7168 x 7168
Process grid      : 1 x 2
Frags per rank    : 8
Total fragments   : 16
Repeats           : 1
Threshold used    : 1.0000
--- Timing (worst rank) ---
Baseline   min/med/max : 84.2206 / 86.2564 / 90.2699  ms
Baseline   GFLOPS (med): 8539.5028  (min 8159.8262, max 8745.9184)
Protected  min/med/max : 87.3759 / 88.8047 / 93.5234  ms
Protected  GFLOPS (med): 8294.4573  (min 7875.9655, max 8430.0896)
Overhead (median)      : 2.9543 %
--- Confusion Matrix (global) ---
TP / TN / FP / FN     : 0 / 320 / 0 / 0
Recall                : 0.0000
Detection precision   : 0.0000
Correction precision  : 0.0000 %
==================================================


=== C1 B2 always 7168^3
=== ABFT GEMM (cuBLAS, online pipelined) ===
Mode           : online_loc  (inject=none)
M x K x N      : 7168 x 7168 x 7168
Process grid   : 1 x 2  (world=2)
Frags per rank : 8
Repeats        : 1
Samples        : 20
Threshold      : 1 (override)
Encoding       : overlap
Localization   : every fragment (deployment)
GPUs visible   : 2

[Rank 0] 20 timed trials × 1 iters/trial

========== EXPERIMENT METRICS (global) ==========
Mode              : online_loc / inject=none
M x K x N         : 7168 x 7168 x 7168
Process grid      : 1 x 2
Frags per rank    : 8
Total fragments   : 16
Repeats           : 1
Threshold used    : 1.0000
--- Timing (worst rank) ---
Baseline   min/med/max : 84.6357 / 86.2498 / 92.5205  ms
Baseline   GFLOPS (med): 8540.1605  (min 7961.3385, max 8703.0263)
Protected  min/med/max : 86.9474 / 89.1905 / 94.8808  ms
Protected  GFLOPS (med): 8258.5846  (min 7763.2833, max 8471.6414)
Overhead (median)      : 3.4095 %
--- Confusion Matrix (global) ---
TP / TN / FP / FN     : 0 / 320 / 0 / 0
Recall                : 0.0000
Detection precision   : 0.0000
Correction precision  : 0.0000 %
==================================================


=== C1 A2 detect 7168^3
=== ABFT GEMM (cuBLAS, online pipelined) ===
Mode           : online  (inject=none)
M x K x N      : 7168 x 7168 x 7168
Process grid   : 1 x 2  (world=2)
Frags per rank : 8
Repeats        : 1
Samples        : 20
Threshold      : 1 (override)
Encoding       : overlap
Localization   : only with injection
GPUs visible   : 2

[Rank 0] 20 timed trials × 1 iters/trial

========== EXPERIMENT METRICS (global) ==========
Mode              : online / inject=none
M x K x N         : 7168 x 7168 x 7168
Process grid      : 1 x 2
Frags per rank    : 8
Total fragments   : 16
Repeats           : 1
Threshold used    : 1.0000
--- Timing (worst rank) ---
Baseline   min/med/max : 83.9114 / 85.7798 / 92.3631  ms
Baseline   GFLOPS (med): 8586.9542  (min 7974.9035, max 8778.1456)
Protected  min/med/max : 87.1205 / 88.5748 / 96.3016  ms
Protected  GFLOPS (med): 8315.9848  (min 7648.7510, max 8454.8032)
Overhead (median)      : 3.2584 %
--- Confusion Matrix (global) ---
TP / TN / FP / FN     : 0 / 320 / 0 / 0
Recall                : 0.0000
Detection precision   : 0.0000
Correction precision  : 0.0000 %
==================================================


=== C1 fault 7168^3
=== ABFT GEMM (cuBLAS, online pipelined) ===
Mode           : online  (inject=add)
M x K x N      : 7168 x 7168 x 7168
Process grid   : 1 x 2  (world=2)
Frags per rank : 8
Repeats        : 1
Samples        : 20
Threshold      : 1 (override)
Encoding       : overlap
Localization   : only with injection
GPUs visible   : 2

[Rank 0] 20 timed trials × 1 iters/trial

========== EXPERIMENT METRICS (global) ==========
Mode              : online / inject=add
M x K x N         : 7168 x 7168 x 7168
Process grid      : 1 x 2
Frags per rank    : 8
Total fragments   : 16
Repeats           : 1
Threshold used    : 1.0000
--- Timing (worst rank) ---
Baseline   min/med/max : 81.6115 / 84.8937 / 91.0583  ms
Baseline   GFLOPS (med): 8676.5803  (min 8089.1752, max 9025.5283)
Protected  min/med/max : 87.6070 / 91.2171 / 98.5448  ms
Protected  GFLOPS (med): 8075.0929  (min 7474.6361, max 8407.8590)
Overhead (median)      : 7.4487 %
--- Confusion Matrix (global) ---
TP / TN / FP / FN     : 40 / 280 / 0 / 0
Recall                : 1.0000
Detection precision   : 1.0000
Correction precision  : 0.0000 %
==================================================


=== C1 baseline 7424^3
=== ABFT GEMM (cuBLAS, online pipelined) ===
Mode           : baseline  (inject=none)
M x K x N      : 7424 x 7424 x 7424
Process grid   : 1 x 2  (world=2)
Frags per rank : 8
Repeats        : 1
Samples        : 20
Threshold      : (per-fragment, formula)
GPUs visible   : 2


========== EXPERIMENT METRICS (global) ==========
Mode              : BASELINE
M x K x N         : 7424 x 7424 x 7424
Process grid      : 1 x 2
Frags per rank    : 8
Total fragments   : 16
Repeats           : 1
Threshold used    : 858.5264
--- Timing (worst rank) ---
Baseline   min/med/max : 85.1101 / 90.3765 / 91.7246  ms
Baseline   GFLOPS (med): 9054.9941  (min 8921.9193, max 9615.3044)
Protected  min/med/max : 85.1101 / 90.3765 / 91.7246  ms
Protected  GFLOPS (med): 9054.9941  (min 8921.9193, max 9615.3044)
Overhead (median)      : 0.0000 %
--- Confusion Matrix (global) ---
TP / TN / FP / FN     : 0 / 320 / 0 / 0
Recall                : 0.0000
Detection precision   : 0.0000
Correction precision  : 0.0000 %
==================================================


=== C1 A1 detect 7424^3
=== ABFT GEMM (cuBLAS, online pipelined) ===
Mode           : online  (inject=none)
M x K x N      : 7424 x 7424 x 7424
Process grid   : 1 x 2  (world=2)
Frags per rank : 8
Repeats        : 1
Samples        : 20
Threshold      : 1 (override)
Encoding       : overlap
Localization   : only with injection
GPUs visible   : 2

[Rank 0] 20 timed trials × 1 iters/trial

========== EXPERIMENT METRICS (global) ==========
Mode              : online / inject=none
M x K x N         : 7424 x 7424 x 7424
Process grid      : 1 x 2
Frags per rank    : 8
Total fragments   : 16
Repeats           : 1
Threshold used    : 1.0000
--- Timing (worst rank) ---
Baseline   min/med/max : 90.2956 / 92.1708 / 93.4355  ms
Baseline   GFLOPS (med): 8878.7225  (min 8758.5454, max 9063.1155)
Protected  min/med/max : 93.3965 / 95.2216 / 95.7418  ms
Protected  GFLOPS (med): 8594.2596  (min 8547.5636, max 8762.2017)
Overhead (median)      : 3.3099 %
--- Confusion Matrix (global) ---
TP / TN / FP / FN     : 0 / 320 / 0 / 0
Recall                : 0.0000
Detection precision   : 0.0000
Correction precision  : 0.0000 %
==================================================


=== C1 B1 always 7424^3
=== ABFT GEMM (cuBLAS, online pipelined) ===
Mode           : online_loc  (inject=none)
M x K x N      : 7424 x 7424 x 7424
Process grid   : 1 x 2  (world=2)
Frags per rank : 8
Repeats        : 1
Samples        : 20
Threshold      : 1 (override)
Encoding       : overlap
Localization   : every fragment (deployment)
GPUs visible   : 2

[Rank 0] 20 timed trials × 1 iters/trial

========== EXPERIMENT METRICS (global) ==========
Mode              : online_loc / inject=none
M x K x N         : 7424 x 7424 x 7424
Process grid      : 1 x 2
Frags per rank    : 8
Total fragments   : 16
Repeats           : 1
Threshold used    : 1.0000
--- Timing (worst rank) ---
Baseline   min/med/max : 90.2940 / 91.6804 / 94.1905  ms
Baseline   GFLOPS (med): 8926.2111  (min 8688.3350, max 9063.2735)
Protected  min/med/max : 93.0459 / 94.5981 / 98.8571  ms
Protected  GFLOPS (med): 8650.9008  (min 8278.1996, max 8795.2152)
Overhead (median)      : 3.1824 %
--- Confusion Matrix (global) ---
TP / TN / FP / FN     : 0 / 320 / 0 / 0
Recall                : 0.0000
Detection precision   : 0.0000
Correction precision  : 0.0000 %
==================================================


=== C1 B2 always 7424^3
=== ABFT GEMM (cuBLAS, online pipelined) ===
Mode           : online_loc  (inject=none)
M x K x N      : 7424 x 7424 x 7424
Process grid   : 1 x 2  (world=2)
Frags per rank : 8
Repeats        : 1
Samples        : 20
Threshold      : 1 (override)
Encoding       : overlap
Localization   : every fragment (deployment)
GPUs visible   : 2

[Rank 0] 20 timed trials × 1 iters/trial

========== EXPERIMENT METRICS (global) ==========
Mode              : online_loc / inject=none
M x K x N         : 7424 x 7424 x 7424
Process grid      : 1 x 2
Frags per rank    : 8
Total fragments   : 16
Repeats           : 1
Threshold used    : 1.0000
--- Timing (worst rank) ---
Baseline   min/med/max : 90.4252 / 91.8028 / 99.1059  ms
Baseline   GFLOPS (med): 8914.3162  (min 8257.4225, max 9050.1179)
Protected  min/med/max : 93.1543 / 94.8167 / 101.9864  ms
Protected  GFLOPS (med): 8630.9623  (min 8024.2007, max 8784.9884)
Overhead (median)      : 3.2830 %
--- Confusion Matrix (global) ---
TP / TN / FP / FN     : 0 / 320 / 0 / 0
Recall                : 0.0000
Detection precision   : 0.0000
Correction precision  : 0.0000 %
==================================================


=== C1 A2 detect 7424^3
=== ABFT GEMM (cuBLAS, online pipelined) ===
Mode           : online  (inject=none)
M x K x N      : 7424 x 7424 x 7424
Process grid   : 1 x 2  (world=2)
Frags per rank : 8
Repeats        : 1
Samples        : 20
Threshold      : 1 (override)
Encoding       : overlap
Localization   : only with injection
GPUs visible   : 2

[Rank 0] 20 timed trials × 1 iters/trial

========== EXPERIMENT METRICS (global) ==========
Mode              : online / inject=none
M x K x N         : 7424 x 7424 x 7424
Process grid      : 1 x 2
Frags per rank    : 8
Total fragments   : 16
Repeats           : 1
Threshold used    : 1.0000
--- Timing (worst rank) ---
Baseline   min/med/max : 90.9386 / 92.4101 / 99.7049  ms
Baseline   GFLOPS (med): 8855.7315  (min 8207.8148, max 8999.0251)
Protected  min/med/max : 94.0093 / 95.8636 / 101.8805  ms
Protected  GFLOPS (med): 8536.7048  (min 8032.5367, max 8705.0833)
Overhead (median)      : 3.7371 %
--- Confusion Matrix (global) ---
TP / TN / FP / FN     : 0 / 320 / 0 / 0
Recall                : 0.0000
Detection precision   : 0.0000
Correction precision  : 0.0000 %
==================================================


=== C1 fault 7424^3
=== ABFT GEMM (cuBLAS, online pipelined) ===
Mode           : online  (inject=add)
M x K x N      : 7424 x 7424 x 7424
Process grid   : 1 x 2  (world=2)
Frags per rank : 8
Repeats        : 1
Samples        : 20
Threshold      : 1 (override)
Encoding       : overlap
Localization   : only with injection
GPUs visible   : 2

[Rank 0] 20 timed trials × 1 iters/trial

========== EXPERIMENT METRICS (global) ==========
Mode              : online / inject=add
M x K x N         : 7424 x 7424 x 7424
Process grid      : 1 x 2
Frags per rank    : 8
Total fragments   : 16
Repeats           : 1
Threshold used    : 1.0000
--- Timing (worst rank) ---
Baseline   min/med/max : 90.3999 / 92.3163 / 98.2569  ms
Baseline   GFLOPS (med): 8864.7323  (min 8328.7678, max 9052.6508)
Protected  min/med/max : 95.5490 / 98.6963 / 105.5776  ms
Protected  GFLOPS (med): 8291.6889  (min 7751.2579, max 8564.8112)
Overhead (median)      : 6.9111 %
--- Confusion Matrix (global) ---
TP / TN / FP / FN     : 40 / 280 / 0 / 0
Recall                : 1.0000
Detection precision   : 1.0000
Correction precision  : 0.0000 %
==================================================


=== C1 baseline 7680^3
=== ABFT GEMM (cuBLAS, online pipelined) ===
Mode           : baseline  (inject=none)
M x K x N      : 7680 x 7680 x 7680
Process grid   : 1 x 2  (world=2)
Frags per rank : 8
Repeats        : 1
Samples        : 20
Threshold      : (per-fragment, formula)
GPUs visible   : 2


========== EXPERIMENT METRICS (global) ==========
Mode              : BASELINE
M x K x N         : 7680 x 7680 x 7680
Process grid      : 1 x 2
Frags per rank    : 8
Total fragments   : 16
Repeats           : 1
Threshold used    : 949.9796
--- Timing (worst rank) ---
Baseline   min/med/max : 92.4605 / 96.4972 / 98.0160  ms
Baseline   GFLOPS (med): 9388.5619  (min 9243.0810, max 9798.4536)
Protected  min/med/max : 92.4605 / 96.4972 / 98.0160  ms
Protected  GFLOPS (med): 9388.5619  (min 9243.0810, max 9798.4536)
Overhead (median)      : 0.0000 %
--- Confusion Matrix (global) ---
TP / TN / FP / FN     : 0 / 320 / 0 / 0
Recall                : 0.0000
Detection precision   : 0.0000
Correction precision  : 0.0000 %
==================================================


=== C1 A1 detect 7680^3
=== ABFT GEMM (cuBLAS, online pipelined) ===
Mode           : online  (inject=none)
M x K x N      : 7680 x 7680 x 7680
Process grid   : 1 x 2  (world=2)
Frags per rank : 8
Repeats        : 1
Samples        : 20
Threshold      : 1 (override)
Encoding       : overlap
Localization   : only with injection
GPUs visible   : 2

[Rank 0] 20 timed trials × 1 iters/trial

========== EXPERIMENT METRICS (global) ==========
Mode              : online / inject=none
M x K x N         : 7680 x 7680 x 7680
Process grid      : 1 x 2
Frags per rank    : 8
Total fragments   : 16
Repeats           : 1
Threshold used    : 1.0000
--- Timing (worst rank) ---
Baseline   min/med/max : 96.2470 / 99.1201 / 100.0046  ms
Baseline   GFLOPS (med): 9140.1178  (min 9059.2804, max 9412.9620)
Protected  min/med/max : 101.3550 / 103.7795 / 106.3518  ms
Protected  GFLOPS (med): 8729.7536  (min 8518.6081, max 8938.5785)
Overhead (median)      : 4.7008 %
--- Confusion Matrix (global) ---
TP / TN / FP / FN     : 0 / 320 / 0 / 0
Recall                : 0.0000
Detection precision   : 0.0000
Correction precision  : 0.0000 %
==================================================


=== C1 B1 always 7680^3
=== ABFT GEMM (cuBLAS, online pipelined) ===
Mode           : online_loc  (inject=none)
M x K x N      : 7680 x 7680 x 7680
Process grid   : 1 x 2  (world=2)
Frags per rank : 8
Repeats        : 1
Samples        : 20
Threshold      : 1 (override)
Encoding       : overlap
Localization   : every fragment (deployment)
GPUs visible   : 2

[Rank 0] 20 timed trials × 1 iters/trial

========== EXPERIMENT METRICS (global) ==========
Mode              : online_loc / inject=none
M x K x N         : 7680 x 7680 x 7680
Process grid      : 1 x 2
Frags per rank    : 8
Total fragments   : 16
Repeats           : 1
Threshold used    : 1.0000
--- Timing (worst rank) ---
Baseline   min/med/max : 95.9815 / 96.9365 / 98.9065  ms
Baseline   GFLOPS (med): 9346.0122  (min 9159.8560, max 9439.0035)
Protected  min/med/max : 100.2810 / 102.2497 / 103.6188  ms
Protected  GFLOPS (med): 8860.3621  (min 8743.2934, max 9034.3105)
Overhead (median)      : 5.4812 %
--- Confusion Matrix (global) ---
TP / TN / FP / FN     : 0 / 320 / 0 / 0
Recall                : 0.0000
Detection precision   : 0.0000
Correction precision  : 0.0000 %
==================================================


=== C1 B2 always 7680^3
=== ABFT GEMM (cuBLAS, online pipelined) ===
Mode           : online_loc  (inject=none)
M x K x N      : 7680 x 7680 x 7680
Process grid   : 1 x 2  (world=2)
Frags per rank : 8
Repeats        : 1
Samples        : 20
Threshold      : 1 (override)
Encoding       : overlap
Localization   : every fragment (deployment)
GPUs visible   : 2

[Rank 0] 20 timed trials × 1 iters/trial

========== EXPERIMENT METRICS (global) ==========
Mode              : online_loc / inject=none
M x K x N         : 7680 x 7680 x 7680
Process grid      : 1 x 2
Frags per rank    : 8
Total fragments   : 16
Repeats           : 1
Threshold used    : 1.0000
--- Timing (worst rank) ---
Baseline   min/med/max : 95.9408 / 97.2247 / 99.4000  ms
Baseline   GFLOPS (med): 9318.3078  (min 9114.3837, max 9443.0113)
Protected  min/med/max : 101.2548 / 102.5340 / 105.6244  ms
Protected  GFLOPS (med): 8835.8005  (min 8577.2728, max 8947.4259)
Overhead (median)      : 5.4608 %
--- Confusion Matrix (global) ---
TP / TN / FP / FN     : 0 / 320 / 0 / 0
Recall                : 0.0000
Detection precision   : 0.0000
Correction precision  : 0.0000 %
==================================================


=== C1 A2 detect 7680^3
=== ABFT GEMM (cuBLAS, online pipelined) ===
Mode           : online  (inject=none)
M x K x N      : 7680 x 7680 x 7680
Process grid   : 1 x 2  (world=2)
Frags per rank : 8
Repeats        : 1
Samples        : 20
Threshold      : 1 (override)
Encoding       : overlap
Localization   : only with injection
GPUs visible   : 2

[Rank 0] 20 timed trials × 1 iters/trial

========== EXPERIMENT METRICS (global) ==========
Mode              : online / inject=none
M x K x N         : 7680 x 7680 x 7680
Process grid      : 1 x 2
Frags per rank    : 8
Total fragments   : 16
Repeats           : 1
Threshold used    : 1.0000
--- Timing (worst rank) ---
Baseline   min/med/max : 95.6085 / 97.8465 / 103.8706  ms
Baseline   GFLOPS (med): 9259.0923  (min 8722.0952, max 9475.8302)
Protected  min/med/max : 100.0461 / 103.0036 / 109.8531  ms
Protected  GFLOPS (med): 8795.5134  (min 8247.1008, max 9055.5193)
Overhead (median)      : 5.2706 %
--- Confusion Matrix (global) ---
TP / TN / FP / FN     : 0 / 320 / 0 / 0
Recall                : 0.0000
Detection precision   : 0.0000
Correction precision  : 0.0000 %
==================================================


=== C1 fault 7680^3
=== ABFT GEMM (cuBLAS, online pipelined) ===
Mode           : online  (inject=add)
M x K x N      : 7680 x 7680 x 7680
Process grid   : 1 x 2  (world=2)
Frags per rank : 8
Repeats        : 1
Samples        : 20
Threshold      : 1 (override)
Encoding       : overlap
Localization   : only with injection
GPUs visible   : 2

[Rank 0] 20 timed trials × 1 iters/trial

========== EXPERIMENT METRICS (global) ==========
Mode              : online / inject=add
M x K x N         : 7680 x 7680 x 7680
Process grid      : 1 x 2
Frags per rank    : 8
Total fragments   : 16
Repeats           : 1
Threshold used    : 1.0000
--- Timing (worst rank) ---
Baseline   min/med/max : 95.4418 / 98.0807 / 105.1817  ms
Baseline   GFLOPS (med): 9236.9796  (min 8613.3813, max 9492.3740)
Protected  min/med/max : 103.6102 / 105.9829 / 113.8162  ms
Protected  GFLOPS (med): 8548.2656  (min 7959.9325, max 8744.0160)
Overhead (median)      : 8.0568 %
--- Confusion Matrix (global) ---
TP / TN / FP / FN     : 40 / 280 / 0 / 0
Recall                : 1.0000
Detection precision   : 1.0000
Correction precision  : 0.0000 %
==================================================


=== C1 baseline 7936^3
=== ABFT GEMM (cuBLAS, online pipelined) ===
Mode           : baseline  (inject=none)
M x K x N      : 7936 x 7936 x 7936
Process grid   : 1 x 2  (world=2)
Frags per rank : 8
Repeats        : 1
Samples        : 20
Threshold      : (per-fragment, formula)
GPUs visible   : 2


========== EXPERIMENT METRICS (global) ==========
Mode              : BASELINE
M x K x N         : 7936 x 7936 x 7936
Process grid      : 1 x 2
Frags per rank    : 8
Total fragments   : 16
Repeats           : 1
Threshold used    : 1048.3689
--- Timing (worst rank) ---
Baseline   min/med/max : 105.4936 / 109.2660 / 111.1946  ms
Baseline   GFLOPS (med): 9148.5011  (min 8989.8273, max 9475.6435)
Protected  min/med/max : 105.4936 / 109.2660 / 111.1946  ms
Protected  GFLOPS (med): 9148.5011  (min 8989.8273, max 9475.6435)
Overhead (median)      : 0.0000 %
--- Confusion Matrix (global) ---
TP / TN / FP / FN     : 0 / 320 / 0 / 0
Recall                : 0.0000
Detection precision   : 0.0000
Correction precision  : 0.0000 %
==================================================


=== C1 A1 detect 7936^3
=== ABFT GEMM (cuBLAS, online pipelined) ===
Mode           : online  (inject=none)
M x K x N      : 7936 x 7936 x 7936
Process grid   : 1 x 2  (world=2)
Frags per rank : 8
Repeats        : 1
Samples        : 20
Threshold      : 1 (override)
Encoding       : overlap
Localization   : only with injection
GPUs visible   : 2

[Rank 0] 20 timed trials × 1 iters/trial

========== EXPERIMENT METRICS (global) ==========
Mode              : online / inject=none
M x K x N         : 7936 x 7936 x 7936
Process grid      : 1 x 2
Frags per rank    : 8
Total fragments   : 16
Repeats           : 1
Threshold used    : 1.0000
--- Timing (worst rank) ---
Baseline   min/med/max : 111.5755 / 112.3094 / 112.8010  ms
Baseline   GFLOPS (med): 8900.5888  (min 8861.8011, max 8959.1372)
Protected  min/med/max : 113.5881 / 115.5678 / 116.2833  ms
Protected  GFLOPS (med): 8649.6453  (min 8596.4226, max 8800.3961)
Overhead (median)      : 2.9012 %
--- Confusion Matrix (global) ---
TP / TN / FP / FN     : 0 / 320 / 0 / 0
Recall                : 0.0000
Detection precision   : 0.0000
Correction precision  : 0.0000 %
==================================================


=== C1 B1 always 7936^3
=== ABFT GEMM (cuBLAS, online pipelined) ===
Mode           : online_loc  (inject=none)
M x K x N      : 7936 x 7936 x 7936
Process grid   : 1 x 2  (world=2)
Frags per rank : 8
Repeats        : 1
Samples        : 20
Threshold      : 1 (override)
Encoding       : overlap
Localization   : every fragment (deployment)
GPUs visible   : 2

[Rank 0] 20 timed trials × 1 iters/trial

========== EXPERIMENT METRICS (global) ==========
Mode              : online_loc / inject=none
M x K x N         : 7936 x 7936 x 7936
Process grid      : 1 x 2
Frags per rank    : 8
Total fragments   : 16
Repeats           : 1
Threshold used    : 1.0000
--- Timing (worst rank) ---
Baseline   min/med/max : 108.6644 / 111.4968 / 112.2123  ms
Baseline   GFLOPS (med): 8965.4626  (min 8908.2915, max 9199.1533)
Protected  min/med/max : 113.1069 / 114.9124 / 117.1629  ms
Protected  GFLOPS (med): 8698.9724  (min 8531.8794, max 8837.8330)
Overhead (median)      : 3.0635 %
--- Confusion Matrix (global) ---
TP / TN / FP / FN     : 0 / 320 / 0 / 0
Recall                : 0.0000
Detection precision   : 0.0000
Correction precision  : 0.0000 %
==================================================


=== C1 B2 always 7936^3
=== ABFT GEMM (cuBLAS, online pipelined) ===
Mode           : online_loc  (inject=none)
M x K x N      : 7936 x 7936 x 7936
Process grid   : 1 x 2  (world=2)
Frags per rank : 8
Repeats        : 1
Samples        : 20
Threshold      : 1 (override)
Encoding       : overlap
Localization   : every fragment (deployment)
GPUs visible   : 2

[Rank 0] 20 timed trials × 1 iters/trial

========== EXPERIMENT METRICS (global) ==========
Mode              : online_loc / inject=none
M x K x N         : 7936 x 7936 x 7936
Process grid      : 1 x 2
Frags per rank    : 8
Total fragments   : 16
Repeats           : 1
Threshold used    : 1.0000
--- Timing (worst rank) ---
Baseline   min/med/max : 110.3448 / 112.0791 / 120.6034  ms
Baseline   GFLOPS (med): 8918.8790  (min 8288.4898, max 9059.0617)
Protected  min/med/max : 114.0672 / 115.2611 / 125.0388  ms
Protected  GFLOPS (med): 8672.6564  (min 7994.4764, max 8763.4298)
Overhead (median)      : 2.8391 %
--- Confusion Matrix (global) ---
TP / TN / FP / FN     : 0 / 320 / 0 / 0
Recall                : 0.0000
Detection precision   : 0.0000
Correction precision  : 0.0000 %
==================================================


=== C1 A2 detect 7936^3
=== ABFT GEMM (cuBLAS, online pipelined) ===
Mode           : online  (inject=none)
M x K x N      : 7936 x 7936 x 7936
Process grid   : 1 x 2  (world=2)
Frags per rank : 8
Repeats        : 1
Samples        : 20
Threshold      : 1 (override)
Encoding       : overlap
Localization   : only with injection
GPUs visible   : 2

[Rank 0] 20 timed trials × 1 iters/trial

========== EXPERIMENT METRICS (global) ==========
Mode              : online / inject=none
M x K x N         : 7936 x 7936 x 7936
Process grid      : 1 x 2
Frags per rank    : 8
Total fragments   : 16
Repeats           : 1
Threshold used    : 1.0000
--- Timing (worst rank) ---
Baseline   min/med/max : 108.4798 / 110.9781 / 120.4385  ms
Baseline   GFLOPS (med): 9007.3668  (min 8299.8351, max 9214.8076)
Protected  min/med/max : 111.4718 / 114.6265 / 124.7642  ms
Protected  GFLOPS (med): 8720.6751  (min 8012.0748, max 8967.4722)
Overhead (median)      : 3.2875 %
--- Confusion Matrix (global) ---
TP / TN / FP / FN     : 0 / 320 / 0 / 0
Recall                : 0.0000
Detection precision   : 0.0000
Correction precision  : 0.0000 %
==================================================


=== C1 fault 7936^3
=== ABFT GEMM (cuBLAS, online pipelined) ===
Mode           : online  (inject=add)
M x K x N      : 7936 x 7936 x 7936
Process grid   : 1 x 2  (world=2)
Frags per rank : 8
Repeats        : 1
Samples        : 20
Threshold      : 1 (override)
Encoding       : overlap
Localization   : only with injection
GPUs visible   : 2

[Rank 0] 20 timed trials × 1 iters/trial

========== EXPERIMENT METRICS (global) ==========
Mode              : online / inject=add
M x K x N         : 7936 x 7936 x 7936
Process grid      : 1 x 2
Frags per rank    : 8
Total fragments   : 16
Repeats           : 1
Threshold used    : 1.0000
--- Timing (worst rank) ---
Baseline   min/med/max : 109.4242 / 111.0236 / 118.8809  ms
Baseline   GFLOPS (med): 9003.6707  (min 8408.5818, max 9135.2712)
Protected  min/med/max : 114.3373 / 117.4173 / 124.7905  ms
Protected  GFLOPS (med): 8513.3983  (min 8010.3886, max 8742.7270)
Overhead (median)      : 5.7588 %
--- Confusion Matrix (global) ---
TP / TN / FP / FN     : 40 / 280 / 0 / 0
Recall                : 1.0000
Detection precision   : 1.0000
Correction precision  : 0.0000 %
==================================================


=== C1 baseline 8192^3
=== ABFT GEMM (cuBLAS, online pipelined) ===
Mode           : baseline  (inject=none)
M x K x N      : 8192 x 8192 x 8192
Process grid   : 1 x 2  (world=2)
Frags per rank : 8
Repeats        : 1
Samples        : 20
Threshold      : (per-fragment, formula)
GPUs visible   : 2


========== EXPERIMENT METRICS (global) ==========
Mode              : BASELINE
M x K x N         : 8192 x 8192 x 8192
Process grid      : 1 x 2
Frags per rank    : 8
Total fragments   : 16
Repeats           : 1
Threshold used    : 1147.9881
--- Timing (worst rank) ---
Baseline   min/med/max : 110.8499 / 114.8556 / 116.1215  ms
Baseline   GFLOPS (med): 9572.9932  (min 9468.6329, max 9918.9194)
Protected  min/med/max : 110.8499 / 114.8556 / 116.1215  ms
Protected  GFLOPS (med): 9572.9932  (min 9468.6329, max 9918.9194)
Overhead (median)      : 0.0000 %
--- Confusion Matrix (global) ---
TP / TN / FP / FN     : 0 / 320 / 0 / 0
Recall                : 0.0000
Detection precision   : 0.0000
Correction precision  : 0.0000 %
==================================================


=== C1 A1 detect 8192^3
=== ABFT GEMM (cuBLAS, online pipelined) ===
Mode           : online  (inject=none)
M x K x N      : 8192 x 8192 x 8192
Process grid   : 1 x 2  (world=2)
Frags per rank : 8
Repeats        : 1
Samples        : 20
Threshold      : 1 (override)
Encoding       : overlap
Localization   : only with injection
GPUs visible   : 2

[Rank 0] 20 timed trials × 1 iters/trial

========== EXPERIMENT METRICS (global) ==========
Mode              : online / inject=none
M x K x N         : 8192 x 8192 x 8192
Process grid      : 1 x 2
Frags per rank    : 8
Total fragments   : 16
Repeats           : 1
Threshold used    : 1.0000
--- Timing (worst rank) ---
Baseline   min/med/max : 115.3640 / 116.2150 / 117.0166  ms
Baseline   GFLOPS (med): 9461.0157  (min 9396.2029, max 9530.8030)
Protected  min/med/max : 118.8935 / 119.5291 / 120.4233  ms
Protected  GFLOPS (med): 9198.6948  (min 9130.3920, max 9247.8672)
Overhead (median)      : 2.8517 %
--- Confusion Matrix (global) ---
TP / TN / FP / FN     : 0 / 320 / 0 / 0
Recall                : 0.0000
Detection precision   : 0.0000
Correction precision  : 0.0000 %
==================================================


=== C1 B1 always 8192^3
=== ABFT GEMM (cuBLAS, online pipelined) ===
Mode           : online_loc  (inject=none)
M x K x N      : 8192 x 8192 x 8192
Process grid   : 1 x 2  (world=2)
Frags per rank : 8
Repeats        : 1
Samples        : 20
Threshold      : 1 (override)
Encoding       : overlap
Localization   : every fragment (deployment)
GPUs visible   : 2

[Rank 0] 20 timed trials × 1 iters/trial

========== EXPERIMENT METRICS (global) ==========
Mode              : online_loc / inject=none
M x K x N         : 8192 x 8192 x 8192
Process grid      : 1 x 2
Frags per rank    : 8
Total fragments   : 16
Repeats           : 1
Threshold used    : 1.0000
--- Timing (worst rank) ---
Baseline   min/med/max : 115.1996 / 116.1068 / 117.9114  ms
Baseline   GFLOPS (med): 9469.8321  (min 9324.8991, max 9544.4033)
Protected  min/med/max : 119.2315 / 119.9102 / 121.2525  ms
Protected  GFLOPS (med): 9169.4556  (min 9067.9480, max 9221.6534)
Overhead (median)      : 3.2758 %
--- Confusion Matrix (global) ---
TP / TN / FP / FN     : 0 / 320 / 0 / 0
Recall                : 0.0000
Detection precision   : 0.0000
Correction precision  : 0.0000 %
==================================================


=== C1 B2 always 8192^3
=== ABFT GEMM (cuBLAS, online pipelined) ===
Mode           : online_loc  (inject=none)
M x K x N      : 8192 x 8192 x 8192
Process grid   : 1 x 2  (world=2)
Frags per rank : 8
Repeats        : 1
Samples        : 20
Threshold      : 1 (override)
Encoding       : overlap
Localization   : every fragment (deployment)
GPUs visible   : 2

[Rank 0] 20 timed trials × 1 iters/trial

========== EXPERIMENT METRICS (global) ==========
Mode              : online_loc / inject=none
M x K x N         : 8192 x 8192 x 8192
Process grid      : 1 x 2
Frags per rank    : 8
Total fragments   : 16
Repeats           : 1
Threshold used    : 1.0000
--- Timing (worst rank) ---
Baseline   min/med/max : 115.5986 / 116.8330 / 124.7875  ms
Baseline   GFLOPS (med): 9410.9713  (min 8811.0723, max 9511.4638)
Protected  min/med/max : 119.0095 / 120.2624 / 129.0755  ms
Protected  GFLOPS (med): 9142.6059  (min 8518.3576, max 9238.8583)
Overhead (median)      : 2.9353 %
--- Confusion Matrix (global) ---
TP / TN / FP / FN     : 0 / 320 / 0 / 0
Recall                : 0.0000
Detection precision   : 0.0000
Correction precision  : 0.0000 %
==================================================


=== C1 A2 detect 8192^3
=== ABFT GEMM (cuBLAS, online pipelined) ===
Mode           : online  (inject=none)
M x K x N      : 8192 x 8192 x 8192
Process grid   : 1 x 2  (world=2)
Frags per rank : 8
Repeats        : 1
Samples        : 20
Threshold      : 1 (override)
Encoding       : overlap
Localization   : only with injection
GPUs visible   : 2

[Rank 0] 20 timed trials × 1 iters/trial

========== EXPERIMENT METRICS (global) ==========
Mode              : online / inject=none
M x K x N         : 8192 x 8192 x 8192
Process grid      : 1 x 2
Frags per rank    : 8
Total fragments   : 16
Repeats           : 1
Threshold used    : 1.0000
--- Timing (worst rank) ---
Baseline   min/med/max : 113.8868 / 115.5581 / 125.5075  ms
Baseline   GFLOPS (med): 9514.7941  (min 8760.5233, max 9654.4274)
Protected  min/med/max : 117.7163 / 119.6444 / 129.6411  ms
Protected  GFLOPS (med): 9189.8257  (min 8481.1942, max 9340.3497)
Overhead (median)      : 3.5362 %
--- Confusion Matrix (global) ---
TP / TN / FP / FN     : 0 / 320 / 0 / 0
Recall                : 0.0000
Detection precision   : 0.0000
Correction precision  : 0.0000 %
==================================================


=== C1 fault 8192^3
=== ABFT GEMM (cuBLAS, online pipelined) ===
Mode           : online  (inject=add)
M x K x N      : 8192 x 8192 x 8192
Process grid   : 1 x 2  (world=2)
Frags per rank : 8
Repeats        : 1
Samples        : 20
Threshold      : 1 (override)
Encoding       : overlap
Localization   : only with injection
GPUs visible   : 2

[Rank 0] 20 timed trials × 1 iters/trial

========== EXPERIMENT METRICS (global) ==========
Mode              : online / inject=add
M x K x N         : 8192 x 8192 x 8192
Process grid      : 1 x 2
Frags per rank    : 8
Total fragments   : 16
Repeats           : 1
Threshold used    : 1.0000
--- Timing (worst rank) ---
Baseline   min/med/max : 113.2110 / 116.0725 / 126.3425  ms
Baseline   GFLOPS (med): 9472.6263  (min 8702.6255, max 9712.0582)
Protected  min/med/max : 119.7840 / 122.7285 / 133.3513  ms
Protected  GFLOPS (med): 8958.8924  (min 8245.2272, max 9179.1163)
Overhead (median)      : 5.7343 %
--- Confusion Matrix (global) ---
TP / TN / FP / FN     : 40 / 280 / 0 / 0
Recall                : 1.0000
Detection precision   : 1.0000
Correction precision  : 0.0000 %
==================================================


=== C1 baseline 8448^3
=== ABFT GEMM (cuBLAS, online pipelined) ===
Mode           : baseline  (inject=none)
M x K x N      : 8448 x 8448 x 8448
Process grid   : 1 x 2  (world=2)
Frags per rank : 8
Repeats        : 1
Samples        : 20
Threshold      : (per-fragment, formula)
GPUs visible   : 2


========== EXPERIMENT METRICS (global) ==========
Mode              : BASELINE
M x K x N         : 8448 x 8448 x 8448
Process grid      : 1 x 2
Frags per rank    : 8
Total fragments   : 16
Repeats           : 1
Threshold used    : 1251.4872
--- Timing (worst rank) ---
Baseline   min/med/max : 142.6657 / 146.0258 / 147.0906  ms
Baseline   GFLOPS (med): 8257.7573  (min 8197.9814, max 8452.2483)
Protected  min/med/max : 142.6657 / 146.0258 / 147.0906  ms
Protected  GFLOPS (med): 8257.7573  (min 8197.9814, max 8452.2483)
Overhead (median)      : 0.0000 %
--- Confusion Matrix (global) ---
TP / TN / FP / FN     : 0 / 320 / 0 / 0
Recall                : 0.0000
Detection precision   : 0.0000
Correction precision  : 0.0000 %
==================================================


=== C1 A1 detect 8448^3
=== ABFT GEMM (cuBLAS, online pipelined) ===
Mode           : online  (inject=none)
M x K x N      : 8448 x 8448 x 8448
Process grid   : 1 x 2  (world=2)
Frags per rank : 8
Repeats        : 1
Samples        : 20
Threshold      : 1 (override)
Encoding       : overlap
Localization   : only with injection
GPUs visible   : 2

[Rank 0] 20 timed trials × 1 iters/trial

========== EXPERIMENT METRICS (global) ==========
Mode              : online / inject=none
M x K x N         : 8448 x 8448 x 8448
Process grid      : 1 x 2
Frags per rank    : 8
Total fragments   : 16
Repeats           : 1
Threshold used    : 1.0000
--- Timing (worst rank) ---
Baseline   min/med/max : 146.0243 / 147.2589 / 157.4188  ms
Baseline   GFLOPS (med): 8188.6115  (min 7660.1136, max 8257.8433)
Protected  min/med/max : 150.0273 / 151.3230 / 162.6696  ms
Protected  GFLOPS (med): 7968.6874  (min 7412.8503, max 8037.5101)
Overhead (median)      : 2.7599 %
--- Confusion Matrix (global) ---
TP / TN / FP / FN     : 0 / 320 / 0 / 0
Recall                : 0.0000
Detection precision   : 0.0000
Correction precision  : 0.0000 %
==================================================


=== C1 B1 always 8448^3
=== ABFT GEMM (cuBLAS, online pipelined) ===
Mode           : online_loc  (inject=none)
M x K x N      : 8448 x 8448 x 8448
Process grid   : 1 x 2  (world=2)
Frags per rank : 8
Repeats        : 1
Samples        : 20
Threshold      : 1 (override)
Encoding       : overlap
Localization   : every fragment (deployment)
GPUs visible   : 2

[Rank 0] 20 timed trials × 1 iters/trial

========== EXPERIMENT METRICS (global) ==========
Mode              : online_loc / inject=none
M x K x N         : 8448 x 8448 x 8448
Process grid      : 1 x 2
Frags per rank    : 8
Total fragments   : 16
Repeats           : 1
Threshold used    : 1.0000
--- Timing (worst rank) ---
Baseline   min/med/max : 145.6260 / 148.1487 / 159.6449  ms
Baseline   GFLOPS (med): 8139.4288  (min 7553.3005, max 8280.4278)
Protected  min/med/max : 149.9554 / 153.4247 / 165.0031  ms
Protected  GFLOPS (med): 7859.5266  (min 7308.0200, max 8041.3612)
Overhead (median)      : 3.5613 %
--- Confusion Matrix (global) ---
TP / TN / FP / FN     : 0 / 320 / 0 / 0
Recall                : 0.0000
Detection precision   : 0.0000
Correction precision  : 0.0000 %
==================================================


=== C1 B2 always 8448^3
=== ABFT GEMM (cuBLAS, online pipelined) ===
Mode           : online_loc  (inject=none)
M x K x N      : 8448 x 8448 x 8448
Process grid   : 1 x 2  (world=2)
Frags per rank : 8
Repeats        : 1
Samples        : 20
Threshold      : 1 (override)
Encoding       : overlap
Localization   : every fragment (deployment)
GPUs visible   : 2

[Rank 0] 20 timed trials × 1 iters/trial

========== EXPERIMENT METRICS (global) ==========
Mode              : online_loc / inject=none
M x K x N         : 8448 x 8448 x 8448
Process grid      : 1 x 2
Frags per rank    : 8
Total fragments   : 16
Repeats           : 1
Threshold used    : 1.0000
--- Timing (worst rank) ---
Baseline   min/med/max : 146.0912 / 148.7766 / 160.1126  ms
Baseline   GFLOPS (med): 8105.0772  (min 7531.2332, max 8254.0631)
Protected  min/med/max : 150.1242 / 153.3251 / 165.6103  ms
Protected  GFLOPS (med): 7864.6340  (min 7281.2236, max 8032.3178)
Overhead (median)      : 3.0573 %
--- Confusion Matrix (global) ---
TP / TN / FP / FN     : 0 / 320 / 0 / 0
Recall                : 0.0000
Detection precision   : 0.0000
Correction precision  : 0.0000 %
==================================================


=== C1 A2 detect 8448^3
=== ABFT GEMM (cuBLAS, online pipelined) ===
Mode           : online  (inject=none)
M x K x N      : 8448 x 8448 x 8448
Process grid   : 1 x 2  (world=2)
Frags per rank : 8
Repeats        : 1
Samples        : 20
Threshold      : 1 (override)
Encoding       : overlap
Localization   : only with injection
GPUs visible   : 2

[Rank 0] 20 timed trials × 1 iters/trial

========== EXPERIMENT METRICS (global) ==========
Mode              : online / inject=none
M x K x N         : 8448 x 8448 x 8448
Process grid      : 1 x 2
Frags per rank    : 8
Total fragments   : 16
Repeats           : 1
Threshold used    : 1.0000
--- Timing (worst rank) ---
Baseline   min/med/max : 145.6852 / 148.4896 / 159.8421  ms
Baseline   GFLOPS (med): 8120.7414  (min 7543.9792, max 8277.0613)
Protected  min/med/max : 149.5405 / 153.6867 / 163.8829  ms
Protected  GFLOPS (med): 7846.1290  (min 7357.9689, max 8063.6702)
Overhead (median)      : 3.5000 %
--- Confusion Matrix (global) ---
TP / TN / FP / FN     : 0 / 320 / 0 / 0
Recall                : 0.0000
Detection precision   : 0.0000
Correction precision  : 0.0000 %
==================================================


=== C1 fault 8448^3
=== ABFT GEMM (cuBLAS, online pipelined) ===
Mode           : online  (inject=add)
M x K x N      : 8448 x 8448 x 8448
Process grid   : 1 x 2  (world=2)
Frags per rank : 8
Repeats        : 1
Samples        : 20
Threshold      : 1 (override)
Encoding       : overlap
Localization   : only with injection
GPUs visible   : 2

[Rank 0] 20 timed trials × 1 iters/trial

========== EXPERIMENT METRICS (global) ==========
Mode              : online / inject=add
M x K x N         : 8448 x 8448 x 8448
Process grid      : 1 x 2
Frags per rank    : 8
Total fragments   : 16
Repeats           : 1
Threshold used    : 1.0000
--- Timing (worst rank) ---
Baseline   min/med/max : 145.2467 / 149.6244 / 159.8542  ms
Baseline   GFLOPS (med): 8059.1501  (min 7543.4082, max 8302.0538)
Protected  min/med/max : 153.1446 / 159.4426 / 188.0526  ms
Protected  GFLOPS (med): 7562.8837  (min 6412.2769, max 7873.9043)
Overhead (median)      : 6.5619 %
--- Confusion Matrix (global) ---
TP / TN / FP / FN     : 40 / 280 / 0 / 0
Recall                : 1.0000
Detection precision   : 1.0000
Correction precision  : 0.0000 %
==================================================


=== C1 baseline 8704^3
=== ABFT GEMM (cuBLAS, online pipelined) ===
Mode           : baseline  (inject=none)
M x K x N      : 8704 x 8704 x 8704
Process grid   : 1 x 2  (world=2)
Frags per rank : 8
Repeats        : 1
Samples        : 20
Threshold      : (per-fragment, formula)
GPUs visible   : 2


========== EXPERIMENT METRICS (global) ==========
Mode              : BASELINE
M x K x N         : 8704 x 8704 x 8704
Process grid      : 1 x 2
Frags per rank    : 8
Total fragments   : 16
Repeats           : 1
Threshold used    : 1374.9913
--- Timing (worst rank) ---
Baseline   min/med/max : 156.6695 / 158.7242 / 160.3341  ms
Baseline   GFLOPS (med): 8308.8990  (min 8225.4706, max 8417.8676)
Protected  min/med/max : 156.6695 / 158.7242 / 160.3341  ms
Protected  GFLOPS (med): 8308.8990  (min 8225.4706, max 8417.8676)
Overhead (median)      : 0.0000 %
--- Confusion Matrix (global) ---
TP / TN / FP / FN     : 0 / 320 / 0 / 0
Recall                : 0.0000
Detection precision   : 0.0000
Correction precision  : 0.0000 %
==================================================


=== C1 A1 detect 8704^3
=== ABFT GEMM (cuBLAS, online pipelined) ===
Mode           : online  (inject=none)
M x K x N      : 8704 x 8704 x 8704
Process grid   : 1 x 2  (world=2)
Frags per rank : 8
Repeats        : 1
Samples        : 20
Threshold      : 1 (override)
Encoding       : overlap
Localization   : only with injection
GPUs visible   : 2

[Rank 0] 20 timed trials × 1 iters/trial

========== EXPERIMENT METRICS (global) ==========
Mode              : online / inject=none
M x K x N         : 8704 x 8704 x 8704
Process grid      : 1 x 2
Frags per rank    : 8
Total fragments   : 16
Repeats           : 1
Threshold used    : 1.0000
--- Timing (worst rank) ---
Baseline   min/med/max : 159.6800 / 162.3715 / 178.0679  ms
Baseline   GFLOPS (med): 8122.2599  (min 7406.2938, max 8259.1655)
Protected  min/med/max : 164.6865 / 167.0637 / 183.3249  ms
Protected  GFLOPS (med): 7894.1341  (min 7193.9138, max 8008.0840)
Overhead (median)      : 2.8898 %
--- Confusion Matrix (global) ---
TP / TN / FP / FN     : 0 / 320 / 0 / 0
Recall                : 0.0000
Detection precision   : 0.0000
Correction precision  : 0.0000 %
==================================================


=== C1 B1 always 8704^3
=== ABFT GEMM (cuBLAS, online pipelined) ===
Mode           : online_loc  (inject=none)
M x K x N      : 8704 x 8704 x 8704
Process grid   : 1 x 2  (world=2)
Frags per rank : 8
Repeats        : 1
Samples        : 20
Threshold      : 1 (override)
Encoding       : overlap
Localization   : every fragment (deployment)
GPUs visible   : 2

[Rank 0] 20 timed trials × 1 iters/trial

========== EXPERIMENT METRICS (global) ==========
Mode              : online_loc / inject=none
M x K x N         : 8704 x 8704 x 8704
Process grid      : 1 x 2
Frags per rank    : 8
Total fragments   : 16
Repeats           : 1
Threshold used    : 1.0000
--- Timing (worst rank) ---
Baseline   min/med/max : 157.0321 / 163.0543 / 176.1957  ms
Baseline   GFLOPS (med): 8088.2466  (min 7484.9899, max 8398.4330)
Protected  min/med/max : 162.6819 / 167.5239 / 179.8068  ms
Protected  GFLOPS (med): 7872.4477  (min 7334.6705, max 8106.7621)
Overhead (median)      : 2.7412 %
--- Confusion Matrix (global) ---
TP / TN / FP / FN     : 0 / 320 / 0 / 0
Recall                : 0.0000
Detection precision   : 0.0000
Correction precision  : 0.0000 %
==================================================


=== C1 B2 always 8704^3
=== ABFT GEMM (cuBLAS, online pipelined) ===
Mode           : online_loc  (inject=none)
M x K x N      : 8704 x 8704 x 8704
Process grid   : 1 x 2  (world=2)
Frags per rank : 8
Repeats        : 1
Samples        : 20
Threshold      : 1 (override)
Encoding       : overlap
Localization   : every fragment (deployment)
GPUs visible   : 2

[Rank 0] 20 timed trials × 1 iters/trial

========== EXPERIMENT METRICS (global) ==========
Mode              : online_loc / inject=none
M x K x N         : 8704 x 8704 x 8704
Process grid      : 1 x 2
Frags per rank    : 8
Total fragments   : 16
Repeats           : 1
Threshold used    : 1.0000
--- Timing (worst rank) ---
Baseline   min/med/max : 157.6823 / 161.5308 / 176.0363  ms
Baseline   GFLOPS (med): 8164.5329  (min 7491.7677, max 8363.7985)
Protected  min/med/max : 162.9638 / 167.4603 / 180.0181  ms
Protected  GFLOPS (med): 7875.4371  (min 7326.0617, max 8092.7372)
Overhead (median)      : 3.6709 %
--- Confusion Matrix (global) ---
TP / TN / FP / FN     : 0 / 320 / 0 / 0
Recall                : 0.0000
Detection precision   : 0.0000
Correction precision  : 0.0000 %
==================================================


=== C1 A2 detect 8704^3
=== ABFT GEMM (cuBLAS, online pipelined) ===
Mode           : online  (inject=none)
M x K x N      : 8704 x 8704 x 8704
Process grid   : 1 x 2  (world=2)
Frags per rank : 8
Repeats        : 1
Samples        : 20
Threshold      : 1 (override)
Encoding       : overlap
Localization   : only with injection
GPUs visible   : 2

[Rank 0] 20 timed trials × 1 iters/trial

========== EXPERIMENT METRICS (global) ==========
Mode              : online / inject=none
M x K x N         : 8704 x 8704 x 8704
Process grid      : 1 x 2
Frags per rank    : 8
Total fragments   : 16
Repeats           : 1
Threshold used    : 1.0000
--- Timing (worst rank) ---
Baseline   min/med/max : 158.2591 / 161.8181 / 175.9831  ms
Baseline   GFLOPS (med): 8150.0355  (min 7494.0325, max 8333.3169)
Protected  min/med/max : 163.1318 / 168.9270 / 180.1642  ms
Protected  GFLOPS (med): 7807.0613  (min 7320.1196, max 8084.4056)
Overhead (median)      : 4.3931 %
--- Confusion Matrix (global) ---
TP / TN / FP / FN     : 0 / 320 / 0 / 0
Recall                : 0.0000
Detection precision   : 0.0000
Correction precision  : 0.0000 %
==================================================


=== C1 fault 8704^3
=== ABFT GEMM (cuBLAS, online pipelined) ===
Mode           : online  (inject=add)
M x K x N      : 8704 x 8704 x 8704
Process grid   : 1 x 2  (world=2)
Frags per rank : 8
Repeats        : 1
Samples        : 20
Threshold      : 1 (override)
Encoding       : overlap
Localization   : only with injection
GPUs visible   : 2

[Rank 0] 20 timed trials × 1 iters/trial

========== EXPERIMENT METRICS (global) ==========
Mode              : online / inject=add
M x K x N         : 8704 x 8704 x 8704
Process grid      : 1 x 2
Frags per rank    : 8
Total fragments   : 16
Repeats           : 1
Threshold used    : 1.0000
--- Timing (worst rank) ---
Baseline   min/med/max : 157.6278 / 161.9369 / 175.6758  ms
Baseline   GFLOPS (med): 8144.0554  (min 7507.1433, max 8366.6913)
Protected  min/med/max : 165.4593 / 173.5926 / 197.4909  ms
Protected  GFLOPS (med): 7597.2349  (min 6677.8936, max 7970.6831)
Overhead (median)      : 7.1976 %
--- Confusion Matrix (global) ---
TP / TN / FP / FN     : 40 / 280 / 0 / 0
Recall                : 1.0000
Detection precision   : 1.0000
Correction precision  : 0.0000 %
==================================================


=== C1 baseline 8960^3
=== ABFT GEMM (cuBLAS, online pipelined) ===
Mode           : baseline  (inject=none)
M x K x N      : 8960 x 8960 x 8960
Process grid   : 1 x 2  (world=2)
Frags per rank : 8
Repeats        : 1
Samples        : 20
Threshold      : (per-fragment, formula)
GPUs visible   : 2


========== EXPERIMENT METRICS (global) ==========
Mode              : BASELINE
M x K x N         : 8960 x 8960 x 8960
Process grid      : 1 x 2
Frags per rank    : 8
Total fragments   : 16
Repeats           : 1
Threshold used    : 1501.1510
--- Timing (worst rank) ---
Baseline   min/med/max : 166.4491 / 169.5351 / 170.7012  ms
Baseline   GFLOPS (med): 8485.8339  (min 8427.8635, max 8643.1611)
Protected  min/med/max : 166.4491 / 169.5351 / 170.7012  ms
Protected  GFLOPS (med): 8485.8339  (min 8427.8635, max 8643.1611)
Overhead (median)      : 0.0000 %
--- Confusion Matrix (global) ---
TP / TN / FP / FN     : 0 / 320 / 0 / 0
Recall                : 0.0000
Detection precision   : 0.0000
Correction precision  : 0.0000 %
==================================================


=== C1 A1 detect 8960^3
=== ABFT GEMM (cuBLAS, online pipelined) ===
Mode           : online  (inject=none)
M x K x N      : 8960 x 8960 x 8960
Process grid   : 1 x 2  (world=2)
Frags per rank : 8
Repeats        : 1
Samples        : 20
Threshold      : 1 (override)
Encoding       : overlap
Localization   : only with injection
GPUs visible   : 2

[Rank 0] 20 timed trials × 1 iters/trial

========== EXPERIMENT METRICS (global) ==========
Mode              : online / inject=none
M x K x N         : 8960 x 8960 x 8960
Process grid      : 1 x 2
Frags per rank    : 8
Total fragments   : 16
Repeats           : 1
Threshold used    : 1.0000
--- Timing (worst rank) ---
Baseline   min/med/max : 170.9727 / 171.9768 / 186.4871  ms
Baseline   GFLOPS (med): 8365.3491  (min 7714.4564, max 8414.4773)
Protected  min/med/max : 175.1312 / 176.7682 / 191.7061  ms
Protected  GFLOPS (med): 8138.6033  (min 7504.4382, max 8214.6758)
Overhead (median)      : 2.7861 %
--- Confusion Matrix (global) ---
TP / TN / FP / FN     : 0 / 320 / 0 / 0
Recall                : 0.0000
Detection precision   : 0.0000
Correction precision  : 0.0000 %
==================================================


=== C1 B1 always 8960^3
=== ABFT GEMM (cuBLAS, online pipelined) ===
Mode           : online_loc  (inject=none)
M x K x N      : 8960 x 8960 x 8960
Process grid   : 1 x 2  (world=2)
Frags per rank : 8
Repeats        : 1
Samples        : 20
Threshold      : 1 (override)
Encoding       : overlap
Localization   : every fragment (deployment)
GPUs visible   : 2

[Rank 0] 20 timed trials × 1 iters/trial

========== EXPERIMENT METRICS (global) ==========
Mode              : online_loc / inject=none
M x K x N         : 8960 x 8960 x 8960
Process grid      : 1 x 2
Frags per rank    : 8
Total fragments   : 16
Repeats           : 1
Threshold used    : 1.0000
--- Timing (worst rank) ---
Baseline   min/med/max : 169.9084 / 172.1031 / 184.8785  ms
Baseline   GFLOPS (med): 8359.2117  (min 7781.5771, max 8467.1895)
Protected  min/med/max : 172.7731 / 176.9598 / 190.6898  ms
Protected  GFLOPS (med): 8129.7902  (min 7544.4323, max 8326.7939)
Overhead (median)      : 2.8220 %
--- Confusion Matrix (global) ---
TP / TN / FP / FN     : 0 / 320 / 0 / 0
Recall                : 0.0000
Detection precision   : 0.0000
Correction precision  : 0.0000 %
==================================================


=== C1 B2 always 8960^3
=== ABFT GEMM (cuBLAS, online pipelined) ===
Mode           : online_loc  (inject=none)
M x K x N      : 8960 x 8960 x 8960
Process grid   : 1 x 2  (world=2)
Frags per rank : 8
Repeats        : 1
Samples        : 20
Threshold      : 1 (override)
Encoding       : overlap
Localization   : every fragment (deployment)
GPUs visible   : 2

[Rank 0] 20 timed trials × 1 iters/trial

========== EXPERIMENT METRICS (global) ==========
Mode              : online_loc / inject=none
M x K x N         : 8960 x 8960 x 8960
Process grid      : 1 x 2
Frags per rank    : 8
Total fragments   : 16
Repeats           : 1
Threshold used    : 1.0000
--- Timing (worst rank) ---
Baseline   min/med/max : 170.0347 / 176.1939 / 185.7308  ms
Baseline   GFLOPS (med): 8165.1333  (min 7745.8671, max 8460.8974)
Protected  min/med/max : 173.8081 / 183.1971 / 190.1330  ms
Protected  GFLOPS (med): 7852.9986  (min 7566.5257, max 8277.2127)
Overhead (median)      : 3.9747 %
--- Confusion Matrix (global) ---
TP / TN / FP / FN     : 0 / 320 / 0 / 0
Recall                : 0.0000
Detection precision   : 0.0000
Correction precision  : 0.0000 %
==================================================


=== C1 A2 detect 8960^3
=== ABFT GEMM (cuBLAS, online pipelined) ===
Mode           : online  (inject=none)
M x K x N      : 8960 x 8960 x 8960
Process grid   : 1 x 2  (world=2)
Frags per rank : 8
Repeats        : 1
Samples        : 20
Threshold      : 1 (override)
Encoding       : overlap
Localization   : only with injection
GPUs visible   : 2

[Rank 0] 20 timed trials × 1 iters/trial

========== EXPERIMENT METRICS (global) ==========
Mode              : online / inject=none
M x K x N         : 8960 x 8960 x 8960
Process grid      : 1 x 2
Frags per rank    : 8
Total fragments   : 16
Repeats           : 1
Threshold used    : 1.0000
--- Timing (worst rank) ---
Baseline   min/med/max : 169.5488 / 176.2527 / 185.2276  ms
Baseline   GFLOPS (med): 8162.4073  (min 7766.9095, max 8485.1433)
Protected  min/med/max : 173.8215 / 183.1814 / 190.2372  ms
Protected  GFLOPS (med): 7853.6682  (min 7562.3815, max 8276.5703)
Overhead (median)      : 3.9311 %
--- Confusion Matrix (global) ---
TP / TN / FP / FN     : 0 / 320 / 0 / 0
Recall                : 0.0000
Detection precision   : 0.0000
Correction precision  : 0.0000 %
==================================================


=== C1 fault 8960^3
=== ABFT GEMM (cuBLAS, online pipelined) ===
Mode           : online  (inject=add)
M x K x N      : 8960 x 8960 x 8960
Process grid   : 1 x 2  (world=2)
Frags per rank : 8
Repeats        : 1
Samples        : 20
Threshold      : 1 (override)
Encoding       : overlap
Localization   : only with injection
GPUs visible   : 2

[Rank 0] 20 timed trials × 1 iters/trial

========== EXPERIMENT METRICS (global) ==========
Mode              : online / inject=add
M x K x N         : 8960 x 8960 x 8960
Process grid      : 1 x 2
Frags per rank    : 8
Total fragments   : 16
Repeats           : 1
Threshold used    : 1.0000
--- Timing (worst rank) ---
Baseline   min/med/max : 169.2497 / 177.1257 / 185.0222  ms
Baseline   GFLOPS (med): 8122.1767  (min 7775.5336, max 8500.1398)
Protected  min/med/max : 177.9826 / 187.4143 / 202.3999  ms
Protected  GFLOPS (med): 7676.2904  (min 7107.9393, max 8083.0747)
Overhead (median)      : 5.8086 %
--- Confusion Matrix (global) ---
TP / TN / FP / FN     : 40 / 280 / 0 / 0
Recall                : 1.0000
Detection precision   : 1.0000
Correction precision  : 0.0000 %
==================================================


=== C1 baseline 9216^3
=== ABFT GEMM (cuBLAS, online pipelined) ===
Mode           : baseline  (inject=none)
M x K x N      : 9216 x 9216 x 9216
Process grid   : 1 x 2  (world=2)
Frags per rank : 8
Repeats        : 1
Samples        : 20
Threshold      : (per-fragment, formula)
GPUs visible   : 2


========== EXPERIMENT METRICS (global) ==========
Mode              : BASELINE
M x K x N         : 9216 x 9216 x 9216
Process grid      : 1 x 2
Frags per rank    : 8
Total fragments   : 16
Repeats           : 1
Threshold used    : 1621.1838
--- Timing (worst rank) ---
Baseline   min/med/max : 176.0579 / 177.1151 / 179.2806  ms
Baseline   GFLOPS (med): 8838.9752  (min 8732.2064, max 8892.0487)
Protected  min/med/max : 176.0579 / 177.1151 / 179.2806  ms
Protected  GFLOPS (med): 8838.9752  (min 8732.2064, max 8892.0487)
Overhead (median)      : 0.0000 %
--- Confusion Matrix (global) ---
TP / TN / FP / FN     : 0 / 320 / 0 / 0
Recall                : 0.0000
Detection precision   : 0.0000
Correction precision  : 0.0000 %
==================================================


=== C1 A1 detect 9216^3
=== ABFT GEMM (cuBLAS, online pipelined) ===
Mode           : online  (inject=none)
M x K x N      : 9216 x 9216 x 9216
Process grid   : 1 x 2  (world=2)
Frags per rank : 8
Repeats        : 1
Samples        : 20
Threshold      : 1 (override)
Encoding       : overlap
Localization   : only with injection
GPUs visible   : 2

[Rank 0] 20 timed trials × 1 iters/trial

========== EXPERIMENT METRICS (global) ==========
Mode              : online / inject=none
M x K x N         : 9216 x 9216 x 9216
Process grid      : 1 x 2
Frags per rank    : 8
Total fragments   : 16
Repeats           : 1
Threshold used    : 1.0000
--- Timing (worst rank) ---
Baseline   min/med/max : 179.5202 / 181.6105 / 196.5934  ms
Baseline   GFLOPS (med): 8620.1811  (min 7963.2169, max 8720.5535)
Protected  min/med/max : 183.0967 / 186.2571 / 201.8146  ms
Protected  GFLOPS (med): 8405.1324  (min 7757.1955, max 8550.2109)
Overhead (median)      : 2.5585 %
--- Confusion Matrix (global) ---
TP / TN / FP / FN     : 0 / 320 / 0 / 0
Recall                : 0.0000
Detection precision   : 0.0000
Correction precision  : 0.0000 %
==================================================


=== C1 B1 always 9216^3
=== ABFT GEMM (cuBLAS, online pipelined) ===
Mode           : online_loc  (inject=none)
M x K x N      : 9216 x 9216 x 9216
Process grid   : 1 x 2  (world=2)
Frags per rank : 8
Repeats        : 1
Samples        : 20
Threshold      : 1 (override)
Encoding       : overlap
Localization   : every fragment (deployment)
GPUs visible   : 2

[Rank 0] 20 timed trials × 1 iters/trial

========== EXPERIMENT METRICS (global) ==========
Mode              : online_loc / inject=none
M x K x N         : 9216 x 9216 x 9216
Process grid      : 1 x 2
Frags per rank    : 8
Total fragments   : 16
Repeats           : 1
Threshold used    : 1.0000
--- Timing (worst rank) ---
Baseline   min/med/max : 176.7144 / 179.5297 / 191.5531  ms
Baseline   GFLOPS (med): 8720.0917  (min 8172.7514, max 8859.0167)
Protected  min/med/max : 181.4132 / 185.1560 / 197.2333  ms
Protected  GFLOPS (med): 8455.1167  (min 7937.3777, max 8629.5568)
Overhead (median)      : 3.1339 %
--- Confusion Matrix (global) ---
TP / TN / FP / FN     : 0 / 320 / 0 / 0
Recall                : 0.0000
Detection precision   : 0.0000
Correction precision  : 0.0000 %
==================================================


=== C1 B2 always 9216^3
=== ABFT GEMM (cuBLAS, online pipelined) ===
Mode           : online_loc  (inject=none)
M x K x N      : 9216 x 9216 x 9216
Process grid   : 1 x 2  (world=2)
Frags per rank : 8
Repeats        : 1
Samples        : 20
Threshold      : 1 (override)
Encoding       : overlap
Localization   : every fragment (deployment)
GPUs visible   : 2

[Rank 0] 20 timed trials × 1 iters/trial

========== EXPERIMENT METRICS (global) ==========
Mode              : online_loc / inject=none
M x K x N         : 9216 x 9216 x 9216
Process grid      : 1 x 2
Frags per rank    : 8
Total fragments   : 16
Repeats           : 1
Threshold used    : 1.0000
--- Timing (worst rank) ---
Baseline   min/med/max : 177.1652 / 181.2394 / 192.4685  ms
Baseline   GFLOPS (med): 8637.8337  (min 8133.8786, max 8836.4713)
Protected  min/med/max : 182.4980 / 189.8538 / 197.6020  ms
Protected  GFLOPS (med): 8245.9021  (min 7922.5702, max 8578.2634)
Overhead (median)      : 4.7530 %
--- Confusion Matrix (global) ---
TP / TN / FP / FN     : 0 / 320 / 0 / 0
Recall                : 0.0000
Detection precision   : 0.0000
Correction precision  : 0.0000 %
==================================================


=== C1 A2 detect 9216^3
=== ABFT GEMM (cuBLAS, online pipelined) ===
Mode           : online  (inject=none)
M x K x N      : 9216 x 9216 x 9216
Process grid   : 1 x 2  (world=2)
Frags per rank : 8
Repeats        : 1
Samples        : 20
Threshold      : 1 (override)
Encoding       : overlap
Localization   : only with injection
GPUs visible   : 2

[Rank 0] 20 timed trials × 1 iters/trial

========== EXPERIMENT METRICS (global) ==========
Mode              : online / inject=none
M x K x N         : 9216 x 9216 x 9216
Process grid      : 1 x 2
Frags per rank    : 8
Total fragments   : 16
Repeats           : 1
Threshold used    : 1.0000
--- Timing (worst rank) ---
Baseline   min/med/max : 176.2648 / 182.2615 / 192.3475  ms
Baseline   GFLOPS (med): 8589.3925  (min 8138.9962, max 8881.6110)
Protected  min/med/max : 182.4060 / 190.0595 / 197.3700  ms
Protected  GFLOPS (med): 8236.9750  (min 7931.8809, max 8582.5858)
Overhead (median)      : 4.2785 %
--- Confusion Matrix (global) ---
TP / TN / FP / FN     : 0 / 320 / 0 / 0
Recall                : 0.0000
Detection precision   : 0.0000
Correction precision  : 0.0000 %
==================================================


=== C1 fault 9216^3
=== ABFT GEMM (cuBLAS, online pipelined) ===
Mode           : online  (inject=add)
M x K x N      : 9216 x 9216 x 9216
Process grid   : 1 x 2  (world=2)
Frags per rank : 8
Repeats        : 1
Samples        : 20
Threshold      : 1 (override)
Encoding       : overlap
Localization   : only with injection
GPUs visible   : 2

[Rank 0] 20 timed trials × 1 iters/trial

========== EXPERIMENT METRICS (global) ==========
Mode              : online / inject=add
M x K x N         : 9216 x 9216 x 9216
Process grid      : 1 x 2
Frags per rank    : 8
Total fragments   : 16
Repeats           : 1
Threshold used    : 1.0000
--- Timing (worst rank) ---
Baseline   min/med/max : 176.5543 / 179.9495 / 191.7894  ms
Baseline   GFLOPS (med): 8699.7498  (min 8162.6811, max 8867.0486)
Protected  min/med/max : 185.6338 / 193.6183 / 215.6172  ms
Protected  GFLOPS (med): 8085.5751  (min 7260.6263, max 8433.3554)
Overhead (median)      : 7.5959 %
--- Confusion Matrix (global) ---
TP / TN / FP / FN     : 40 / 280 / 0 / 0
Recall                : 1.0000
Detection precision   : 1.0000
Correction precision  : 0.0000 %
==================================================


=== C1 baseline 9472^3
=== ABFT GEMM (cuBLAS, online pipelined) ===
Mode           : baseline  (inject=none)
M x K x N      : 9472 x 9472 x 9472
Process grid   : 1 x 2  (world=2)
Frags per rank : 8
Repeats        : 1
Samples        : 20
Threshold      : (per-fragment, formula)
GPUs visible   : 2


========== EXPERIMENT METRICS (global) ==========
Mode              : BASELINE
M x K x N         : 9472 x 9472 x 9472
Process grid      : 1 x 2
Frags per rank    : 8
Total fragments   : 16
Repeats           : 1
Threshold used    : 1760.0278
--- Timing (worst rank) ---
Baseline   min/med/max : 184.7055 / 187.3476 / 190.1077  ms
Baseline   GFLOPS (med): 9072.0821  (min 8940.3685, max 9201.8518)
Protected  min/med/max : 184.7055 / 187.3476 / 190.1077  ms
Protected  GFLOPS (med): 9072.0821  (min 8940.3685, max 9201.8518)
Overhead (median)      : 0.0000 %
--- Confusion Matrix (global) ---
TP / TN / FP / FN     : 0 / 320 / 0 / 0
Recall                : 0.0000
Detection precision   : 0.0000
Correction precision  : 0.0000 %
==================================================


=== C1 A1 detect 9472^3
=== ABFT GEMM (cuBLAS, online pipelined) ===
Mode           : online  (inject=none)
M x K x N      : 9472 x 9472 x 9472
Process grid   : 1 x 2  (world=2)
Frags per rank : 8
Repeats        : 1
Samples        : 20
Threshold      : 1 (override)
Encoding       : overlap
Localization   : only with injection
GPUs visible   : 2

[Rank 0] 20 timed trials × 1 iters/trial

========== EXPERIMENT METRICS (global) ==========
Mode              : online / inject=none
M x K x N         : 9472 x 9472 x 9472
Process grid      : 1 x 2
Frags per rank    : 8
Total fragments   : 16
Repeats           : 1
Threshold used    : 1.0000
--- Timing (worst rank) ---
Baseline   min/med/max : 188.8794 / 192.2130 / 205.3099  ms
Baseline   GFLOPS (med): 8842.4420  (min 8278.3768, max 8998.5062)
Protected  min/med/max : 193.0092 / 196.9261 / 211.4208  ms
Protected  GFLOPS (med): 8630.8140  (min 8039.1003, max 8805.9690)
Overhead (median)      : 2.4520 %
--- Confusion Matrix (global) ---
TP / TN / FP / FN     : 0 / 320 / 0 / 0
Recall                : 0.0000
Detection precision   : 0.0000
Correction precision  : 0.0000 %
==================================================


=== C1 B1 always 9472^3
=== ABFT GEMM (cuBLAS, online pipelined) ===
Mode           : online_loc  (inject=none)
M x K x N      : 9472 x 9472 x 9472
Process grid   : 1 x 2  (world=2)
Frags per rank : 8
Repeats        : 1
Samples        : 20
Threshold      : 1 (override)
Encoding       : overlap
Localization   : every fragment (deployment)
GPUs visible   : 2

[Rank 0] 20 timed trials × 1 iters/trial

========== EXPERIMENT METRICS (global) ==========
Mode              : online_loc / inject=none
M x K x N         : 9472 x 9472 x 9472
Process grid      : 1 x 2
Frags per rank    : 8
Total fragments   : 16
Repeats           : 1
Threshold used    : 1.0000
--- Timing (worst rank) ---
Baseline   min/med/max : 187.5021 / 189.5956 / 201.7037  ms
Baseline   GFLOPS (med): 8964.5159  (min 8426.3831, max 9064.6079)
Protected  min/med/max : 191.4179 / 195.7454 / 208.5460  ms
Protected  GFLOPS (med): 8682.8752  (min 8149.9182, max 8879.1733)
Overhead (median)      : 3.2436 %
--- Confusion Matrix (global) ---
TP / TN / FP / FN     : 0 / 320 / 0 / 0
Recall                : 0.0000
Detection precision   : 0.0000
Correction precision  : 0.0000 %
==================================================


=== C1 B2 always 9472^3
=== ABFT GEMM (cuBLAS, online pipelined) ===
Mode           : online_loc  (inject=none)
M x K x N      : 9472 x 9472 x 9472
Process grid   : 1 x 2  (world=2)
Frags per rank : 8
Repeats        : 1
Samples        : 20
Threshold      : 1 (override)
Encoding       : overlap
Localization   : every fragment (deployment)
GPUs visible   : 2

[Rank 0] 20 timed trials × 1 iters/trial

========== EXPERIMENT METRICS (global) ==========
Mode              : online_loc / inject=none
M x K x N         : 9472 x 9472 x 9472
Process grid      : 1 x 2
Frags per rank    : 8
Total fragments   : 16
Repeats           : 1
Threshold used    : 1.0000
--- Timing (worst rank) ---
Baseline   min/med/max : 187.0997 / 189.4486 / 201.4594  ms
Baseline   GFLOPS (med): 8971.4699  (min 8436.6023, max 9084.0996)
Protected  min/med/max : 192.2409 / 195.5758 / 208.7637  ms
Protected  GFLOPS (med): 8690.4021  (min 8141.4203, max 8841.1614)
Overhead (median)      : 3.2342 %
--- Confusion Matrix (global) ---
TP / TN / FP / FN     : 0 / 320 / 0 / 0
Recall                : 0.0000
Detection precision   : 0.0000
Correction precision  : 0.0000 %
==================================================


=== C1 A2 detect 9472^3
=== ABFT GEMM (cuBLAS, online pipelined) ===
Mode           : online  (inject=none)
M x K x N      : 9472 x 9472 x 9472
Process grid   : 1 x 2  (world=2)
Frags per rank : 8
Repeats        : 1
Samples        : 20
Threshold      : 1 (override)
Encoding       : overlap
Localization   : only with injection
GPUs visible   : 2

[Rank 0] 20 timed trials × 1 iters/trial

========== EXPERIMENT METRICS (global) ==========
Mode              : online / inject=none
M x K x N         : 9472 x 9472 x 9472
Process grid      : 1 x 2
Frags per rank    : 8
Total fragments   : 16
Repeats           : 1
Threshold used    : 1.0000
--- Timing (worst rank) ---
Baseline   min/med/max : 187.5165 / 189.9807 / 201.7442  ms
Baseline   GFLOPS (med): 8946.3443  (min 8424.6907, max 9063.9096)
Protected  min/med/max : 190.9192 / 196.7475 / 207.9892  ms
Protected  GFLOPS (med): 8638.6487  (min 8171.7362, max 8902.3675)
Overhead (median)      : 3.5618 %
--- Confusion Matrix (global) ---
TP / TN / FP / FN     : 0 / 320 / 0 / 0
Recall                : 0.0000
Detection precision   : 0.0000
Correction precision  : 0.0000 %
==================================================


=== C1 fault 9472^3
=== ABFT GEMM (cuBLAS, online pipelined) ===
Mode           : online  (inject=add)
M x K x N      : 9472 x 9472 x 9472
Process grid   : 1 x 2  (world=2)
Frags per rank : 8
Repeats        : 1
Samples        : 20
Threshold      : 1 (override)
Encoding       : overlap
Localization   : only with injection
GPUs visible   : 2

[Rank 0] 20 timed trials × 1 iters/trial

========== EXPERIMENT METRICS (global) ==========
Mode              : online / inject=add
M x K x N         : 9472 x 9472 x 9472
Process grid      : 1 x 2
Frags per rank    : 8
Total fragments   : 16
Repeats           : 1
Threshold used    : 1.0000
--- Timing (worst rank) ---
Baseline   min/med/max : 185.9882 / 194.2601 / 201.5837  ms
Baseline   GFLOPS (med): 8749.2608  (min 8431.3994, max 9138.3903)
Protected  min/med/max : 196.6330 / 209.6292 / 221.4381  ms
Protected  GFLOPS (med): 8107.8040  (min 7675.4310, max 8643.6777)
Overhead (median)      : 7.9116 %
--- Confusion Matrix (global) ---
TP / TN / FP / FN     : 40 / 280 / 0 / 0
Recall                : 1.0000
Detection precision   : 1.0000
Correction precision  : 0.0000 %
==================================================


=== C1 baseline 9728^3
=== ABFT GEMM (cuBLAS, online pipelined) ===
Mode           : baseline  (inject=none)
M x K x N      : 9728 x 9728 x 9728
Process grid   : 1 x 2  (world=2)
Frags per rank : 8
Repeats        : 1
Samples        : 20
Threshold      : (per-fragment, formula)
GPUs visible   : 2


========== EXPERIMENT METRICS (global) ==========
Mode              : BASELINE
M x K x N         : 9728 x 9728 x 9728
Process grid      : 1 x 2
Frags per rank    : 8
Total fragments   : 16
Repeats           : 1
Threshold used    : 1924.6185
--- Timing (worst rank) ---
Baseline   min/med/max : 196.8207 / 197.5393 / 199.2078  ms
Baseline   GFLOPS (med): 9320.6730  (min 9242.6039, max 9354.7009)
Protected  min/med/max : 196.8207 / 197.5393 / 199.2078  ms
Protected  GFLOPS (med): 9320.6730  (min 9242.6039, max 9354.7009)
Overhead (median)      : 0.0000 %
--- Confusion Matrix (global) ---
TP / TN / FP / FN     : 0 / 320 / 0 / 0
Recall                : 0.0000
Detection precision   : 0.0000
Correction precision  : 0.0000 %
==================================================


=== C1 A1 detect 9728^3
=== ABFT GEMM (cuBLAS, online pipelined) ===
Mode           : online  (inject=none)
M x K x N      : 9728 x 9728 x 9728
Process grid   : 1 x 2  (world=2)
Frags per rank : 8
Repeats        : 1
Samples        : 20
Threshold      : 1 (override)
Encoding       : overlap
Localization   : only with injection
GPUs visible   : 2

[Rank 0] 20 timed trials × 1 iters/trial

========== EXPERIMENT METRICS (global) ==========
Mode              : online / inject=none
M x K x N         : 9728 x 9728 x 9728
Process grid      : 1 x 2
Frags per rank    : 8
Total fragments   : 16
Repeats           : 1
Threshold used    : 1.0000
--- Timing (worst rank) ---
Baseline   min/med/max : 198.0499 / 199.0430 / 212.9234  ms
Baseline   GFLOPS (med): 9250.2551  (min 8647.2367, max 9296.6418)
Protected  min/med/max : 203.8791 / 206.2638 / 219.8896  ms
Protected  GFLOPS (med): 8926.4250  (min 8373.2866, max 9030.8366)
Overhead (median)      : 3.6278 %
--- Confusion Matrix (global) ---
TP / TN / FP / FN     : 0 / 320 / 0 / 0
Recall                : 0.0000
Detection precision   : 0.0000
Correction precision  : 0.0000 %
==================================================


=== C1 B1 always 9728^3
=== ABFT GEMM (cuBLAS, online pipelined) ===
Mode           : online_loc  (inject=none)
M x K x N      : 9728 x 9728 x 9728
Process grid   : 1 x 2  (world=2)
Frags per rank : 8
Repeats        : 1
Samples        : 20
Threshold      : 1 (override)
Encoding       : overlap
Localization   : every fragment (deployment)
GPUs visible   : 2

[Rank 0] 20 timed trials × 1 iters/trial

========== EXPERIMENT METRICS (global) ==========
Mode              : online_loc / inject=none
M x K x N         : 9728 x 9728 x 9728
Process grid      : 1 x 2
Frags per rank    : 8
Total fragments   : 16
Repeats           : 1
Threshold used    : 1.0000
--- Timing (worst rank) ---
Baseline   min/med/max : 197.4310 / 200.1241 / 211.4629  ms
Baseline   GFLOPS (med): 9200.2849  (min 8706.9587, max 9325.7843)
Protected  min/med/max : 202.3857 / 207.6401 / 220.6253  ms
Protected  GFLOPS (med): 8867.2622  (min 8345.3637, max 9097.4761)
Overhead (median)      : 3.7556 %
--- Confusion Matrix (global) ---
TP / TN / FP / FN     : 0 / 320 / 0 / 0
Recall                : 0.0000
Detection precision   : 0.0000
Correction precision  : 0.0000 %
==================================================


=== C1 B2 always 9728^3
=== ABFT GEMM (cuBLAS, online pipelined) ===
Mode           : online_loc  (inject=none)
M x K x N      : 9728 x 9728 x 9728
Process grid   : 1 x 2  (world=2)
Frags per rank : 8
Repeats        : 1
Samples        : 20
Threshold      : 1 (override)
Encoding       : overlap
Localization   : every fragment (deployment)
GPUs visible   : 2

[Rank 0] 20 timed trials × 1 iters/trial

========== EXPERIMENT METRICS (global) ==========
Mode              : online_loc / inject=none
M x K x N         : 9728 x 9728 x 9728
Process grid      : 1 x 2
Frags per rank    : 8
Total fragments   : 16
Repeats           : 1
Threshold used    : 1.0000
--- Timing (worst rank) ---
Baseline   min/med/max : 198.0286 / 201.1643 / 212.8098  ms
Baseline   GFLOPS (med): 9152.7093  (min 8651.8514, max 9297.6431)
Protected  min/med/max : 203.2383 / 210.3961 / 219.5304  ms
Protected  GFLOPS (med): 8751.1060  (min 8386.9868, max 9059.3088)
Overhead (median)      : 4.5892 %
--- Confusion Matrix (global) ---
TP / TN / FP / FN     : 0 / 320 / 0 / 0
Recall                : 0.0000
Detection precision   : 0.0000
Correction precision  : 0.0000 %
==================================================


=== C1 A2 detect 9728^3
=== ABFT GEMM (cuBLAS, online pipelined) ===
Mode           : online  (inject=none)
M x K x N      : 9728 x 9728 x 9728
Process grid   : 1 x 2  (world=2)
Frags per rank : 8
Repeats        : 1
Samples        : 20
Threshold      : 1 (override)
Encoding       : overlap
Localization   : only with injection
GPUs visible   : 2

[Rank 0] 20 timed trials × 1 iters/trial

========== EXPERIMENT METRICS (global) ==========
Mode              : online / inject=none
M x K x N         : 9728 x 9728 x 9728
Process grid      : 1 x 2
Frags per rank    : 8
Total fragments   : 16
Repeats           : 1
Threshold used    : 1.0000
--- Timing (worst rank) ---
Baseline   min/med/max : 197.0593 / 204.7614 / 213.7446  ms
Baseline   GFLOPS (med): 8991.9217  (min 8614.0125, max 9343.3729)
Protected  min/med/max : 202.7487 / 215.0169 / 220.7893  ms
Protected  GFLOPS (med): 8563.0423  (min 8339.1661, max 9081.1849)
Overhead (median)      : 5.0085 %
--- Confusion Matrix (global) ---
TP / TN / FP / FN     : 0 / 320 / 0 / 0
Recall                : 0.0000
Detection precision   : 0.0000
Correction precision  : 0.0000 %
==================================================


=== C1 fault 9728^3
=== ABFT GEMM (cuBLAS, online pipelined) ===
Mode           : online  (inject=add)
M x K x N      : 9728 x 9728 x 9728
Process grid   : 1 x 2  (world=2)
Frags per rank : 8
Repeats        : 1
Samples        : 20
Threshold      : 1 (override)
Encoding       : overlap
Localization   : only with injection
GPUs visible   : 2

[Rank 0] 20 timed trials × 1 iters/trial

========== EXPERIMENT METRICS (global) ==========
Mode              : online / inject=add
M x K x N         : 9728 x 9728 x 9728
Process grid      : 1 x 2
Frags per rank    : 8
Total fragments   : 16
Repeats           : 1
Threshold used    : 1.0000
--- Timing (worst rank) ---
Baseline   min/med/max : 196.9154 / 201.6365 / 213.0134  ms
Baseline   GFLOPS (med): 9131.2751  (min 8643.5837, max 9350.2017)
Protected  min/med/max : 206.7652 / 217.8582 / 236.9465  ms
Protected  GFLOPS (med): 8451.3627  (min 7770.5245, max 8904.7812)
Overhead (median)      : 8.0450 %
--- Confusion Matrix (global) ---
TP / TN / FP / FN     : 40 / 280 / 0 / 0
Recall                : 1.0000
Detection precision   : 1.0000
Correction precision  : 0.0000 %
==================================================


=== C1 baseline 9984^3
=== ABFT GEMM (cuBLAS, online pipelined) ===
Mode           : baseline  (inject=none)
M x K x N      : 9984 x 9984 x 9984
Process grid   : 1 x 2  (world=2)
Frags per rank : 8
Repeats        : 1
Samples        : 20
Threshold      : (per-fragment, formula)
GPUs visible   : 2


========== EXPERIMENT METRICS (global) ==========
Mode              : BASELINE
M x K x N         : 9984 x 9984 x 9984
Process grid      : 1 x 2
Frags per rank    : 8
Total fragments   : 16
Repeats           : 1
Threshold used    : 2058.7169
--- Timing (worst rank) ---
Baseline   min/med/max : 212.0337 / 214.5143 / 217.2235  ms
Baseline   GFLOPS (med): 9278.7052  (min 9162.9841, max 9387.2603)
Protected  min/med/max : 212.0337 / 214.5143 / 217.2235  ms
Protected  GFLOPS (med): 9278.7052  (min 9162.9841, max 9387.2603)
Overhead (median)      : 0.0000 %
--- Confusion Matrix (global) ---
TP / TN / FP / FN     : 0 / 320 / 0 / 0
Recall                : 0.0000
Detection precision   : 0.0000
Correction precision  : 0.0000 %
==================================================


=== C1 A1 detect 9984^3
=== ABFT GEMM (cuBLAS, online pipelined) ===
Mode           : online  (inject=none)
M x K x N      : 9984 x 9984 x 9984
Process grid   : 1 x 2  (world=2)
Frags per rank : 8
Repeats        : 1
Samples        : 20
Threshold      : 1 (override)
Encoding       : overlap
Localization   : only with injection
GPUs visible   : 2

[Rank 0] 20 timed trials × 1 iters/trial

========== EXPERIMENT METRICS (global) ==========
Mode              : online / inject=none
M x K x N         : 9984 x 9984 x 9984
Process grid      : 1 x 2
Frags per rank    : 8
Total fragments   : 16
Repeats           : 1
Threshold used    : 1.0000
--- Timing (worst rank) ---
Baseline   min/med/max : 215.4899 / 217.8332 / 232.4689  ms
Baseline   GFLOPS (med): 9137.3355  (min 8562.0704, max 9236.6997)
Protected  min/med/max : 221.0435 / 224.4383 / 241.8285  ms
Protected  GFLOPS (med): 8868.4285  (min 8230.6898, max 9004.6337)
Overhead (median)      : 3.0322 %
--- Confusion Matrix (global) ---
TP / TN / FP / FN     : 0 / 320 / 0 / 0
Recall                : 0.0000
Detection precision   : 0.0000
Correction precision  : 0.0000 %
==================================================


=== C1 B1 always 9984^3
=== ABFT GEMM (cuBLAS, online pipelined) ===
Mode           : online_loc  (inject=none)
M x K x N      : 9984 x 9984 x 9984
Process grid   : 1 x 2  (world=2)
Frags per rank : 8
Repeats        : 1
Samples        : 20
Threshold      : 1 (override)
Encoding       : overlap
Localization   : every fragment (deployment)
GPUs visible   : 2

[Rank 0] 20 timed trials × 1 iters/trial

========== EXPERIMENT METRICS (global) ==========
Mode              : online_loc / inject=none
M x K x N         : 9984 x 9984 x 9984
Process grid      : 1 x 2
Frags per rank    : 8
Total fragments   : 16
Repeats           : 1
Threshold used    : 1.0000
--- Timing (worst rank) ---
Baseline   min/med/max : 213.2932 / 217.2181 / 231.5507  ms
Baseline   GFLOPS (med): 9163.2133  (min 8596.0240, max 9331.8271)
Protected  min/med/max : 218.9433 / 223.7766 / 237.9273  ms
Protected  GFLOPS (med): 8894.6523  (min 8365.6444, max 9091.0101)
Overhead (median)      : 3.0194 %
--- Confusion Matrix (global) ---
TP / TN / FP / FN     : 0 / 320 / 0 / 0
Recall                : 0.0000
Detection precision   : 0.0000
Correction precision  : 0.0000 %
==================================================


=== C1 B2 always 9984^3
=== ABFT GEMM (cuBLAS, online pipelined) ===
Mode           : online_loc  (inject=none)
M x K x N      : 9984 x 9984 x 9984
Process grid   : 1 x 2  (world=2)
Frags per rank : 8
Repeats        : 1
Samples        : 20
Threshold      : 1 (override)
Encoding       : overlap
Localization   : every fragment (deployment)
GPUs visible   : 2

[Rank 0] 20 timed trials × 1 iters/trial

========== EXPERIMENT METRICS (global) ==========
Mode              : online_loc / inject=none
M x K x N         : 9984 x 9984 x 9984
Process grid      : 1 x 2
Frags per rank    : 8
Total fragments   : 16
Repeats           : 1
Threshold used    : 1.0000
--- Timing (worst rank) ---
Baseline   min/med/max : 212.0337 / 219.2164 / 232.0633  ms
Baseline   GFLOPS (med): 9079.6825  (min 8577.0364, max 9387.2577)
Protected  min/med/max : 218.7464 / 228.0600 / 238.5073  ms
Protected  GFLOPS (med): 8727.5958  (min 8345.3028, max 9099.1928)
Overhead (median)      : 4.0342 %
--- Confusion Matrix (global) ---
TP / TN / FP / FN     : 0 / 320 / 0 / 0
Recall                : 0.0000
Detection precision   : 0.0000
Correction precision  : 0.0000 %
==================================================


=== C1 A2 detect 9984^3
=== ABFT GEMM (cuBLAS, online pipelined) ===
Mode           : online  (inject=none)
M x K x N      : 9984 x 9984 x 9984
Process grid   : 1 x 2  (world=2)
Frags per rank : 8
Repeats        : 1
Samples        : 20
Threshold      : 1 (override)
Encoding       : overlap
Localization   : only with injection
GPUs visible   : 2

[Rank 0] 20 timed trials × 1 iters/trial

========== EXPERIMENT METRICS (global) ==========
Mode              : online / inject=none
M x K x N         : 9984 x 9984 x 9984
Process grid      : 1 x 2
Frags per rank    : 8
Total fragments   : 16
Repeats           : 1
Threshold used    : 1.0000
--- Timing (worst rank) ---
Baseline   min/med/max : 212.7924 / 221.3341 / 231.7307  ms
Baseline   GFLOPS (med): 8992.8100  (min 8589.3462, max 9353.7912)
Protected  min/med/max : 219.2690 / 229.6518 / 238.1738  ms
Protected  GFLOPS (med): 8667.1002  (min 8356.9854, max 9077.5031)
Overhead (median)      : 3.7580 %
--- Confusion Matrix (global) ---
TP / TN / FP / FN     : 0 / 320 / 0 / 0
Recall                : 0.0000
Detection precision   : 0.0000
Correction precision  : 0.0000 %
==================================================


=== C1 fault 9984^3
=== ABFT GEMM (cuBLAS, online pipelined) ===
Mode           : online  (inject=add)
M x K x N      : 9984 x 9984 x 9984
Process grid   : 1 x 2  (world=2)
Frags per rank : 8
Repeats        : 1
Samples        : 20
Threshold      : 1 (override)
Encoding       : overlap
Localization   : only with injection
GPUs visible   : 2

[Rank 0] 20 timed trials × 1 iters/trial

========== EXPERIMENT METRICS (global) ==========
Mode              : online / inject=add
M x K x N         : 9984 x 9984 x 9984
Process grid      : 1 x 2
Frags per rank    : 8
Total fragments   : 16
Repeats           : 1
Threshold used    : 1.0000
--- Timing (worst rank) ---
Baseline   min/med/max : 211.6914 / 222.8569 / 231.3389  ms
Baseline   GFLOPS (med): 8931.3621  (min 8603.8923, max 9402.4397)
Protected  min/med/max : 222.9466 / 240.1048 / 244.6037  ms
Protected  GFLOPS (med): 8289.7787  (min 8137.3061, max 8927.7661)
Overhead (median)      : 7.7395 %
--- Confusion Matrix (global) ---
TP / TN / FP / FN     : 40 / 280 / 0 / 0
Recall                : 1.0000
Detection precision   : 1.0000
Correction precision  : 0.0000 %
==================================================


=== C1 baseline 10240^3
=== ABFT GEMM (cuBLAS, online pipelined) ===
Mode           : baseline  (inject=none)
M x K x N      : 10240 x 10240 x 10240
Process grid   : 1 x 2  (world=2)
Frags per rank : 8
Repeats        : 1
Samples        : 20
Threshold      : (per-fragment, formula)
GPUs visible   : 2


========== EXPERIMENT METRICS (global) ==========
Mode              : BASELINE
M x K x N         : 10240 x 10240 x 10240
Process grid      : 1 x 2
Frags per rank    : 8
Total fragments   : 16
Repeats           : 1
Threshold used    : 2226.2023
--- Timing (worst rank) ---
Baseline   min/med/max : 222.7110 / 223.2903 / 223.9883  ms
Baseline   GFLOPS (med): 9617.4529  (min 9587.4819, max 9642.4693)
Protected  min/med/max : 222.7110 / 223.2903 / 223.9883  ms
Protected  GFLOPS (med): 9617.4529  (min 9587.4819, max 9642.4693)
Overhead (median)      : 0.0000 %
--- Confusion Matrix (global) ---
TP / TN / FP / FN     : 0 / 320 / 0 / 0
Recall                : 0.0000
Detection precision   : 0.0000
Correction precision  : 0.0000 %
==================================================


=== C1 A1 detect 10240^3
=== ABFT GEMM (cuBLAS, online pipelined) ===
Mode           : online  (inject=none)
M x K x N      : 10240 x 10240 x 10240
Process grid   : 1 x 2  (world=2)
Frags per rank : 8
Repeats        : 1
Samples        : 20
Threshold      : 1 (override)
Encoding       : overlap
Localization   : only with injection
GPUs visible   : 2

[Rank 0] 20 timed trials × 1 iters/trial

========== EXPERIMENT METRICS (global) ==========
Mode              : online / inject=none
M x K x N         : 10240 x 10240 x 10240
Process grid      : 1 x 2
Frags per rank    : 8
Total fragments   : 16
Repeats           : 1
Threshold used    : 1.0000
--- Timing (worst rank) ---
Baseline   min/med/max : 226.0807 / 227.9141 / 242.8279  ms
Baseline   GFLOPS (med): 9422.3363  (min 8843.6442, max 9498.7464)
Protected  min/med/max : 233.1208 / 234.5817 / 251.4087  ms
Protected  GFLOPS (med): 9154.5218  (min 8541.8043, max 9211.8939)
Overhead (median)      : 2.9255 %
--- Confusion Matrix (global) ---
TP / TN / FP / FN     : 0 / 320 / 0 / 0
Recall                : 0.0000
Detection precision   : 0.0000
Correction precision  : 0.0000 %
==================================================


=== C1 B1 always 10240^3
=== ABFT GEMM (cuBLAS, online pipelined) ===
Mode           : online_loc  (inject=none)
M x K x N      : 10240 x 10240 x 10240
Process grid   : 1 x 2  (world=2)
Frags per rank : 8
Repeats        : 1
Samples        : 20
Threshold      : 1 (override)
Encoding       : overlap
Localization   : every fragment (deployment)
GPUs visible   : 2

[Rank 0] 20 timed trials × 1 iters/trial

========== EXPERIMENT METRICS (global) ==========
Mode              : online_loc / inject=none
M x K x N         : 10240 x 10240 x 10240
Process grid      : 1 x 2
Frags per rank    : 8
Total fragments   : 16
Repeats           : 1
Threshold used    : 1.0000
--- Timing (worst rank) ---
Baseline   min/med/max : 222.8145 / 224.7486 / 240.2349  ms
Baseline   GFLOPS (med): 9555.0479  (min 8939.1006, max 9637.9891)
Protected  min/med/max : 228.2508 / 231.2620 / 248.6414  ms
Protected  GFLOPS (med): 9285.9324  (min 8636.8723, max 9408.4402)
Overhead (median)      : 2.8981 %
--- Confusion Matrix (global) ---
TP / TN / FP / FN     : 0 / 320 / 0 / 0
Recall                : 0.0000
Detection precision   : 0.0000
Correction precision  : 0.0000 %
==================================================


=== C1 B2 always 10240^3
=== ABFT GEMM (cuBLAS, online pipelined) ===
Mode           : online_loc  (inject=none)
M x K x N      : 10240 x 10240 x 10240
Process grid   : 1 x 2  (world=2)
Frags per rank : 8
Repeats        : 1
Samples        : 20
Threshold      : 1 (override)
Encoding       : overlap
Localization   : every fragment (deployment)
GPUs visible   : 2

[Rank 0] 20 timed trials × 1 iters/trial

========== EXPERIMENT METRICS (global) ==========
Mode              : online_loc / inject=none
M x K x N         : 10240 x 10240 x 10240
Process grid      : 1 x 2
Frags per rank    : 8
Total fragments   : 16
Repeats           : 1
Threshold used    : 1.0000
--- Timing (worst rank) ---
Baseline   min/med/max : 223.9330 / 229.4009 / 240.7096  ms
Baseline   GFLOPS (med): 9361.2686  (min 8921.4704, max 9589.8506)
Protected  min/med/max : 227.7355 / 240.9300 / 246.7290  ms
Protected  GFLOPS (med): 8913.3107  (min 8703.8154, max 9429.7293)
Overhead (median)      : 5.0257 %
--- Confusion Matrix (global) ---
TP / TN / FP / FN     : 0 / 320 / 0 / 0
Recall                : 0.0000
Detection precision   : 0.0000
Correction precision  : 0.0000 %
==================================================


=== C1 A2 detect 10240^3
=== ABFT GEMM (cuBLAS, online pipelined) ===
Mode           : online  (inject=none)
M x K x N      : 10240 x 10240 x 10240
Process grid   : 1 x 2  (world=2)
Frags per rank : 8
Repeats        : 1
Samples        : 20
Threshold      : 1 (override)
Encoding       : overlap
Localization   : only with injection
GPUs visible   : 2

[Rank 0] 20 timed trials × 1 iters/trial

========== EXPERIMENT METRICS (global) ==========
Mode              : online / inject=none
M x K x N         : 10240 x 10240 x 10240
Process grid      : 1 x 2
Frags per rank    : 8
Total fragments   : 16
Repeats           : 1
Threshold used    : 1.0000
--- Timing (worst rank) ---
Baseline   min/med/max : 223.0028 / 232.7701 / 240.1910  ms
Baseline   GFLOPS (med): 9225.7721  (min 8940.7327, max 9629.8497)
Protected  min/med/max : 227.6834 / 243.3593 / 246.6444  ms
Protected  GFLOPS (med): 8824.3320  (min 8706.7994, max 9431.8831)
Overhead (median)      : 4.5492 %
--- Confusion Matrix (global) ---
TP / TN / FP / FN     : 0 / 320 / 0 / 0
Recall                : 0.0000
Detection precision   : 0.0000
Correction precision  : 0.0000 %
==================================================


=== C1 fault 10240^3
=== ABFT GEMM (cuBLAS, online pipelined) ===
Mode           : online  (inject=add)
M x K x N      : 10240 x 10240 x 10240
Process grid   : 1 x 2  (world=2)
Frags per rank : 8
Repeats        : 1
Samples        : 20
Threshold      : 1 (override)
Encoding       : overlap
Localization   : only with injection
GPUs visible   : 2

[Rank 0] 20 timed trials × 1 iters/trial

========== EXPERIMENT METRICS (global) ==========
Mode              : online / inject=add
M x K x N         : 10240 x 10240 x 10240
Process grid      : 1 x 2
Frags per rank    : 8
Total fragments   : 16
Repeats           : 1
Threshold used    : 1.0000
--- Timing (worst rank) ---
Baseline   min/med/max : 222.4748 / 237.7965 / 240.5807  ms
Baseline   GFLOPS (med): 9030.7609  (min 8926.2502, max 9652.7050)
Protected  min/med/max : 235.0544 / 249.6914 / 257.8189  ms
Protected  GFLOPS (med): 8600.5497  (min 8329.4263, max 9136.1153)
Overhead (median)      : 5.0021 %
--- Confusion Matrix (global) ---
TP / TN / FP / FN     : 40 / 280 / 0 / 0
Recall                : 1.0000
Detection precision   : 1.0000
Correction precision  : 0.0000 %
==================================================


size  detect%  always%  fault%   (paired, mean of runs)
  256   217.37   252.01   579.99
  512   181.04   185.19   447.37
  768    96.81   110.25   262.47
 1024   208.79   237.32   292.29
 1280   104.44   121.07   162.17
 1536   131.04   143.31   176.37
 1792    53.69    64.59    85.83
 2048    52.72    61.50    90.65
 2304    64.09    68.92    83.54
 2560    35.71    37.86    62.93
 2816     8.40     7.91    21.33
 3072    38.04    38.55    49.59
 3328     7.44     7.29    10.10
 3584     5.57     4.58     7.47
 3840     3.46     4.14     6.11
 4096     4.79     5.33     6.84
 4352     3.38     3.48     5.18
 4608     4.04     4.24     5.22
 4864     3.67     3.67     5.97
 5120     3.67     4.01     5.87
 5376     4.06     4.22     6.78
 5632     4.20     4.12     7.90
 5888     4.22     4.62    12.55
 6144     9.04     8.84    14.34
 6400     3.17     2.84     5.22
 6656     3.01     3.05     5.55
 6912     3.49     3.69     8.03
 7168     3.19     3.36     7.37
 7424     3.21     3.37     6.69
 7680     5.17     5.22     8.90
 7936     3.00     3.38     5.60
 8192     3.15     3.12     5.74
 8448     2.87     2.97     6.85
 8704     2.94     3.39     6.29
 8960     2.96     2.63     5.46
 9216     2.89     2.87     6.32
 9472     2.99     3.12     6.38
 9728     3.39     3.08     6.03
 9984     2.90     3.23     5.25
10240     2.91     2.64     5.89
=== All runs complete ===
