=== Compilando ===
############################################
###  CUADRADAS  40 tamaños x 6 valores de F
############################################
--- sq 256^3 F=1 ---
=== ABFT GEMM (cuBLAS, online pipelined) ===
Mode           : baseline  (inject=none)
M x K x N      : 256 x 256 x 256
Process grid   : 1 x 2  (world=2)
Frags per rank : 1  (small-matrix opt: forced to 1)
Repeats        : 1
Samples        : 20
Threshold      : (per-fragment, formula)
GPUs visible   : 2


========== EXPERIMENT METRICS (global) ==========
Mode              : BASELINE
M x K x N         : 256 x 256 x 256
Process grid      : 1 x 2
Frags per rank    : 1
Total fragments   : 2
Repeats           : 1
Threshold used    : 0.3121
--- Timing (worst rank) ---
Baseline   min/med/max : 0.0223 / 0.0228 / 0.0340  ms
Baseline   GFLOPS (med): 1473.4305  (min 986.8080, max 1501.4512)
Protected  min/med/max : 0.0223 / 0.0228 / 0.0340  ms
Protected  GFLOPS (med): 1473.4305  (min 986.8080, max 1501.4512)
Overhead (median)      : 0.0000 %
--- Confusion Matrix (global) ---
TP / TN / FP / FN     : 0 / 40 / 0 / 0
Recall                : 0.0000
Detection precision   : 0.0000
Correction precision  : 0.0000 %
==================================================

--- sq 256^3 F=2 ---
=== ABFT GEMM (cuBLAS, online pipelined) ===
Mode           : baseline  (inject=none)
M x K x N      : 256 x 256 x 256
Process grid   : 1 x 2  (world=2)
Frags per rank : 1  (small-matrix opt: forced to 1)
Repeats        : 1
Samples        : 20
Threshold      : (per-fragment, formula)
GPUs visible   : 2


========== EXPERIMENT METRICS (global) ==========
Mode              : BASELINE
M x K x N         : 256 x 256 x 256
Process grid      : 1 x 2
Frags per rank    : 1
Total fragments   : 2
Repeats           : 1
Threshold used    : 0.3121
--- Timing (worst rank) ---
Baseline   min/med/max : 0.0225 / 0.0228 / 0.0270  ms
Baseline   GFLOPS (med): 1474.5960  (min 1244.6929, max 1491.5733)
Protected  min/med/max : 0.0225 / 0.0228 / 0.0270  ms
Protected  GFLOPS (med): 1474.5960  (min 1244.6929, max 1491.5733)
Overhead (median)      : 0.0000 %
--- Confusion Matrix (global) ---
TP / TN / FP / FN     : 0 / 40 / 0 / 0
Recall                : 0.0000
Detection precision   : 0.0000
Correction precision  : 0.0000 %
==================================================

--- sq 256^3 F=4 ---
=== ABFT GEMM (cuBLAS, online pipelined) ===
Mode           : baseline  (inject=none)
M x K x N      : 256 x 256 x 256
Process grid   : 1 x 2  (world=2)
Frags per rank : 1  (small-matrix opt: forced to 1)
Repeats        : 1
Samples        : 20
Threshold      : (per-fragment, formula)
GPUs visible   : 2


========== EXPERIMENT METRICS (global) ==========
Mode              : BASELINE
M x K x N         : 256 x 256 x 256
Process grid      : 1 x 2
Frags per rank    : 1
Total fragments   : 2
Repeats           : 1
Threshold used    : 0.3121
--- Timing (worst rank) ---
Baseline   min/med/max : 0.0226 / 0.0229 / 0.0247  ms
Baseline   GFLOPS (med): 1462.9592  (min 1357.8194, max 1484.3153)
Protected  min/med/max : 0.0226 / 0.0229 / 0.0247  ms
Protected  GFLOPS (med): 1462.9592  (min 1357.8194, max 1484.3153)
Overhead (median)      : 0.0000 %
--- Confusion Matrix (global) ---
TP / TN / FP / FN     : 0 / 40 / 0 / 0
Recall                : 0.0000
Detection precision   : 0.0000
Correction precision  : 0.0000 %
==================================================

--- sq 256^3 F=8 ---
=== ABFT GEMM (cuBLAS, online pipelined) ===
Mode           : baseline  (inject=none)
M x K x N      : 256 x 256 x 256
Process grid   : 1 x 2  (world=2)
Frags per rank : 1  (small-matrix opt: forced to 1)
Repeats        : 1
Samples        : 20
Threshold      : (per-fragment, formula)
GPUs visible   : 2


========== EXPERIMENT METRICS (global) ==========
Mode              : BASELINE
M x K x N         : 256 x 256 x 256
Process grid      : 1 x 2
Frags per rank    : 1
Total fragments   : 2
Repeats           : 1
Threshold used    : 0.3121
--- Timing (worst rank) ---
Baseline   min/med/max : 0.0223 / 0.0228 / 0.0343  ms
Baseline   GFLOPS (med): 1471.4920  (min 977.3230, max 1504.7505)
Protected  min/med/max : 0.0223 / 0.0228 / 0.0343  ms
Protected  GFLOPS (med): 1471.4920  (min 977.3230, max 1504.7505)
Overhead (median)      : 0.0000 %
--- Confusion Matrix (global) ---
TP / TN / FP / FN     : 0 / 40 / 0 / 0
Recall                : 0.0000
Detection precision   : 0.0000
Correction precision  : 0.0000 %
==================================================

--- sq 256^3 F=16 ---
=== ABFT GEMM (cuBLAS, online pipelined) ===
Mode           : baseline  (inject=none)
M x K x N      : 256 x 256 x 256
Process grid   : 1 x 2  (world=2)
Frags per rank : 1  (small-matrix opt: forced to 1)
Repeats        : 1
Samples        : 20
Threshold      : (per-fragment, formula)
GPUs visible   : 2


========== EXPERIMENT METRICS (global) ==========
Mode              : BASELINE
M x K x N         : 256 x 256 x 256
Process grid      : 1 x 2
Frags per rank    : 1
Total fragments   : 2
Repeats           : 1
Threshold used    : 0.3121
--- Timing (worst rank) ---
Baseline   min/med/max : 0.0225 / 0.0229 / 0.0239  ms
Baseline   GFLOPS (med): 1467.6303  (min 1406.0691, max 1489.5868)
Protected  min/med/max : 0.0225 / 0.0229 / 0.0239  ms
Protected  GFLOPS (med): 1467.6303  (min 1406.0691, max 1489.5868)
Overhead (median)      : 0.0000 %
--- Confusion Matrix (global) ---
TP / TN / FP / FN     : 0 / 40 / 0 / 0
Recall                : 0.0000
Detection precision   : 0.0000
Correction precision  : 0.0000 %
==================================================

--- sq 256^3 F=32 ---
=== ABFT GEMM (cuBLAS, online pipelined) ===
Mode           : baseline  (inject=none)
M x K x N      : 256 x 256 x 256
Process grid   : 1 x 2  (world=2)
Frags per rank : 1  (small-matrix opt: forced to 1)
Repeats        : 1
Samples        : 20
Threshold      : (per-fragment, formula)
GPUs visible   : 2


========== EXPERIMENT METRICS (global) ==========
Mode              : BASELINE
M x K x N         : 256 x 256 x 256
Process grid      : 1 x 2
Frags per rank    : 1
Total fragments   : 2
Repeats           : 1
Threshold used    : 0.3121
--- Timing (worst rank) ---
Baseline   min/med/max : 0.0223 / 0.0228 / 0.0269  ms
Baseline   GFLOPS (med): 1473.6893  (min 1248.8623, max 1502.0561)
Protected  min/med/max : 0.0223 / 0.0228 / 0.0269  ms
Protected  GFLOPS (med): 1473.6893  (min 1248.8623, max 1502.0561)
Overhead (median)      : 0.0000 %
--- Confusion Matrix (global) ---
TP / TN / FP / FN     : 0 / 40 / 0 / 0
Recall                : 0.0000
Detection precision   : 0.0000
Correction precision  : 0.0000 %
==================================================

--- sq 512^3 F=1 ---
=== ABFT GEMM (cuBLAS, online pipelined) ===
Mode           : baseline  (inject=none)
M x K x N      : 512 x 512 x 512
Process grid   : 1 x 2  (world=2)
Frags per rank : 1  (small-matrix opt: forced to 1)
Repeats        : 1
Samples        : 20
Threshold      : (per-fragment, formula)
GPUs visible   : 2


========== EXPERIMENT METRICS (global) ==========
Mode              : BASELINE
M x K x N         : 512 x 512 x 512
Process grid      : 1 x 2
Frags per rank    : 1
Total fragments   : 2
Repeats           : 1
Threshold used    : 2.4096
--- Timing (worst rank) ---
Baseline   min/med/max : 0.0570 / 0.0577 / 0.0606  ms
Baseline   GFLOPS (med): 4652.2609  (min 4428.1665, max 4713.1148)
Protected  min/med/max : 0.0570 / 0.0577 / 0.0606  ms
Protected  GFLOPS (med): 4652.2609  (min 4428.1665, max 4713.1148)
Overhead (median)      : 0.0000 %
--- Confusion Matrix (global) ---
TP / TN / FP / FN     : 0 / 40 / 0 / 0
Recall                : 0.0000
Detection precision   : 0.0000
Correction precision  : 0.0000 %
==================================================

--- sq 512^3 F=2 ---
=== ABFT GEMM (cuBLAS, online pipelined) ===
Mode           : baseline  (inject=none)
M x K x N      : 512 x 512 x 512
Process grid   : 1 x 2  (world=2)
Frags per rank : 1  (small-matrix opt: forced to 1)
Repeats        : 1
Samples        : 20
Threshold      : (per-fragment, formula)
GPUs visible   : 2


========== EXPERIMENT METRICS (global) ==========
Mode              : BASELINE
M x K x N         : 512 x 512 x 512
Process grid      : 1 x 2
Frags per rank    : 1
Total fragments   : 2
Repeats           : 1
Threshold used    : 2.4096
--- Timing (worst rank) ---
Baseline   min/med/max : 0.0570 / 0.0576 / 0.0612  ms
Baseline   GFLOPS (med): 4658.4776  (min 4389.4278, max 4708.6505)
Protected  min/med/max : 0.0570 / 0.0576 / 0.0612  ms
Protected  GFLOPS (med): 4658.4776  (min 4389.4278, max 4708.6505)
Overhead (median)      : 0.0000 %
--- Confusion Matrix (global) ---
TP / TN / FP / FN     : 0 / 40 / 0 / 0
Recall                : 0.0000
Detection precision   : 0.0000
Correction precision  : 0.0000 %
==================================================

--- sq 512^3 F=4 ---
=== ABFT GEMM (cuBLAS, online pipelined) ===
Mode           : baseline  (inject=none)
M x K x N      : 512 x 512 x 512
Process grid   : 1 x 2  (world=2)
Frags per rank : 1  (small-matrix opt: forced to 1)
Repeats        : 1
Samples        : 20
Threshold      : (per-fragment, formula)
GPUs visible   : 2


========== EXPERIMENT METRICS (global) ==========
Mode              : BASELINE
M x K x N         : 512 x 512 x 512
Process grid      : 1 x 2
Frags per rank    : 1
Total fragments   : 2
Repeats           : 1
Threshold used    : 2.4096
--- Timing (worst rank) ---
Baseline   min/med/max : 0.0571 / 0.0576 / 0.0609  ms
Baseline   GFLOPS (med): 4661.9565  (min 4405.4200, max 4698.0198)
Protected  min/med/max : 0.0571 / 0.0576 / 0.0609  ms
Protected  GFLOPS (med): 4661.9565  (min 4405.4200, max 4698.0198)
Overhead (median)      : 0.0000 %
--- Confusion Matrix (global) ---
TP / TN / FP / FN     : 0 / 40 / 0 / 0
Recall                : 0.0000
Detection precision   : 0.0000
Correction precision  : 0.0000 %
==================================================

--- sq 512^3 F=8 ---
=== ABFT GEMM (cuBLAS, online pipelined) ===
Mode           : baseline  (inject=none)
M x K x N      : 512 x 512 x 512
Process grid   : 1 x 2  (world=2)
Frags per rank : 1  (small-matrix opt: forced to 1)
Repeats        : 1
Samples        : 20
Threshold      : (per-fragment, formula)
GPUs visible   : 2


========== EXPERIMENT METRICS (global) ==========
Mode              : BASELINE
M x K x N         : 512 x 512 x 512
Process grid      : 1 x 2
Frags per rank    : 1
Total fragments   : 2
Repeats           : 1
Threshold used    : 2.4096
--- Timing (worst rank) ---
Baseline   min/med/max : 0.0573 / 0.0579 / 0.0647  ms
Baseline   GFLOPS (med): 4639.6366  (min 4148.5404, max 4686.7005)
Protected  min/med/max : 0.0573 / 0.0579 / 0.0647  ms
Protected  GFLOPS (med): 4639.6366  (min 4148.5404, max 4686.7005)
Overhead (median)      : 0.0000 %
--- Confusion Matrix (global) ---
TP / TN / FP / FN     : 0 / 40 / 0 / 0
Recall                : 0.0000
Detection precision   : 0.0000
Correction precision  : 0.0000 %
==================================================

--- sq 512^3 F=16 ---
=== ABFT GEMM (cuBLAS, online pipelined) ===
Mode           : baseline  (inject=none)
M x K x N      : 512 x 512 x 512
Process grid   : 1 x 2  (world=2)
Frags per rank : 1  (small-matrix opt: forced to 1)
Repeats        : 1
Samples        : 20
Threshold      : (per-fragment, formula)
GPUs visible   : 2


========== EXPERIMENT METRICS (global) ==========
Mode              : BASELINE
M x K x N         : 512 x 512 x 512
Process grid      : 1 x 2
Frags per rank    : 1
Total fragments   : 2
Repeats           : 1
Threshold used    : 2.4096
--- Timing (worst rank) ---
Baseline   min/med/max : 0.0573 / 0.0581 / 0.0612  ms
Baseline   GFLOPS (med): 4622.9369  (min 4385.4837, max 4683.0212)
Protected  min/med/max : 0.0573 / 0.0581 / 0.0612  ms
Protected  GFLOPS (med): 4622.9369  (min 4385.4837, max 4683.0212)
Overhead (median)      : 0.0000 %
--- Confusion Matrix (global) ---
TP / TN / FP / FN     : 0 / 40 / 0 / 0
Recall                : 0.0000
Detection precision   : 0.0000
Correction precision  : 0.0000 %
==================================================

--- sq 512^3 F=32 ---
=== ABFT GEMM (cuBLAS, online pipelined) ===
Mode           : baseline  (inject=none)
M x K x N      : 512 x 512 x 512
Process grid   : 1 x 2  (world=2)
Frags per rank : 1  (small-matrix opt: forced to 1)
Repeats        : 1
Samples        : 20
Threshold      : (per-fragment, formula)
GPUs visible   : 2


========== EXPERIMENT METRICS (global) ==========
Mode              : BASELINE
M x K x N         : 512 x 512 x 512
Process grid      : 1 x 2
Frags per rank    : 1
Total fragments   : 2
Repeats           : 1
Threshold used    : 2.4096
--- Timing (worst rank) ---
Baseline   min/med/max : 0.0575 / 0.0583 / 0.2744  ms
Baseline   GFLOPS (med): 4605.1717  (min 978.1350, max 4669.0111)
Protected  min/med/max : 0.0575 / 0.0583 / 0.2744  ms
Protected  GFLOPS (med): 4605.1717  (min 978.1350, max 4669.0111)
Overhead (median)      : 0.0000 %
--- Confusion Matrix (global) ---
TP / TN / FP / FN     : 0 / 40 / 0 / 0
Recall                : 0.0000
Detection precision   : 0.0000
Correction precision  : 0.0000 %
==================================================

--- sq 768^3 F=1 ---
=== ABFT GEMM (cuBLAS, online pipelined) ===
Mode           : baseline  (inject=none)
M x K x N      : 768 x 768 x 768
Process grid   : 1 x 2  (world=2)
Frags per rank : 1  (small-matrix opt: forced to 1)
Repeats        : 1
Samples        : 20
Threshold      : (per-fragment, formula)
GPUs visible   : 2


========== EXPERIMENT METRICS (global) ==========
Mode              : BASELINE
M x K x N         : 768 x 768 x 768
Process grid      : 1 x 2
Frags per rank    : 1
Total fragments   : 2
Repeats           : 1
Threshold used    : 7.8417
--- Timing (worst rank) ---
Baseline   min/med/max : 0.1399 / 0.1437 / 0.2021  ms
Baseline   GFLOPS (med): 6305.5120  (min 4482.3356, max 6477.2265)
Protected  min/med/max : 0.1399 / 0.1437 / 0.2021  ms
Protected  GFLOPS (med): 6305.5120  (min 4482.3356, max 6477.2265)
Overhead (median)      : 0.0000 %
--- Confusion Matrix (global) ---
TP / TN / FP / FN     : 0 / 40 / 0 / 0
Recall                : 0.0000
Detection precision   : 0.0000
Correction precision  : 0.0000 %
==================================================

--- sq 768^3 F=2 ---
=== ABFT GEMM (cuBLAS, online pipelined) ===
Mode           : baseline  (inject=none)
M x K x N      : 768 x 768 x 768
Process grid   : 1 x 2  (world=2)
Frags per rank : 1  (small-matrix opt: forced to 1)
Repeats        : 1
Samples        : 20
Threshold      : (per-fragment, formula)
GPUs visible   : 2


========== EXPERIMENT METRICS (global) ==========
Mode              : BASELINE
M x K x N         : 768 x 768 x 768
Process grid      : 1 x 2
Frags per rank    : 1
Total fragments   : 2
Repeats           : 1
Threshold used    : 7.8417
--- Timing (worst rank) ---
Baseline   min/med/max : 0.1406 / 0.1439 / 0.1484  ms
Baseline   GFLOPS (med): 6295.6969  (min 6106.8510, max 6443.5506)
Protected  min/med/max : 0.1406 / 0.1439 / 0.1484  ms
Protected  GFLOPS (med): 6295.6969  (min 6106.8510, max 6443.5506)
Overhead (median)      : 0.0000 %
--- Confusion Matrix (global) ---
TP / TN / FP / FN     : 0 / 40 / 0 / 0
Recall                : 0.0000
Detection precision   : 0.0000
Correction precision  : 0.0000 %
==================================================

--- sq 768^3 F=4 ---
=== ABFT GEMM (cuBLAS, online pipelined) ===
Mode           : baseline  (inject=none)
M x K x N      : 768 x 768 x 768
Process grid   : 1 x 2  (world=2)
Frags per rank : 1  (small-matrix opt: forced to 1)
Repeats        : 1
Samples        : 20
Threshold      : (per-fragment, formula)
GPUs visible   : 2


========== EXPERIMENT METRICS (global) ==========
Mode              : BASELINE
M x K x N         : 768 x 768 x 768
Process grid      : 1 x 2
Frags per rank    : 1
Total fragments   : 2
Repeats           : 1
Threshold used    : 7.8417
--- Timing (worst rank) ---
Baseline   min/med/max : 0.1407 / 0.1441 / 0.1546  ms
Baseline   GFLOPS (med): 6289.0539  (min 5858.3074, max 6438.6050)
Protected  min/med/max : 0.1407 / 0.1441 / 0.1546  ms
Protected  GFLOPS (med): 6289.0539  (min 5858.3074, max 6438.6050)
Overhead (median)      : 0.0000 %
--- Confusion Matrix (global) ---
TP / TN / FP / FN     : 0 / 40 / 0 / 0
Recall                : 0.0000
Detection precision   : 0.0000
Correction precision  : 0.0000 %
==================================================

--- sq 768^3 F=8 ---
=== ABFT GEMM (cuBLAS, online pipelined) ===
Mode           : baseline  (inject=none)
M x K x N      : 768 x 768 x 768
Process grid   : 1 x 2  (world=2)
Frags per rank : 1  (small-matrix opt: forced to 1)
Repeats        : 1
Samples        : 20
Threshold      : (per-fragment, formula)
GPUs visible   : 2


========== EXPERIMENT METRICS (global) ==========
Mode              : BASELINE
M x K x N         : 768 x 768 x 768
Process grid      : 1 x 2
Frags per rank    : 1
Total fragments   : 2
Repeats           : 1
Threshold used    : 7.8417
--- Timing (worst rank) ---
Baseline   min/med/max : 0.1404 / 0.1440 / 0.1527  ms
Baseline   GFLOPS (med): 6293.3790  (min 5932.1879, max 6451.0753)
Protected  min/med/max : 0.1404 / 0.1440 / 0.1527  ms
Protected  GFLOPS (med): 6293.3790  (min 5932.1879, max 6451.0753)
Overhead (median)      : 0.0000 %
--- Confusion Matrix (global) ---
TP / TN / FP / FN     : 0 / 40 / 0 / 0
Recall                : 0.0000
Detection precision   : 0.0000
Correction precision  : 0.0000 %
==================================================

--- sq 768^3 F=16 ---
=== ABFT GEMM (cuBLAS, online pipelined) ===
Mode           : baseline  (inject=none)
M x K x N      : 768 x 768 x 768
Process grid   : 1 x 2  (world=2)
Frags per rank : 1  (small-matrix opt: forced to 1)
Repeats        : 1
Samples        : 20
Threshold      : (per-fragment, formula)
GPUs visible   : 2


========== EXPERIMENT METRICS (global) ==========
Mode              : BASELINE
M x K x N         : 768 x 768 x 768
Process grid      : 1 x 2
Frags per rank    : 1
Total fragments   : 2
Repeats           : 1
Threshold used    : 7.8417
--- Timing (worst rank) ---
Baseline   min/med/max : 0.1398 / 0.1436 / 0.1598  ms
Baseline   GFLOPS (med): 6310.1674  (min 5669.7874, max 6479.7744)
Protected  min/med/max : 0.1398 / 0.1436 / 0.1598  ms
Protected  GFLOPS (med): 6310.1674  (min 5669.7874, max 6479.7744)
Overhead (median)      : 0.0000 %
--- Confusion Matrix (global) ---
TP / TN / FP / FN     : 0 / 40 / 0 / 0
Recall                : 0.0000
Detection precision   : 0.0000
Correction precision  : 0.0000 %
==================================================

--- sq 768^3 F=32 ---
=== ABFT GEMM (cuBLAS, online pipelined) ===
Mode           : baseline  (inject=none)
M x K x N      : 768 x 768 x 768
Process grid   : 1 x 2  (world=2)
Frags per rank : 1  (small-matrix opt: forced to 1)
Repeats        : 1
Samples        : 20
Threshold      : (per-fragment, formula)
GPUs visible   : 2


========== EXPERIMENT METRICS (global) ==========
Mode              : BASELINE
M x K x N         : 768 x 768 x 768
Process grid      : 1 x 2
Frags per rank    : 1
Total fragments   : 2
Repeats           : 1
Threshold used    : 7.8417
--- Timing (worst rank) ---
Baseline   min/med/max : 0.1406 / 0.1440 / 0.1522  ms
Baseline   GFLOPS (med): 6290.3639  (min 5950.6960, max 6441.7638)
Protected  min/med/max : 0.1406 / 0.1440 / 0.1522  ms
Protected  GFLOPS (med): 6290.3639  (min 5950.6960, max 6441.7638)
Overhead (median)      : 0.0000 %
--- Confusion Matrix (global) ---
TP / TN / FP / FN     : 0 / 40 / 0 / 0
Recall                : 0.0000
Detection precision   : 0.0000
Correction precision  : 0.0000 %
==================================================

--- sq 1024^3 F=1 ---
=== ABFT GEMM (cuBLAS, online pipelined) ===
Mode           : baseline  (inject=none)
M x K x N      : 1024 x 1024 x 1024
Process grid   : 1 x 2  (world=2)
Frags per rank : 1
Repeats        : 1
Samples        : 20
Threshold      : (per-fragment, formula)
GPUs visible   : 2


========== EXPERIMENT METRICS (global) ==========
Mode              : BASELINE
M x K x N         : 1024 x 1024 x 1024
Process grid      : 1 x 2
Frags per rank    : 1
Total fragments   : 2
Repeats           : 1
Threshold used    : 18.4471
--- Timing (worst rank) ---
Baseline   min/med/max : 0.2719 / 0.2750 / 0.3079  ms
Baseline   GFLOPS (med): 7810.1675  (min 6974.9311, max 7898.5580)
Protected  min/med/max : 0.2719 / 0.2750 / 0.3079  ms
Protected  GFLOPS (med): 7810.1675  (min 6974.9311, max 7898.5580)
Overhead (median)      : 0.0000 %
--- Confusion Matrix (global) ---
TP / TN / FP / FN     : 0 / 40 / 0 / 0
Recall                : 0.0000
Detection precision   : 0.0000
Correction precision  : 0.0000 %
==================================================

--- sq 1024^3 F=2 ---
=== ABFT GEMM (cuBLAS, online pipelined) ===
Mode           : baseline  (inject=none)
M x K x N      : 1024 x 1024 x 1024
Process grid   : 1 x 2  (world=2)
Frags per rank : 2
Repeats        : 1
Samples        : 20
Threshold      : (per-fragment, formula)
GPUs visible   : 2


========== EXPERIMENT METRICS (global) ==========
Mode              : BASELINE
M x K x N         : 1024 x 1024 x 1024
Process grid      : 1 x 2
Frags per rank    : 2
Total fragments   : 4
Repeats           : 1
Threshold used    : 9.5587
--- Timing (worst rank) ---
Baseline   min/med/max : 0.3131 / 0.3171 / 0.3655  ms
Baseline   GFLOPS (med): 6772.9435  (min 5875.4683, max 6859.6771)
Protected  min/med/max : 0.3131 / 0.3171 / 0.3655  ms
Protected  GFLOPS (med): 6772.9435  (min 5875.4683, max 6859.6771)
Overhead (median)      : 0.0000 %
--- Confusion Matrix (global) ---
TP / TN / FP / FN     : 0 / 80 / 0 / 0
Recall                : 0.0000
Detection precision   : 0.0000
Correction precision  : 0.0000 %
==================================================

--- sq 1024^3 F=4 ---
=== ABFT GEMM (cuBLAS, online pipelined) ===
Mode           : baseline  (inject=none)
M x K x N      : 1024 x 1024 x 1024
Process grid   : 1 x 2  (world=2)
Frags per rank : 4
Repeats        : 1
Samples        : 20
Threshold      : (per-fragment, formula)
GPUs visible   : 2


========== EXPERIMENT METRICS (global) ==========
Mode              : BASELINE
M x K x N         : 1024 x 1024 x 1024
Process grid      : 1 x 2
Frags per rank    : 4
Total fragments   : 8
Repeats           : 1
Threshold used    : 5.0522
--- Timing (worst rank) ---
Baseline   min/med/max : 0.3446 / 0.3468 / 0.3563  ms
Baseline   GFLOPS (med): 6192.1042  (min 6027.6520, max 6231.5805)
Protected  min/med/max : 0.3446 / 0.3468 / 0.3563  ms
Protected  GFLOPS (med): 6192.1042  (min 6027.6520, max 6231.5805)
Overhead (median)      : 0.0000 %
--- Confusion Matrix (global) ---
TP / TN / FP / FN     : 0 / 160 / 0 / 0
Recall                : 0.0000
Detection precision   : 0.0000
Correction precision  : 0.0000 %
==================================================

--- sq 1024^3 F=8 ---
=== ABFT GEMM (cuBLAS, online pipelined) ===
Mode           : baseline  (inject=none)
M x K x N      : 1024 x 1024 x 1024
Process grid   : 1 x 2  (world=2)
Frags per rank : 8
Repeats        : 1
Samples        : 20
Threshold      : (per-fragment, formula)
GPUs visible   : 2


========== EXPERIMENT METRICS (global) ==========
Mode              : BASELINE
M x K x N         : 1024 x 1024 x 1024
Process grid      : 1 x 2
Frags per rank    : 8
Total fragments   : 16
Repeats           : 1
Threshold used    : 2.7114
--- Timing (worst rank) ---
Baseline   min/med/max : 0.3682 / 0.3722 / 0.3762  ms
Baseline   GFLOPS (med): 5769.5330  (min 5707.9163, max 5832.5262)
Protected  min/med/max : 0.3682 / 0.3722 / 0.3762  ms
Protected  GFLOPS (med): 5769.5330  (min 5707.9163, max 5832.5262)
Overhead (median)      : 0.0000 %
--- Confusion Matrix (global) ---
TP / TN / FP / FN     : 0 / 320 / 0 / 0
Recall                : 0.0000
Detection precision   : 0.0000
Correction precision  : 0.0000 %
==================================================

--- sq 1024^3 F=16 ---
=== ABFT GEMM (cuBLAS, online pipelined) ===
Mode           : baseline  (inject=none)
M x K x N      : 1024 x 1024 x 1024
Process grid   : 1 x 2  (world=2)
Frags per rank : 16
Repeats        : 1
Samples        : 20
Threshold      : (per-fragment, formula)
GPUs visible   : 2


========== EXPERIMENT METRICS (global) ==========
Mode              : BASELINE
M x K x N         : 1024 x 1024 x 1024
Process grid      : 1 x 2
Frags per rank    : 16
Total fragments   : 32
Repeats           : 1
Threshold used    : 1.4814
--- Timing (worst rank) ---
Baseline   min/med/max : 0.6326 / 0.6395 / 0.6945  ms
Baseline   GFLOPS (med): 3357.8042  (min 3092.2582, max 3394.8178)
Protected  min/med/max : 0.6326 / 0.6395 / 0.6945  ms
Protected  GFLOPS (med): 3357.8042  (min 3092.2582, max 3394.8178)
Overhead (median)      : 0.0000 %
--- Confusion Matrix (global) ---
TP / TN / FP / FN     : 0 / 640 / 0 / 0
Recall                : 0.0000
Detection precision   : 0.0000
Correction precision  : 0.0000 %
==================================================

--- sq 1024^3 F=32 ---
=== ABFT GEMM (cuBLAS, online pipelined) ===
Mode           : baseline  (inject=none)
M x K x N      : 1024 x 1024 x 1024
Process grid   : 1 x 2  (world=2)
Frags per rank : 32
Repeats        : 1
Samples        : 20
Threshold      : (per-fragment, formula)
GPUs visible   : 2


========== EXPERIMENT METRICS (global) ==========
Mode              : BASELINE
M x K x N         : 1024 x 1024 x 1024
Process grid      : 1 x 2
Frags per rank    : 32
Total fragments   : 64
Repeats           : 1
Threshold used    : 0.8451
--- Timing (worst rank) ---
Baseline   min/med/max : 1.3526 / 1.3646 / 1.3726  ms
Baseline   GFLOPS (med): 1573.6943  (min 1564.4801, max 1587.7038)
Protected  min/med/max : 1.3526 / 1.3646 / 1.3726  ms
Protected  GFLOPS (med): 1573.6943  (min 1564.4801, max 1587.7038)
Overhead (median)      : 0.0000 %
--- Confusion Matrix (global) ---
TP / TN / FP / FN     : 0 / 1280 / 0 / 0
Recall                : 0.0000
Detection precision   : 0.0000
Correction precision  : 0.0000 %
==================================================

--- sq 1280^3 F=1 ---
=== ABFT GEMM (cuBLAS, online pipelined) ===
Mode           : baseline  (inject=none)
M x K x N      : 1280 x 1280 x 1280
Process grid   : 1 x 2  (world=2)
Frags per rank : 1
Repeats        : 1
Samples        : 20
Threshold      : (per-fragment, formula)
GPUs visible   : 2


========== EXPERIMENT METRICS (global) ==========
Mode              : BASELINE
M x K x N         : 1280 x 1280 x 1280
Process grid      : 1 x 2
Frags per rank    : 1
Total fragments   : 2
Repeats           : 1
Threshold used    : 36.1366
--- Timing (worst rank) ---
Baseline   min/med/max : 0.7000 / 0.7097 / 0.8073  ms
Baseline   GFLOPS (med): 5909.7927  (min 5195.4198, max 5992.1796)
Protected  min/med/max : 0.7000 / 0.7097 / 0.8073  ms
Protected  GFLOPS (med): 5909.7927  (min 5195.4198, max 5992.1796)
Overhead (median)      : 0.0000 %
--- Confusion Matrix (global) ---
TP / TN / FP / FN     : 0 / 40 / 0 / 0
Recall                : 0.0000
Detection precision   : 0.0000
Correction precision  : 0.0000 %
==================================================

--- sq 1280^3 F=2 ---
=== ABFT GEMM (cuBLAS, online pipelined) ===
Mode           : baseline  (inject=none)
M x K x N      : 1280 x 1280 x 1280
Process grid   : 1 x 2  (world=2)
Frags per rank : 2
Repeats        : 1
Samples        : 20
Threshold      : (per-fragment, formula)
GPUs visible   : 2


========== EXPERIMENT METRICS (global) ==========
Mode              : BASELINE
M x K x N         : 1280 x 1280 x 1280
Process grid      : 1 x 2
Frags per rank    : 2
Total fragments   : 4
Repeats           : 1
Threshold used    : 18.2917
--- Timing (worst rank) ---
Baseline   min/med/max : 0.5794 / 0.5879 / 0.6290  ms
Baseline   GFLOPS (med): 7134.7353  (min 6667.7752, max 7238.7100)
Protected  min/med/max : 0.5794 / 0.5879 / 0.6290  ms
Protected  GFLOPS (med): 7134.7353  (min 6667.7752, max 7238.7100)
Overhead (median)      : 0.0000 %
--- Confusion Matrix (global) ---
TP / TN / FP / FN     : 0 / 80 / 0 / 0
Recall                : 0.0000
Detection precision   : 0.0000
Correction precision  : 0.0000 %
==================================================

--- sq 1280^3 F=4 ---
=== ABFT GEMM (cuBLAS, online pipelined) ===
Mode           : baseline  (inject=none)
M x K x N      : 1280 x 1280 x 1280
Process grid   : 1 x 2  (world=2)
Frags per rank : 4
Repeats        : 1
Samples        : 20
Threshold      : (per-fragment, formula)
GPUs visible   : 2


========== EXPERIMENT METRICS (global) ==========
Mode              : BASELINE
M x K x N         : 1280 x 1280 x 1280
Process grid      : 1 x 2
Frags per rank    : 4
Total fragments   : 8
Repeats           : 1
Threshold used    : 9.8645
--- Timing (worst rank) ---
Baseline   min/med/max : 0.6130 / 0.6156 / 0.6468  ms
Baseline   GFLOPS (med): 6813.7467  (min 6484.6800, max 6841.8559)
Protected  min/med/max : 0.6130 / 0.6156 / 0.6468  ms
Protected  GFLOPS (med): 6813.7467  (min 6484.6800, max 6841.8559)
Overhead (median)      : 0.0000 %
--- Confusion Matrix (global) ---
TP / TN / FP / FN     : 0 / 160 / 0 / 0
Recall                : 0.0000
Detection precision   : 0.0000
Correction precision  : 0.0000 %
==================================================

--- sq 1280^3 F=8 ---
=== ABFT GEMM (cuBLAS, online pipelined) ===
Mode           : baseline  (inject=none)
M x K x N      : 1280 x 1280 x 1280
Process grid   : 1 x 2  (world=2)
Frags per rank : 8
Repeats        : 1
Samples        : 20
Threshold      : (per-fragment, formula)
GPUs visible   : 2


========== EXPERIMENT METRICS (global) ==========
Mode              : BASELINE
M x K x N         : 1280 x 1280 x 1280
Process grid      : 1 x 2
Frags per rank    : 8
Total fragments   : 16
Repeats           : 1
Threshold used    : 5.1330
--- Timing (worst rank) ---
Baseline   min/med/max : 0.7977 / 0.8042 / 0.8573  ms
Baseline   GFLOPS (med): 5215.4078  (min 4892.2009, max 5257.7726)
Protected  min/med/max : 0.7977 / 0.8042 / 0.8573  ms
Protected  GFLOPS (med): 5215.4078  (min 4892.2009, max 5257.7726)
Overhead (median)      : 0.0000 %
--- Confusion Matrix (global) ---
TP / TN / FP / FN     : 0 / 320 / 0 / 0
Recall                : 0.0000
Detection precision   : 0.0000
Correction precision  : 0.0000 %
==================================================

--- sq 1280^3 F=16 ---
=== ABFT GEMM (cuBLAS, online pipelined) ===
Mode           : baseline  (inject=none)
M x K x N      : 1280 x 1280 x 1280
Process grid   : 1 x 2  (world=2)
Frags per rank : 16
Repeats        : 1
Samples        : 20
Threshold      : (per-fragment, formula)
GPUs visible   : 2


========== EXPERIMENT METRICS (global) ==========
Mode              : BASELINE
M x K x N         : 1280 x 1280 x 1280
Process grid      : 1 x 2
Frags per rank    : 16
Total fragments   : 32
Repeats           : 1
Threshold used    : 2.6604
--- Timing (worst rank) ---
Baseline   min/med/max : 1.4202 / 1.4252 / 1.4414  ms
Baseline   GFLOPS (med): 2942.9871  (min 2909.8599, max 2953.2673)
Protected  min/med/max : 1.4202 / 1.4252 / 1.4414  ms
Protected  GFLOPS (med): 2942.9871  (min 2909.8599, max 2953.2673)
Overhead (median)      : 0.0000 %
--- Confusion Matrix (global) ---
TP / TN / FP / FN     : 0 / 640 / 0 / 0
Recall                : 0.0000
Detection precision   : 0.0000
Correction precision  : 0.0000 %
==================================================

--- sq 1280^3 F=32 ---
=== ABFT GEMM (cuBLAS, online pipelined) ===
Mode           : baseline  (inject=none)
M x K x N      : 1280 x 1280 x 1280
Process grid   : 1 x 2  (world=2)
Frags per rank : 32
Repeats        : 1
Samples        : 20
Threshold      : (per-fragment, formula)
GPUs visible   : 2


========== EXPERIMENT METRICS (global) ==========
Mode              : BASELINE
M x K x N         : 1280 x 1280 x 1280
Process grid      : 1 x 2
Frags per rank    : 32
Total fragments   : 64
Repeats           : 1
Threshold used    : 1.6320
--- Timing (worst rank) ---
Baseline   min/med/max : 1.5829 / 1.6030 / 1.6317  ms
Baseline   GFLOPS (med): 2616.4818  (min 2570.5700, max 2649.6840)
Protected  min/med/max : 1.5829 / 1.6030 / 1.6317  ms
Protected  GFLOPS (med): 2616.4818  (min 2570.5700, max 2649.6840)
Overhead (median)      : 0.0000 %
--- Confusion Matrix (global) ---
TP / TN / FP / FN     : 0 / 1280 / 0 / 0
Recall                : 0.0000
Detection precision   : 0.0000
Correction precision  : 0.0000 %
==================================================

--- sq 1536^3 F=1 ---
=== ABFT GEMM (cuBLAS, online pipelined) ===
Mode           : baseline  (inject=none)
M x K x N      : 1536 x 1536 x 1536
Process grid   : 1 x 2  (world=2)
Frags per rank : 1
Repeats        : 1
Samples        : 20
Threshold      : (per-fragment, formula)
GPUs visible   : 2


========== EXPERIMENT METRICS (global) ==========
Mode              : BASELINE
M x K x N         : 1536 x 1536 x 1536
Process grid      : 1 x 2
Frags per rank    : 1
Total fragments   : 2
Repeats           : 1
Threshold used    : 61.1717
--- Timing (worst rank) ---
Baseline   min/med/max : 0.8569 / 0.9861 / 0.9993  ms
Baseline   GFLOPS (med): 7349.6827  (min 7252.8778, max 8457.7481)
Protected  min/med/max : 0.8569 / 0.9861 / 0.9993  ms
Protected  GFLOPS (med): 7349.6827  (min 7252.8778, max 8457.7481)
Overhead (median)      : 0.0000 %
--- Confusion Matrix (global) ---
TP / TN / FP / FN     : 0 / 40 / 0 / 0
Recall                : 0.0000
Detection precision   : 0.0000
Correction precision  : 0.0000 %
==================================================

--- sq 1536^3 F=2 ---
=== ABFT GEMM (cuBLAS, online pipelined) ===
Mode           : baseline  (inject=none)
M x K x N      : 1536 x 1536 x 1536
Process grid   : 1 x 2  (world=2)
Frags per rank : 2
Repeats        : 1
Samples        : 20
Threshold      : (per-fragment, formula)
GPUs visible   : 2


========== EXPERIMENT METRICS (global) ==========
Mode              : BASELINE
M x K x N         : 1536 x 1536 x 1536
Process grid      : 1 x 2
Frags per rank    : 2
Total fragments   : 4
Repeats           : 1
Threshold used    : 31.1029
--- Timing (worst rank) ---
Baseline   min/med/max : 0.8136 / 0.8508 / 0.8757  ms
Baseline   GFLOPS (med): 8518.5854  (min 8276.3032, max 8908.2125)
Protected  min/med/max : 0.8136 / 0.8508 / 0.8757  ms
Protected  GFLOPS (med): 8518.5854  (min 8276.3032, max 8908.2125)
Overhead (median)      : 0.0000 %
--- Confusion Matrix (global) ---
TP / TN / FP / FN     : 0 / 80 / 0 / 0
Recall                : 0.0000
Detection precision   : 0.0000
Correction precision  : 0.0000 %
==================================================

--- sq 1536^3 F=4 ---
=== ABFT GEMM (cuBLAS, online pipelined) ===
Mode           : baseline  (inject=none)
M x K x N      : 1536 x 1536 x 1536
Process grid   : 1 x 2  (world=2)
Frags per rank : 4
Repeats        : 1
Samples        : 20
Threshold      : (per-fragment, formula)
GPUs visible   : 2


========== EXPERIMENT METRICS (global) ==========
Mode              : BASELINE
M x K x N         : 1536 x 1536 x 1536
Process grid      : 1 x 2
Frags per rank    : 4
Total fragments   : 8
Repeats           : 1
Threshold used    : 16.0256
--- Timing (worst rank) ---
Baseline   min/med/max : 0.9560 / 0.9601 / 0.9642  ms
Baseline   GFLOPS (med): 7548.9294  (min 7517.1338, max 7581.6295)
Protected  min/med/max : 0.9560 / 0.9601 / 0.9642  ms
Protected  GFLOPS (med): 7548.9294  (min 7517.1338, max 7581.6295)
Overhead (median)      : 0.0000 %
--- Confusion Matrix (global) ---
TP / TN / FP / FN     : 0 / 160 / 0 / 0
Recall                : 0.0000
Detection precision   : 0.0000
Correction precision  : 0.0000 %
==================================================

--- sq 1536^3 F=8 ---
=== ABFT GEMM (cuBLAS, online pipelined) ===
Mode           : baseline  (inject=none)
M x K x N      : 1536 x 1536 x 1536
Process grid   : 1 x 2  (world=2)
Frags per rank : 8
Repeats        : 1
Samples        : 20
Threshold      : (per-fragment, formula)
GPUs visible   : 2


========== EXPERIMENT METRICS (global) ==========
Mode              : BASELINE
M x K x N         : 1536 x 1536 x 1536
Process grid      : 1 x 2
Frags per rank    : 8
Total fragments   : 16
Repeats           : 1
Threshold used    : 8.5766
--- Timing (worst rank) ---
Baseline   min/med/max : 0.9966 / 1.0028 / 1.0072  ms
Baseline   GFLOPS (med): 7227.6644  (min 7195.8108, max 7272.4838)
Protected  min/med/max : 0.9966 / 1.0028 / 1.0072  ms
Protected  GFLOPS (med): 7227.6644  (min 7195.8108, max 7272.4838)
Overhead (median)      : 0.0000 %
--- Confusion Matrix (global) ---
TP / TN / FP / FN     : 0 / 320 / 0 / 0
Recall                : 0.0000
Detection precision   : 0.0000
Correction precision  : 0.0000 %
==================================================

--- sq 1536^3 F=16 ---
=== ABFT GEMM (cuBLAS, online pipelined) ===
Mode           : baseline  (inject=none)
M x K x N      : 1536 x 1536 x 1536
Process grid   : 1 x 2  (world=2)
Frags per rank : 16
Repeats        : 1
Samples        : 20
Threshold      : (per-fragment, formula)
GPUs visible   : 2


========== EXPERIMENT METRICS (global) ==========
Mode              : BASELINE
M x K x N         : 1536 x 1536 x 1536
Process grid      : 1 x 2
Frags per rank    : 16
Total fragments   : 32
Repeats           : 1
Threshold used    : 4.5228
--- Timing (worst rank) ---
Baseline   min/med/max : 1.7461 / 1.7505 / 1.7641  ms
Baseline   GFLOPS (med): 4140.2791  (min 4108.5243, max 4150.7761)
Protected  min/med/max : 1.7461 / 1.7505 / 1.7641  ms
Protected  GFLOPS (med): 4140.2791  (min 4108.5243, max 4150.7761)
Overhead (median)      : 0.0000 %
--- Confusion Matrix (global) ---
TP / TN / FP / FN     : 0 / 640 / 0 / 0
Recall                : 0.0000
Detection precision   : 0.0000
Correction precision  : 0.0000 %
==================================================

--- sq 1536^3 F=32 ---
=== ABFT GEMM (cuBLAS, online pipelined) ===
Mode           : baseline  (inject=none)
M x K x N      : 1536 x 1536 x 1536
Process grid   : 1 x 2  (world=2)
Frags per rank : 32
Repeats        : 1
Samples        : 20
Threshold      : (per-fragment, formula)
GPUs visible   : 2


========== EXPERIMENT METRICS (global) ==========
Mode              : BASELINE
M x K x N         : 1536 x 1536 x 1536
Process grid      : 1 x 2
Frags per rank    : 32
Total fragments   : 64
Repeats           : 1
Threshold used    : 2.4613
--- Timing (worst rank) ---
Baseline   min/med/max : 1.9642 / 1.9764 / 1.9949  ms
Baseline   GFLOPS (med): 3667.0694  (min 3633.1122, max 3689.8363)
Protected  min/med/max : 1.9642 / 1.9764 / 1.9949  ms
Protected  GFLOPS (med): 3667.0694  (min 3633.1122, max 3689.8363)
Overhead (median)      : 0.0000 %
--- Confusion Matrix (global) ---
TP / TN / FP / FN     : 0 / 1280 / 0 / 0
Recall                : 0.0000
Detection precision   : 0.0000
Correction precision  : 0.0000 %
==================================================

--- sq 1792^3 F=1 ---
=== ABFT GEMM (cuBLAS, online pipelined) ===
Mode           : baseline  (inject=none)
M x K x N      : 1792 x 1792 x 1792
Process grid   : 1 x 2  (world=2)
Frags per rank : 1
Repeats        : 1
Samples        : 20
Threshold      : (per-fragment, formula)
GPUs visible   : 2


========== EXPERIMENT METRICS (global) ==========
Mode              : BASELINE
M x K x N         : 1792 x 1792 x 1792
Process grid      : 1 x 2
Frags per rank    : 1
Total fragments   : 2
Repeats           : 1
Threshold used    : 95.5013
--- Timing (worst rank) ---
Baseline   min/med/max : 1.5489 / 1.5613 / 1.5798  ms
Baseline   GFLOPS (med): 7371.4405  (min 7285.3362, max 7430.5971)
Protected  min/med/max : 1.5489 / 1.5613 / 1.5798  ms
Protected  GFLOPS (med): 7371.4405  (min 7285.3362, max 7430.5971)
Overhead (median)      : 0.0000 %
--- Confusion Matrix (global) ---
TP / TN / FP / FN     : 0 / 40 / 0 / 0
Recall                : 0.0000
Detection precision   : 0.0000
Correction precision  : 0.0000 %
==================================================

--- sq 1792^3 F=2 ---
=== ABFT GEMM (cuBLAS, online pipelined) ===
Mode           : baseline  (inject=none)
M x K x N      : 1792 x 1792 x 1792
Process grid   : 1 x 2  (world=2)
Frags per rank : 2
Repeats        : 1
Samples        : 20
Threshold      : (per-fragment, formula)
GPUs visible   : 2


========== EXPERIMENT METRICS (global) ==========
Mode              : BASELINE
M x K x N         : 1792 x 1792 x 1792
Process grid      : 1 x 2
Frags per rank    : 2
Total fragments   : 4
Repeats           : 1
Threshold used    : 49.2102
--- Timing (worst rank) ---
Baseline   min/med/max : 1.9622 / 2.0826 / 2.2386  ms
Baseline   GFLOPS (med): 5526.2435  (min 5141.2770, max 5865.3313)
Protected  min/med/max : 1.9622 / 2.0826 / 2.2386  ms
Protected  GFLOPS (med): 5526.2435  (min 5141.2770, max 5865.3313)
Overhead (median)      : 0.0000 %
--- Confusion Matrix (global) ---
TP / TN / FP / FN     : 0 / 80 / 0 / 0
Recall                : 0.0000
Detection precision   : 0.0000
Correction precision  : 0.0000 %
==================================================

--- sq 1792^3 F=4 ---
=== ABFT GEMM (cuBLAS, online pipelined) ===
Mode           : baseline  (inject=none)
M x K x N      : 1792 x 1792 x 1792
Process grid   : 1 x 2  (world=2)
Frags per rank : 4
Repeats        : 1
Samples        : 20
Threshold      : (per-fragment, formula)
GPUs visible   : 2


========== EXPERIMENT METRICS (global) ==========
Mode              : BASELINE
M x K x N         : 1792 x 1792 x 1792
Process grid      : 1 x 2
Frags per rank    : 4
Total fragments   : 8
Repeats           : 1
Threshold used    : 25.1393
--- Timing (worst rank) ---
Baseline   min/med/max : 1.5685 / 1.5765 / 1.5909  ms
Baseline   GFLOPS (med): 7300.3086  (min 7234.4451, max 7337.7483)
Protected  min/med/max : 1.5685 / 1.5765 / 1.5909  ms
Protected  GFLOPS (med): 7300.3086  (min 7234.4451, max 7337.7483)
Overhead (median)      : 0.0000 %
--- Confusion Matrix (global) ---
TP / TN / FP / FN     : 0 / 160 / 0 / 0
Recall                : 0.0000
Detection precision   : 0.0000
Correction precision  : 0.0000 %
==================================================

--- sq 1792^3 F=8 ---
=== ABFT GEMM (cuBLAS, online pipelined) ===
Mode           : baseline  (inject=none)
M x K x N      : 1792 x 1792 x 1792
Process grid   : 1 x 2  (world=2)
Frags per rank : 8
Repeats        : 1
Samples        : 20
Threshold      : (per-fragment, formula)
GPUs visible   : 2


========== EXPERIMENT METRICS (global) ==========
Mode              : BASELINE
M x K x N         : 1792 x 1792 x 1792
Process grid      : 1 x 2
Frags per rank    : 8
Total fragments   : 16
Repeats           : 1
Threshold used    : 13.2961
--- Timing (worst rank) ---
Baseline   min/med/max : 1.9881 / 1.9946 / 2.0084  ms
Baseline   GFLOPS (med): 5770.0575  (min 5730.4855, max 5789.1230)
Protected  min/med/max : 1.9881 / 1.9946 / 2.0084  ms
Protected  GFLOPS (med): 5770.0575  (min 5730.4855, max 5789.1230)
Overhead (median)      : 0.0000 %
--- Confusion Matrix (global) ---
TP / TN / FP / FN     : 0 / 320 / 0 / 0
Recall                : 0.0000
Detection precision   : 0.0000
Correction precision  : 0.0000 %
==================================================

--- sq 1792^3 F=16 ---
=== ABFT GEMM (cuBLAS, online pipelined) ===
Mode           : baseline  (inject=none)
M x K x N      : 1792 x 1792 x 1792
Process grid   : 1 x 2  (world=2)
Frags per rank : 16
Repeats        : 1
Samples        : 20
Threshold      : (per-fragment, formula)
GPUs visible   : 2


========== EXPERIMENT METRICS (global) ==========
Mode              : BASELINE
M x K x N         : 1792 x 1792 x 1792
Process grid      : 1 x 2
Frags per rank    : 16
Total fragments   : 32
Repeats           : 1
Threshold used    : 7.1695
--- Timing (worst rank) ---
Baseline   min/med/max : 2.1198 / 2.1421 / 2.1530  ms
Baseline   GFLOPS (med): 5372.8420  (min 5345.6657, max 5429.4557)
Protected  min/med/max : 2.1198 / 2.1421 / 2.1530  ms
Protected  GFLOPS (med): 5372.8420  (min 5345.6657, max 5429.4557)
Overhead (median)      : 0.0000 %
--- Confusion Matrix (global) ---
TP / TN / FP / FN     : 0 / 640 / 0 / 0
Recall                : 0.0000
Detection precision   : 0.0000
Correction precision  : 0.0000 %
==================================================

--- sq 1792^3 F=32 ---
=== ABFT GEMM (cuBLAS, online pipelined) ===
Mode           : baseline  (inject=none)
M x K x N      : 1792 x 1792 x 1792
Process grid   : 1 x 2  (world=2)
Frags per rank : 32
Repeats        : 1
Samples        : 20
Threshold      : (per-fragment, formula)
GPUs visible   : 2


========== EXPERIMENT METRICS (global) ==========
Mode              : BASELINE
M x K x N         : 1792 x 1792 x 1792
Process grid      : 1 x 2
Frags per rank    : 32
Total fragments   : 64
Repeats           : 1
Threshold used    : 4.1970
--- Timing (worst rank) ---
Baseline   min/med/max : 2.6011 / 2.6112 / 2.6197  ms
Baseline   GFLOPS (med): 4407.6392  (min 4393.3513, max 4424.7863)
Protected  min/med/max : 2.6011 / 2.6112 / 2.6197  ms
Protected  GFLOPS (med): 4407.6392  (min 4393.3513, max 4424.7863)
Overhead (median)      : 0.0000 %
--- Confusion Matrix (global) ---
TP / TN / FP / FN     : 0 / 1280 / 0 / 0
Recall                : 0.0000
Detection precision   : 0.0000
Correction precision  : 0.0000 %
==================================================

--- sq 2048^3 F=1 ---
=== ABFT GEMM (cuBLAS, online pipelined) ===
Mode           : baseline  (inject=none)
M x K x N      : 2048 x 2048 x 2048
Process grid   : 1 x 2  (world=2)
Frags per rank : 1
Repeats        : 1
Samples        : 20
Threshold      : (per-fragment, formula)
GPUs visible   : 2


========== EXPERIMENT METRICS (global) ==========
Mode              : BASELINE
M x K x N         : 2048 x 2048 x 2048
Process grid      : 1 x 2
Frags per rank    : 1
Total fragments   : 2
Repeats           : 1
Threshold used    : 143.5393
--- Timing (worst rank) ---
Baseline   min/med/max : 1.9828 / 1.9924 / 2.0277  ms
Baseline   GFLOPS (med): 8622.5667  (min 8472.3887, max 8664.4751)
Protected  min/med/max : 1.9828 / 1.9924 / 2.0277  ms
Protected  GFLOPS (med): 8622.5667  (min 8472.3887, max 8664.4751)
Overhead (median)      : 0.0000 %
--- Confusion Matrix (global) ---
TP / TN / FP / FN     : 0 / 40 / 0 / 0
Recall                : 0.0000
Detection precision   : 0.0000
Correction precision  : 0.0000 %
==================================================

--- sq 2048^3 F=2 ---
=== ABFT GEMM (cuBLAS, online pipelined) ===
Mode           : baseline  (inject=none)
M x K x N      : 2048 x 2048 x 2048
Process grid   : 1 x 2  (world=2)
Frags per rank : 2
Repeats        : 1
Samples        : 20
Threshold      : (per-fragment, formula)
GPUs visible   : 2


========== EXPERIMENT METRICS (global) ==========
Mode              : BASELINE
M x K x N         : 2048 x 2048 x 2048
Process grid      : 1 x 2
Frags per rank    : 2
Total fragments   : 4
Repeats           : 1
Threshold used    : 72.5883
--- Timing (worst rank) ---
Baseline   min/med/max : 2.2331 / 2.2543 / 2.5862  ms
Baseline   GFLOPS (med): 7620.9296  (min 6643.0263, max 7693.1998)
Protected  min/med/max : 2.2331 / 2.2543 / 2.5862  ms
Protected  GFLOPS (med): 7620.9296  (min 6643.0263, max 7693.1998)
Overhead (median)      : 0.0000 %
--- Confusion Matrix (global) ---
TP / TN / FP / FN     : 0 / 80 / 0 / 0
Recall                : 0.0000
Detection precision   : 0.0000
Correction precision  : 0.0000 %
==================================================

--- sq 2048^3 F=4 ---
=== ABFT GEMM (cuBLAS, online pipelined) ===
Mode           : baseline  (inject=none)
M x K x N      : 2048 x 2048 x 2048
Process grid   : 1 x 2  (world=2)
Frags per rank : 4
Repeats        : 1
Samples        : 20
Threshold      : (per-fragment, formula)
GPUs visible   : 2


========== EXPERIMENT METRICS (global) ==========
Mode              : BASELINE
M x K x N         : 2048 x 2048 x 2048
Process grid      : 1 x 2
Frags per rank    : 4
Total fragments   : 8
Repeats           : 1
Threshold used    : 37.1557
--- Timing (worst rank) ---
Baseline   min/med/max : 2.6432 / 2.6505 / 2.6887  ms
Baseline   GFLOPS (med): 6481.6243  (min 6389.7277, max 6499.5692)
Protected  min/med/max : 2.6432 / 2.6505 / 2.6887  ms
Protected  GFLOPS (med): 6481.6243  (min 6389.7277, max 6499.5692)
Overhead (median)      : 0.0000 %
--- Confusion Matrix (global) ---
TP / TN / FP / FN     : 0 / 160 / 0 / 0
Recall                : 0.0000
Detection precision   : 0.0000
Correction precision  : 0.0000 %
==================================================

--- sq 2048^3 F=8 ---
=== ABFT GEMM (cuBLAS, online pipelined) ===
Mode           : baseline  (inject=none)
M x K x N      : 2048 x 2048 x 2048
Process grid   : 1 x 2  (world=2)
Frags per rank : 8
Repeats        : 1
Samples        : 20
Threshold      : (per-fragment, formula)
GPUs visible   : 2


========== EXPERIMENT METRICS (global) ==========
Mode              : BASELINE
M x K x N         : 2048 x 2048 x 2048
Process grid      : 1 x 2
Frags per rank    : 8
Total fragments   : 16
Repeats           : 1
Threshold used    : 19.7036
--- Timing (worst rank) ---
Baseline   min/med/max : 2.3495 / 2.3657 / 2.3821  ms
Baseline   GFLOPS (med): 7262.0996  (min 7212.1233, max 7312.1415)
Protected  min/med/max : 2.3495 / 2.3657 / 2.3821  ms
Protected  GFLOPS (med): 7262.0996  (min 7212.1233, max 7312.1415)
Overhead (median)      : 0.0000 %
--- Confusion Matrix (global) ---
TP / TN / FP / FN     : 0 / 320 / 0 / 0
Recall                : 0.0000
Detection precision   : 0.0000
Correction precision  : 0.0000 %
==================================================

--- sq 2048^3 F=16 ---
=== ABFT GEMM (cuBLAS, online pipelined) ===
Mode           : baseline  (inject=none)
M x K x N      : 2048 x 2048 x 2048
Process grid   : 1 x 2  (world=2)
Frags per rank : 16
Repeats        : 1
Samples        : 20
Threshold      : (per-fragment, formula)
GPUs visible   : 2


========== EXPERIMENT METRICS (global) ==========
Mode              : BASELINE
M x K x N         : 2048 x 2048 x 2048
Process grid      : 1 x 2
Frags per rank    : 16
Total fragments   : 32
Repeats           : 1
Threshold used    : 10.1720
--- Timing (worst rank) ---
Baseline   min/med/max : 2.4784 / 2.4862 / 2.5018  ms
Baseline   GFLOPS (med): 6910.0136  (min 6866.9815, max 6931.8555)
Protected  min/med/max : 2.4784 / 2.4862 / 2.5018  ms
Protected  GFLOPS (med): 6910.0136  (min 6866.9815, max 6931.8555)
Overhead (median)      : 0.0000 %
--- Confusion Matrix (global) ---
TP / TN / FP / FN     : 0 / 640 / 0 / 0
Recall                : 0.0000
Detection precision   : 0.0000
Correction precision  : 0.0000 %
==================================================

--- sq 2048^3 F=32 ---
=== ABFT GEMM (cuBLAS, online pipelined) ===
Mode           : baseline  (inject=none)
M x K x N      : 2048 x 2048 x 2048
Process grid   : 1 x 2  (world=2)
Frags per rank : 32
Repeats        : 1
Samples        : 20
Threshold      : (per-fragment, formula)
GPUs visible   : 2


========== EXPERIMENT METRICS (global) ==========
Mode              : BASELINE
M x K x N         : 2048 x 2048 x 2048
Process grid      : 1 x 2
Frags per rank    : 32
Total fragments   : 64
Repeats           : 1
Threshold used    : 5.4670
--- Timing (worst rank) ---
Baseline   min/med/max : 3.1055 / 3.1186 / 3.1600  ms
Baseline   GFLOPS (med): 5508.8915  (min 5436.6262, max 5532.0177)
Protected  min/med/max : 3.1055 / 3.1186 / 3.1600  ms
Protected  GFLOPS (med): 5508.8915  (min 5436.6262, max 5532.0177)
Overhead (median)      : 0.0000 %
--- Confusion Matrix (global) ---
TP / TN / FP / FN     : 0 / 1280 / 0 / 0
Recall                : 0.0000
Detection precision   : 0.0000
Correction precision  : 0.0000 %
==================================================

--- sq 2304^3 F=1 ---
=== ABFT GEMM (cuBLAS, online pipelined) ===
Mode           : baseline  (inject=none)
M x K x N      : 2304 x 2304 x 2304
Process grid   : 1 x 2  (world=2)
Frags per rank : 1
Repeats        : 1
Samples        : 20
Threshold      : (per-fragment, formula)
GPUs visible   : 2


========== EXPERIMENT METRICS (global) ==========
Mode              : BASELINE
M x K x N         : 2304 x 2304 x 2304
Process grid      : 1 x 2
Frags per rank    : 1
Total fragments   : 2
Repeats           : 1
Threshold used    : 201.1828
--- Timing (worst rank) ---
Baseline   min/med/max : 2.4418 / 2.4937 / 2.5075  ms
Baseline   GFLOPS (med): 9809.2387  (min 9755.3624, max 10017.6553)
Protected  min/med/max : 2.4418 / 2.4937 / 2.5075  ms
Protected  GFLOPS (med): 9809.2387  (min 9755.3624, max 10017.6553)
Overhead (median)      : 0.0000 %
--- Confusion Matrix (global) ---
TP / TN / FP / FN     : 0 / 40 / 0 / 0
Recall                : 0.0000
Detection precision   : 0.0000
Correction precision  : 0.0000 %
==================================================

--- sq 2304^3 F=2 ---
=== ABFT GEMM (cuBLAS, online pipelined) ===
Mode           : baseline  (inject=none)
M x K x N      : 2304 x 2304 x 2304
Process grid   : 1 x 2  (world=2)
Frags per rank : 2
Repeats        : 1
Samples        : 20
Threshold      : (per-fragment, formula)
GPUs visible   : 2


========== EXPERIMENT METRICS (global) ==========
Mode              : BASELINE
M x K x N         : 2304 x 2304 x 2304
Process grid      : 1 x 2
Frags per rank    : 2
Total fragments   : 4
Repeats           : 1
Threshold used    : 102.8907
--- Timing (worst rank) ---
Baseline   min/med/max : 2.4980 / 2.5065 / 2.5509  ms
Baseline   GFLOPS (med): 9759.1454  (min 9589.2205, max 9792.3729)
Protected  min/med/max : 2.4980 / 2.5065 / 2.5509  ms
Protected  GFLOPS (med): 9759.1454  (min 9589.2205, max 9792.3729)
Overhead (median)      : 0.0000 %
--- Confusion Matrix (global) ---
TP / TN / FP / FN     : 0 / 80 / 0 / 0
Recall                : 0.0000
Detection precision   : 0.0000
Correction precision  : 0.0000 %
==================================================

--- sq 2304^3 F=4 ---
=== ABFT GEMM (cuBLAS, online pipelined) ===
Mode           : baseline  (inject=none)
M x K x N      : 2304 x 2304 x 2304
Process grid   : 1 x 2  (world=2)
Frags per rank : 4
Repeats        : 1
Samples        : 20
Threshold      : (per-fragment, formula)
GPUs visible   : 2


========== EXPERIMENT METRICS (global) ==========
Mode              : BASELINE
M x K x N         : 2304 x 2304 x 2304
Process grid      : 1 x 2
Frags per rank    : 4
Total fragments   : 8
Repeats           : 1
Threshold used    : 53.5809
--- Timing (worst rank) ---
Baseline   min/med/max : 4.2197 / 4.2408 / 4.3903  ms
Baseline   GFLOPS (med): 5768.1166  (min 5571.6194, max 5796.8400)
Protected  min/med/max : 4.2197 / 4.2408 / 4.3903  ms
Protected  GFLOPS (med): 5768.1166  (min 5571.6194, max 5796.8400)
Overhead (median)      : 0.0000 %
--- Confusion Matrix (global) ---
TP / TN / FP / FN     : 0 / 160 / 0 / 0
Recall                : 0.0000
Detection precision   : 0.0000
Correction precision  : 0.0000 %
==================================================

--- sq 2304^3 F=8 ---
=== ABFT GEMM (cuBLAS, online pipelined) ===
Mode           : baseline  (inject=none)
M x K x N      : 2304 x 2304 x 2304
Process grid   : 1 x 2  (world=2)
Frags per rank : 8
Repeats        : 1
Samples        : 20
Threshold      : (per-fragment, formula)
GPUs visible   : 2


========== EXPERIMENT METRICS (global) ==========
Mode              : BASELINE
M x K x N         : 2304 x 2304 x 2304
Process grid      : 1 x 2
Frags per rank    : 8
Total fragments   : 16
Repeats           : 1
Threshold used    : 28.0988
--- Timing (worst rank) ---
Baseline   min/med/max : 2.9166 / 2.9228 / 2.9358  ms
Baseline   GFLOPS (med): 8369.0458  (min 8332.0041, max 8386.9887)
Protected  min/med/max : 2.9166 / 2.9228 / 2.9358  ms
Protected  GFLOPS (med): 8369.0458  (min 8332.0041, max 8386.9887)
Overhead (median)      : 0.0000 %
--- Confusion Matrix (global) ---
TP / TN / FP / FN     : 0 / 320 / 0 / 0
Recall                : 0.0000
Detection precision   : 0.0000
Correction precision  : 0.0000 %
==================================================

--- sq 2304^3 F=16 ---
=== ABFT GEMM (cuBLAS, online pipelined) ===
Mode           : baseline  (inject=none)
M x K x N      : 2304 x 2304 x 2304
Process grid   : 1 x 2  (world=2)
Frags per rank : 16
Repeats        : 1
Samples        : 20
Threshold      : (per-fragment, formula)
GPUs visible   : 2


========== EXPERIMENT METRICS (global) ==========
Mode              : BASELINE
M x K x N         : 2304 x 2304 x 2304
Process grid      : 1 x 2
Frags per rank    : 16
Total fragments   : 32
Repeats           : 1
Threshold used    : 14.3207
--- Timing (worst rank) ---
Baseline   min/med/max : 3.5381 / 3.5483 / 3.5599  ms
Baseline   GFLOPS (med): 6893.7825  (min 6871.3286, max 6913.6410)
Protected  min/med/max : 3.5381 / 3.5483 / 3.5599  ms
Protected  GFLOPS (med): 6893.7825  (min 6871.3286, max 6913.6410)
Overhead (median)      : 0.0000 %
--- Confusion Matrix (global) ---
TP / TN / FP / FN     : 0 / 640 / 0 / 0
Recall                : 0.0000
Detection precision   : 0.0000
Correction precision  : 0.0000 %
==================================================

--- sq 2304^3 F=32 ---
=== ABFT GEMM (cuBLAS, online pipelined) ===
Mode           : baseline  (inject=none)
M x K x N      : 2304 x 2304 x 2304
Process grid   : 1 x 2  (world=2)
Frags per rank : 32
Repeats        : 1
Samples        : 20
Threshold      : (per-fragment, formula)
GPUs visible   : 2


========== EXPERIMENT METRICS (global) ==========
Mode              : BASELINE
M x K x N         : 2304 x 2304 x 2304
Process grid      : 1 x 2
Frags per rank    : 32
Total fragments   : 64
Repeats           : 1
Threshold used    : 7.8734
--- Timing (worst rank) ---
Baseline   min/med/max : 4.8489 / 4.8592 / 4.8736  ms
Baseline   GFLOPS (med): 5034.0349  (min 5019.1566, max 5044.7053)
Protected  min/med/max : 4.8489 / 4.8592 / 4.8736  ms
Protected  GFLOPS (med): 5034.0349  (min 5019.1566, max 5044.7053)
Overhead (median)      : 0.0000 %
--- Confusion Matrix (global) ---
TP / TN / FP / FN     : 0 / 1280 / 0 / 0
Recall                : 0.0000
Detection precision   : 0.0000
Correction precision  : 0.0000 %
==================================================

--- sq 2560^3 F=1 ---
=== ABFT GEMM (cuBLAS, online pipelined) ===
Mode           : baseline  (inject=none)
M x K x N      : 2560 x 2560 x 2560
Process grid   : 1 x 2  (world=2)
Frags per rank : 1
Repeats        : 1
Samples        : 20
Threshold      : (per-fragment, formula)
GPUs visible   : 2


========== EXPERIMENT METRICS (global) ==========
Mode              : BASELINE
M x K x N         : 2560 x 2560 x 2560
Process grid      : 1 x 2
Frags per rank    : 1
Total fragments   : 2
Repeats           : 1
Threshold used    : 274.6208
--- Timing (worst rank) ---
Baseline   min/med/max : 3.2706 / 3.3837 / 3.4606  ms
Baseline   GFLOPS (med): 9916.6028  (min 9696.1929, max 10259.4337)
Protected  min/med/max : 3.2706 / 3.3837 / 3.4606  ms
Protected  GFLOPS (med): 9916.6028  (min 9696.1929, max 10259.4337)
Overhead (median)      : 0.0000 %
--- Confusion Matrix (global) ---
TP / TN / FP / FN     : 0 / 40 / 0 / 0
Recall                : 0.0000
Detection precision   : 0.0000
Correction precision  : 0.0000 %
==================================================

--- sq 2560^3 F=2 ---
=== ABFT GEMM (cuBLAS, online pipelined) ===
Mode           : baseline  (inject=none)
M x K x N      : 2560 x 2560 x 2560
Process grid   : 1 x 2  (world=2)
Frags per rank : 2
Repeats        : 1
Samples        : 20
Threshold      : (per-fragment, formula)
GPUs visible   : 2


========== EXPERIMENT METRICS (global) ==========
Mode              : BASELINE
M x K x N         : 2560 x 2560 x 2560
Process grid      : 1 x 2
Frags per rank    : 2
Total fragments   : 4
Repeats           : 1
Threshold used    : 142.3268
--- Timing (worst rank) ---
Baseline   min/med/max : 3.7398 / 4.3864 / 4.6261  ms
Baseline   GFLOPS (med): 7649.6639  (min 7253.3107, max 8972.2195)
Protected  min/med/max : 3.7398 / 4.3864 / 4.6261  ms
Protected  GFLOPS (med): 7649.6639  (min 7253.3107, max 8972.2195)
Overhead (median)      : 0.0000 %
--- Confusion Matrix (global) ---
TP / TN / FP / FN     : 0 / 80 / 0 / 0
Recall                : 0.0000
Detection precision   : 0.0000
Correction precision  : 0.0000 %
==================================================

--- sq 2560^3 F=4 ---
=== ABFT GEMM (cuBLAS, online pipelined) ===
Mode           : baseline  (inject=none)
M x K x N      : 2560 x 2560 x 2560
Process grid   : 1 x 2  (world=2)
Frags per rank : 4
Repeats        : 1
Samples        : 20
Threshold      : (per-fragment, formula)
GPUs visible   : 2


========== EXPERIMENT METRICS (global) ==========
Mode              : BASELINE
M x K x N         : 2560 x 2560 x 2560
Process grid      : 1 x 2
Frags per rank    : 4
Total fragments   : 8
Repeats           : 1
Threshold used    : 72.1882
--- Timing (worst rank) ---
Baseline   min/med/max : 5.5468 / 6.1638 / 6.3878  ms
Baseline   GFLOPS (med): 5443.7669  (min 5252.9024, max 6049.3206)
Protected  min/med/max : 5.5468 / 6.1638 / 6.3878  ms
Protected  GFLOPS (med): 5443.7669  (min 5252.9024, max 6049.3206)
Overhead (median)      : 0.0000 %
--- Confusion Matrix (global) ---
TP / TN / FP / FN     : 0 / 160 / 0 / 0
Recall                : 0.0000
Detection precision   : 0.0000
Correction precision  : 0.0000 %
==================================================

--- sq 2560^3 F=8 ---
=== ABFT GEMM (cuBLAS, online pipelined) ===
Mode           : baseline  (inject=none)
M x K x N      : 2560 x 2560 x 2560
Process grid   : 1 x 2  (world=2)
Frags per rank : 8
Repeats        : 1
Samples        : 20
Threshold      : (per-fragment, formula)
GPUs visible   : 2


========== EXPERIMENT METRICS (global) ==========
Mode              : BASELINE
M x K x N         : 2560 x 2560 x 2560
Process grid      : 1 x 2
Frags per rank    : 8
Total fragments   : 16
Repeats           : 1
Threshold used    : 38.8522
--- Timing (worst rank) ---
Baseline   min/med/max : 3.9785 / 3.9915 / 4.3778  ms
Baseline   GFLOPS (med): 8406.4317  (min 7664.6125, max 8433.9150)
Protected  min/med/max : 3.9785 / 3.9915 / 4.3778  ms
Protected  GFLOPS (med): 8406.4317  (min 7664.6125, max 8433.9150)
Overhead (median)      : 0.0000 %
--- Confusion Matrix (global) ---
TP / TN / FP / FN     : 0 / 320 / 0 / 0
Recall                : 0.0000
Detection precision   : 0.0000
Correction precision  : 0.0000 %
==================================================

--- sq 2560^3 F=16 ---
=== ABFT GEMM (cuBLAS, online pipelined) ===
Mode           : baseline  (inject=none)
M x K x N      : 2560 x 2560 x 2560
Process grid   : 1 x 2  (world=2)
Frags per rank : 16
Repeats        : 1
Samples        : 20
Threshold      : (per-fragment, formula)
GPUs visible   : 2


========== EXPERIMENT METRICS (global) ==========
Mode              : BASELINE
M x K x N         : 2560 x 2560 x 2560
Process grid      : 1 x 2
Frags per rank    : 16
Total fragments   : 32
Repeats           : 1
Threshold used    : 20.2165
--- Timing (worst rank) ---
Baseline   min/med/max : 4.9387 / 4.9532 / 4.9701  ms
Baseline   GFLOPS (med): 6774.3335  (min 6751.2793, max 6794.2436)
Protected  min/med/max : 4.9387 / 4.9532 / 4.9701  ms
Protected  GFLOPS (med): 6774.3335  (min 6751.2793, max 6794.2436)
Overhead (median)      : 0.0000 %
--- Confusion Matrix (global) ---
TP / TN / FP / FN     : 0 / 640 / 0 / 0
Recall                : 0.0000
Detection precision   : 0.0000
Correction precision  : 0.0000 %
==================================================

--- sq 2560^3 F=32 ---
=== ABFT GEMM (cuBLAS, online pipelined) ===
Mode           : baseline  (inject=none)
M x K x N      : 2560 x 2560 x 2560
Process grid   : 1 x 2  (world=2)
Frags per rank : 32
Repeats        : 1
Samples        : 20
Threshold      : (per-fragment, formula)
GPUs visible   : 2


========== EXPERIMENT METRICS (global) ==========
Mode              : BASELINE
M x K x N         : 2560 x 2560 x 2560
Process grid      : 1 x 2
Frags per rank    : 32
Total fragments   : 64
Repeats           : 1
Threshold used    : 10.6766
--- Timing (worst rank) ---
Baseline   min/med/max : 7.3215 / 7.3475 / 7.3544  ms
Baseline   GFLOPS (med): 4566.7890  (min 4562.5019, max 4582.9696)
Protected  min/med/max : 7.3215 / 7.3475 / 7.3544  ms
Protected  GFLOPS (med): 4566.7890  (min 4562.5019, max 4582.9696)
Overhead (median)      : 0.0000 %
--- Confusion Matrix (global) ---
TP / TN / FP / FN     : 0 / 1280 / 0 / 0
Recall                : 0.0000
Detection precision   : 0.0000
Correction precision  : 0.0000 %
==================================================

--- sq 2816^3 F=1 ---
=== ABFT GEMM (cuBLAS, online pipelined) ===
Mode           : baseline  (inject=none)
M x K x N      : 2816 x 2816 x 2816
Process grid   : 1 x 2  (world=2)
Frags per rank : 1
Repeats        : 1
Samples        : 20
Threshold      : (per-fragment, formula)
GPUs visible   : 2


========== EXPERIMENT METRICS (global) ==========
Mode              : BASELINE
M x K x N         : 2816 x 2816 x 2816
Process grid      : 1 x 2
Frags per rank    : 1
Total fragments   : 2
Repeats           : 1
Threshold used    : 363.4149
--- Timing (worst rank) ---
Baseline   min/med/max : 4.3367 / 4.3526 / 4.3758  ms
Baseline   GFLOPS (med): 10260.8392  (min 10206.4276, max 10298.4644)
Protected  min/med/max : 4.3367 / 4.3526 / 4.3758  ms
Protected  GFLOPS (med): 10260.8392  (min 10206.4276, max 10298.4644)
Overhead (median)      : 0.0000 %
--- Confusion Matrix (global) ---
TP / TN / FP / FN     : 0 / 40 / 0 / 0
Recall                : 0.0000
Detection precision   : 0.0000
Correction precision  : 0.0000 %
==================================================

--- sq 2816^3 F=2 ---
=== ABFT GEMM (cuBLAS, online pipelined) ===
Mode           : baseline  (inject=none)
M x K x N      : 2816 x 2816 x 2816
Process grid   : 1 x 2  (world=2)
Frags per rank : 2
Repeats        : 1
Samples        : 20
Threshold      : (per-fragment, formula)
GPUs visible   : 2


========== EXPERIMENT METRICS (global) ==========
Mode              : BASELINE
M x K x N         : 2816 x 2816 x 2816
Process grid      : 1 x 2
Frags per rank    : 2
Total fragments   : 4
Repeats           : 1
Threshold used    : 188.7007
--- Timing (worst rank) ---
Baseline   min/med/max : 4.5562 / 4.5694 / 4.6094  ms
Baseline   GFLOPS (med): 9773.8406  (min 9689.0163, max 9802.1653)
Protected  min/med/max : 4.5562 / 4.5694 / 4.6094  ms
Protected  GFLOPS (med): 9773.8406  (min 9689.0163, max 9802.1653)
Overhead (median)      : 0.0000 %
--- Confusion Matrix (global) ---
TP / TN / FP / FN     : 0 / 80 / 0 / 0
Recall                : 0.0000
Detection precision   : 0.0000
Correction precision  : 0.0000 %
==================================================

--- sq 2816^3 F=4 ---
=== ABFT GEMM (cuBLAS, online pipelined) ===
Mode           : baseline  (inject=none)
M x K x N      : 2816 x 2816 x 2816
Process grid   : 1 x 2  (world=2)
Frags per rank : 4
Repeats        : 1
Samples        : 20
Threshold      : (per-fragment, formula)
GPUs visible   : 2


========== EXPERIMENT METRICS (global) ==========
Mode              : BASELINE
M x K x N         : 2816 x 2816 x 2816
Process grid      : 1 x 2
Frags per rank    : 4
Total fragments   : 8
Repeats           : 1
Threshold used    : 96.3275
--- Timing (worst rank) ---
Baseline   min/med/max : 5.4365 / 5.7474 / 5.9465  ms
Baseline   GFLOPS (med): 7770.6339  (min 7510.5052, max 8215.0020)
Protected  min/med/max : 5.4365 / 5.7474 / 5.9465  ms
Protected  GFLOPS (med): 7770.6339  (min 7510.5052, max 8215.0020)
Overhead (median)      : 0.0000 %
--- Confusion Matrix (global) ---
TP / TN / FP / FN     : 0 / 160 / 0 / 0
Recall                : 0.0000
Detection precision   : 0.0000
Correction precision  : 0.0000 %
==================================================

--- sq 2816^3 F=8 ---
=== ABFT GEMM (cuBLAS, online pipelined) ===
Mode           : baseline  (inject=none)
M x K x N      : 2816 x 2816 x 2816
Process grid   : 1 x 2  (world=2)
Frags per rank : 8
Repeats        : 1
Samples        : 20
Threshold      : (per-fragment, formula)
GPUs visible   : 2


========== EXPERIMENT METRICS (global) ==========
Mode              : BASELINE
M x K x N         : 2816 x 2816 x 2816
Process grid      : 1 x 2
Frags per rank    : 8
Total fragments   : 16
Repeats           : 1
Threshold used    : 49.0912
--- Timing (worst rank) ---
Baseline   min/med/max : 6.2186 / 6.3250 / 6.7981  ms
Baseline   GFLOPS (med): 7061.0419  (min 6569.6512, max 7181.8646)
Protected  min/med/max : 6.2186 / 6.3250 / 6.7981  ms
Protected  GFLOPS (med): 7061.0419  (min 6569.6512, max 7181.8646)
Overhead (median)      : 0.0000 %
--- Confusion Matrix (global) ---
TP / TN / FP / FN     : 0 / 320 / 0 / 0
Recall                : 0.0000
Detection precision   : 0.0000
Correction precision  : 0.0000 %
==================================================

--- sq 2816^3 F=16 ---
=== ABFT GEMM (cuBLAS, online pipelined) ===
Mode           : baseline  (inject=none)
M x K x N      : 2816 x 2816 x 2816
Process grid   : 1 x 2  (world=2)
Frags per rank : 16
Repeats        : 1
Samples        : 20
Threshold      : (per-fragment, formula)
GPUs visible   : 2


========== EXPERIMENT METRICS (global) ==========
Mode              : BASELINE
M x K x N         : 2816 x 2816 x 2816
Process grid      : 1 x 2
Frags per rank    : 16
Total fragments   : 32
Repeats           : 1
Threshold used    : 25.9300
--- Timing (worst rank) ---
Baseline   min/med/max : 5.6675 / 5.6842 / 5.7035  ms
Baseline   GFLOPS (med): 7857.0168  (min 7830.4378, max 7880.1754)
Protected  min/med/max : 5.6675 / 5.6842 / 5.7035  ms
Protected  GFLOPS (med): 7857.0168  (min 7830.4378, max 7880.1754)
Overhead (median)      : 0.0000 %
--- Confusion Matrix (global) ---
TP / TN / FP / FN     : 0 / 640 / 0 / 0
Recall                : 0.0000
Detection precision   : 0.0000
Correction precision  : 0.0000 %
==================================================

--- sq 2816^3 F=32 ---
=== ABFT GEMM (cuBLAS, online pipelined) ===
Mode           : baseline  (inject=none)
M x K x N      : 2816 x 2816 x 2816
Process grid   : 1 x 2  (world=2)
Frags per rank : 32
Repeats        : 1
Samples        : 20
Threshold      : (per-fragment, formula)
GPUs visible   : 2


========== EXPERIMENT METRICS (global) ==========
Mode              : BASELINE
M x K x N         : 2816 x 2816 x 2816
Process grid      : 1 x 2
Frags per rank    : 32
Total fragments   : 64
Repeats           : 1
Threshold used    : 14.0430
--- Timing (worst rank) ---
Baseline   min/med/max : 8.4176 / 8.4352 / 8.7727  ms
Baseline   GFLOPS (med): 5294.5859  (min 5090.9157, max 5305.6447)
Protected  min/med/max : 8.4176 / 8.4352 / 8.7727  ms
Protected  GFLOPS (med): 5294.5859  (min 5090.9157, max 5305.6447)
Overhead (median)      : 0.0000 %
--- Confusion Matrix (global) ---
TP / TN / FP / FN     : 0 / 1280 / 0 / 0
Recall                : 0.0000
Detection precision   : 0.0000
Correction precision  : 0.0000 %
==================================================

--- sq 3072^3 F=1 ---
=== ABFT GEMM (cuBLAS, online pipelined) ===
Mode           : baseline  (inject=none)
M x K x N      : 3072 x 3072 x 3072
Process grid   : 1 x 2  (world=2)
Frags per rank : 1
Repeats        : 1
Samples        : 20
Threshold      : (per-fragment, formula)
GPUs visible   : 2


========== EXPERIMENT METRICS (global) ==========
Mode              : BASELINE
M x K x N         : 3072 x 3072 x 3072
Process grid      : 1 x 2
Frags per rank    : 1
Total fragments   : 2
Repeats           : 1
Threshold used    : 471.1003
--- Timing (worst rank) ---
Baseline   min/med/max : 5.0898 / 5.2182 / 5.5376  ms
Baseline   GFLOPS (med): 11111.5801  (min 10470.5605, max 11391.8975)
Protected  min/med/max : 5.0898 / 5.2182 / 5.5376  ms
Protected  GFLOPS (med): 11111.5801  (min 10470.5605, max 11391.8975)
Overhead (median)      : 0.0000 %
--- Confusion Matrix (global) ---
TP / TN / FP / FN     : 0 / 40 / 0 / 0
Recall                : 0.0000
Detection precision   : 0.0000
Correction precision  : 0.0000 %
==================================================

--- sq 3072^3 F=2 ---
=== ABFT GEMM (cuBLAS, online pipelined) ===
Mode           : baseline  (inject=none)
M x K x N      : 3072 x 3072 x 3072
Process grid   : 1 x 2  (world=2)
Frags per rank : 2
Repeats        : 1
Samples        : 20
Threshold      : (per-fragment, formula)
GPUs visible   : 2


========== EXPERIMENT METRICS (global) ==========
Mode              : BASELINE
M x K x N         : 3072 x 3072 x 3072
Process grid      : 1 x 2
Frags per rank    : 2
Total fragments   : 4
Repeats           : 1
Threshold used    : 239.3834
--- Timing (worst rank) ---
Baseline   min/med/max : 5.1318 / 5.2269 / 5.3689  ms
Baseline   GFLOPS (med): 11092.9854  (min 10799.5979, max 11298.5811)
Protected  min/med/max : 5.1318 / 5.2269 / 5.3689  ms
Protected  GFLOPS (med): 11092.9854  (min 10799.5979, max 11298.5811)
Overhead (median)      : 0.0000 %
--- Confusion Matrix (global) ---
TP / TN / FP / FN     : 0 / 80 / 0 / 0
Recall                : 0.0000
Detection precision   : 0.0000
Correction precision  : 0.0000 %
==================================================

--- sq 3072^3 F=4 ---
=== ABFT GEMM (cuBLAS, online pipelined) ===
Mode           : baseline  (inject=none)
M x K x N      : 3072 x 3072 x 3072
Process grid   : 1 x 2  (world=2)
Frags per rank : 4
Repeats        : 1
Samples        : 20
Threshold      : (per-fragment, formula)
GPUs visible   : 2


========== EXPERIMENT METRICS (global) ==========
Mode              : BASELINE
M x K x N         : 3072 x 3072 x 3072
Process grid      : 1 x 2
Frags per rank    : 4
Total fragments   : 8
Repeats           : 1
Threshold used    : 123.5850
--- Timing (worst rank) ---
Baseline   min/med/max : 6.7074 / 6.7257 / 6.7714  ms
Baseline   GFLOPS (med): 8620.9726  (min 8562.8064, max 8644.5064)
Protected  min/med/max : 6.7074 / 6.7257 / 6.7714  ms
Protected  GFLOPS (med): 8620.9726  (min 8562.8064, max 8644.5064)
Overhead (median)      : 0.0000 %
--- Confusion Matrix (global) ---
TP / TN / FP / FN     : 0 / 160 / 0 / 0
Recall                : 0.0000
Detection precision   : 0.0000
Correction precision  : 0.0000 %
==================================================

--- sq 3072^3 F=8 ---
=== ABFT GEMM (cuBLAS, online pipelined) ===
Mode           : baseline  (inject=none)
M x K x N      : 3072 x 3072 x 3072
Process grid   : 1 x 2  (world=2)
Frags per rank : 8
Repeats        : 1
Samples        : 20
Threshold      : (per-fragment, formula)
GPUs visible   : 2


========== EXPERIMENT METRICS (global) ==========
Mode              : BASELINE
M x K x N         : 3072 x 3072 x 3072
Process grid      : 1 x 2
Frags per rank    : 8
Total fragments   : 16
Repeats           : 1
Threshold used    : 63.2983
--- Timing (worst rank) ---
Baseline   min/med/max : 6.9480 / 7.0371 / 7.2178  ms
Baseline   GFLOPS (med): 8239.4691  (min 8033.1971, max 8345.1413)
Protected  min/med/max : 6.9480 / 7.0371 / 7.2178  ms
Protected  GFLOPS (med): 8239.4691  (min 8033.1971, max 8345.1413)
Overhead (median)      : 0.0000 %
--- Confusion Matrix (global) ---
TP / TN / FP / FN     : 0 / 320 / 0 / 0
Recall                : 0.0000
Detection precision   : 0.0000
Correction precision  : 0.0000 %
==================================================

--- sq 3072^3 F=16 ---
=== ABFT GEMM (cuBLAS, online pipelined) ===
Mode           : baseline  (inject=none)
M x K x N      : 3072 x 3072 x 3072
Process grid   : 1 x 2  (world=2)
Frags per rank : 16
Repeats        : 1
Samples        : 20
Threshold      : (per-fragment, formula)
GPUs visible   : 2


========== EXPERIMENT METRICS (global) ==========
Mode              : BASELINE
M x K x N         : 3072 x 3072 x 3072
Process grid      : 1 x 2
Frags per rank    : 16
Total fragments   : 32
Repeats           : 1
Threshold used    : 34.6957
--- Timing (worst rank) ---
Baseline   min/med/max : 6.2783 / 6.2918 / 6.7971  ms
Baseline   GFLOPS (med): 9215.5371  (min 8530.3874, max 9235.3280)
Protected  min/med/max : 6.2783 / 6.2918 / 6.7971  ms
Protected  GFLOPS (med): 9215.5371  (min 8530.3874, max 9235.3280)
Overhead (median)      : 0.0000 %
--- Confusion Matrix (global) ---
TP / TN / FP / FN     : 0 / 640 / 0 / 0
Recall                : 0.0000
Detection precision   : 0.0000
Correction precision  : 0.0000 %
==================================================

--- sq 3072^3 F=32 ---
=== ABFT GEMM (cuBLAS, online pipelined) ===
Mode           : baseline  (inject=none)
M x K x N      : 3072 x 3072 x 3072
Process grid   : 1 x 2  (world=2)
Frags per rank : 32
Repeats        : 1
Samples        : 20
Threshold      : (per-fragment, formula)
GPUs visible   : 2


========== EXPERIMENT METRICS (global) ==========
Mode              : BASELINE
M x K x N         : 3072 x 3072 x 3072
Process grid      : 1 x 2
Frags per rank    : 32
Total fragments   : 64
Repeats           : 1
Threshold used    : 18.0656
--- Timing (worst rank) ---
Baseline   min/med/max : 9.2607 / 9.3062 / 10.3676  ms
Baseline   GFLOPS (med): 6230.4870  (min 5592.5963, max 6261.0651)
Protected  min/med/max : 9.2607 / 9.3062 / 10.3676  ms
Protected  GFLOPS (med): 6230.4870  (min 5592.5963, max 6261.0651)
Overhead (median)      : 0.0000 %
--- Confusion Matrix (global) ---
TP / TN / FP / FN     : 0 / 1280 / 0 / 0
Recall                : 0.0000
Detection precision   : 0.0000
Correction precision  : 0.0000 %
==================================================

--- sq 3328^3 F=1 ---
=== ABFT GEMM (cuBLAS, online pipelined) ===
Mode           : baseline  (inject=none)
M x K x N      : 3328 x 3328 x 3328
Process grid   : 1 x 2  (world=2)
Frags per rank : 1
Repeats        : 1
Samples        : 20
Threshold      : (per-fragment, formula)
GPUs visible   : 2


========== EXPERIMENT METRICS (global) ==========
Mode              : BASELINE
M x K x N         : 3328 x 3328 x 3328
Process grid      : 1 x 2
Frags per rank    : 1
Total fragments   : 2
Repeats           : 1
Threshold used    : 594.1572
--- Timing (worst rank) ---
Baseline   min/med/max : 7.0568 / 7.0761 / 7.2023  ms
Baseline   GFLOPS (med): 10417.9994  (min 10235.4285, max 10446.5439)
Protected  min/med/max : 7.0568 / 7.0761 / 7.2023  ms
Protected  GFLOPS (med): 10417.9994  (min 10235.4285, max 10446.5439)
Overhead (median)      : 0.0000 %
--- Confusion Matrix (global) ---
TP / TN / FP / FN     : 0 / 40 / 0 / 0
Recall                : 0.0000
Detection precision   : 0.0000
Correction precision  : 0.0000 %
==================================================

--- sq 3328^3 F=2 ---
=== ABFT GEMM (cuBLAS, online pipelined) ===
Mode           : baseline  (inject=none)
M x K x N      : 3328 x 3328 x 3328
Process grid   : 1 x 2  (world=2)
Frags per rank : 2
Repeats        : 1
Samples        : 20
Threshold      : (per-fragment, formula)
GPUs visible   : 2


========== EXPERIMENT METRICS (global) ==========
Mode              : BASELINE
M x K x N         : 3328 x 3328 x 3328
Process grid      : 1 x 2
Frags per rank    : 2
Total fragments   : 4
Repeats           : 1
Threshold used    : 305.0806
--- Timing (worst rank) ---
Baseline   min/med/max : 7.3090 / 7.3661 / 7.4614  ms
Baseline   GFLOPS (med): 10007.9537  (min 9880.0623, max 10086.0605)
Protected  min/med/max : 7.3090 / 7.3661 / 7.4614  ms
Protected  GFLOPS (med): 10007.9537  (min 9880.0623, max 10086.0605)
Overhead (median)      : 0.0000 %
--- Confusion Matrix (global) ---
TP / TN / FP / FN     : 0 / 80 / 0 / 0
Recall                : 0.0000
Detection precision   : 0.0000
Correction precision  : 0.0000 %
==================================================

--- sq 3328^3 F=4 ---
=== ABFT GEMM (cuBLAS, online pipelined) ===
Mode           : baseline  (inject=none)
M x K x N      : 3328 x 3328 x 3328
Process grid   : 1 x 2  (world=2)
Frags per rank : 4
Repeats        : 1
Samples        : 20
Threshold      : (per-fragment, formula)
GPUs visible   : 2


========== EXPERIMENT METRICS (global) ==========
Mode              : BASELINE
M x K x N         : 3328 x 3328 x 3328
Process grid      : 1 x 2
Frags per rank    : 4
Total fragments   : 8
Repeats           : 1
Threshold used    : 155.6056
--- Timing (worst rank) ---
Baseline   min/med/max : 9.7857 / 9.8343 / 10.0714  ms
Baseline   GFLOPS (med): 7496.1423  (min 7319.6399, max 7533.3268)
Protected  min/med/max : 9.7857 / 9.8343 / 10.0714  ms
Protected  GFLOPS (med): 7496.1423  (min 7319.6399, max 7533.3268)
Overhead (median)      : 0.0000 %
--- Confusion Matrix (global) ---
TP / TN / FP / FN     : 0 / 160 / 0 / 0
Recall                : 0.0000
Detection precision   : 0.0000
Correction precision  : 0.0000 %
==================================================

--- sq 3328^3 F=8 ---
=== ABFT GEMM (cuBLAS, online pipelined) ===
Mode           : baseline  (inject=none)
M x K x N      : 3328 x 3328 x 3328
Process grid   : 1 x 2  (world=2)
Frags per rank : 8
Repeats        : 1
Samples        : 20
Threshold      : (per-fragment, formula)
GPUs visible   : 2


========== EXPERIMENT METRICS (global) ==========
Mode              : BASELINE
M x K x N         : 3328 x 3328 x 3328
Process grid      : 1 x 2
Frags per rank    : 8
Total fragments   : 16
Repeats           : 1
Threshold used    : 81.5065
--- Timing (worst rank) ---
Baseline   min/med/max : 12.4053 / 12.4375 / 12.5440  ms
Baseline   GFLOPS (med): 5927.1509  (min 5876.8203, max 5942.5420)
Protected  min/med/max : 12.4053 / 12.4375 / 12.5440  ms
Protected  GFLOPS (med): 5927.1509  (min 5876.8203, max 5942.5420)
Overhead (median)      : 0.0000 %
--- Confusion Matrix (global) ---
TP / TN / FP / FN     : 0 / 320 / 0 / 0
Recall                : 0.0000
Detection precision   : 0.0000
Correction precision  : 0.0000 %
==================================================

--- sq 3328^3 F=16 ---
=== ABFT GEMM (cuBLAS, online pipelined) ===
Mode           : baseline  (inject=none)
M x K x N      : 3328 x 3328 x 3328
Process grid   : 1 x 2  (world=2)
Frags per rank : 16
Repeats        : 1
Samples        : 20
Threshold      : (per-fragment, formula)
GPUs visible   : 2


========== EXPERIMENT METRICS (global) ==========
Mode              : BASELINE
M x K x N         : 3328 x 3328 x 3328
Process grid      : 1 x 2
Frags per rank    : 16
Total fragments   : 32
Repeats           : 1
Threshold used    : 44.1132
--- Timing (worst rank) ---
Baseline   min/med/max : 9.8241 / 9.8388 / 10.6121  ms
Baseline   GFLOPS (med): 7492.7145  (min 6946.7116, max 7503.8779)
Protected  min/med/max : 9.8241 / 9.8388 / 10.6121  ms
Protected  GFLOPS (med): 7492.7145  (min 6946.7116, max 7503.8779)
Overhead (median)      : 0.0000 %
--- Confusion Matrix (global) ---
TP / TN / FP / FN     : 0 / 640 / 0 / 0
Recall                : 0.0000
Detection precision   : 0.0000
Correction precision  : 0.0000 %
==================================================

--- sq 3328^3 F=32 ---
=== ABFT GEMM (cuBLAS, online pipelined) ===
Mode           : baseline  (inject=none)
M x K x N      : 3328 x 3328 x 3328
Process grid   : 1 x 2  (world=2)
Frags per rank : 32
Repeats        : 1
Samples        : 20
Threshold      : (per-fragment, formula)
GPUs visible   : 2


========== EXPERIMENT METRICS (global) ==========
Mode              : BASELINE
M x K x N         : 3328 x 3328 x 3328
Process grid      : 1 x 2
Frags per rank    : 32
Total fragments   : 64
Repeats           : 1
Threshold used    : 22.6037
--- Timing (worst rank) ---
Baseline   min/med/max : 10.3942 / 10.4237 / 11.4910  ms
Baseline   GFLOPS (med): 7072.2823  (min 6415.3739, max 7092.3605)
Protected  min/med/max : 10.3942 / 10.4237 / 11.4910  ms
Protected  GFLOPS (med): 7072.2823  (min 6415.3739, max 7092.3605)
Overhead (median)      : 0.0000 %
--- Confusion Matrix (global) ---
TP / TN / FP / FN     : 0 / 1280 / 0 / 0
Recall                : 0.0000
Detection precision   : 0.0000
Correction precision  : 0.0000 %
==================================================

--- sq 3584^3 F=1 ---
=== ABFT GEMM (cuBLAS, online pipelined) ===
Mode           : baseline  (inject=none)
M x K x N      : 3584 x 3584 x 3584
Process grid   : 1 x 2  (world=2)
Frags per rank : 1
Repeats        : 1
Samples        : 20
Threshold      : (per-fragment, formula)
GPUs visible   : 2


========== EXPERIMENT METRICS (global) ==========
Mode              : BASELINE
M x K x N         : 3584 x 3584 x 3584
Process grid      : 1 x 2
Frags per rank    : 1
Total fragments   : 2
Repeats           : 1
Threshold used    : 740.8856
--- Timing (worst rank) ---
Baseline   min/med/max : 8.9208 / 9.2078 / 9.4648  ms
Baseline   GFLOPS (med): 9999.4430  (min 9728.0227, max 10321.1584)
Protected  min/med/max : 8.9208 / 9.2078 / 9.4648  ms
Protected  GFLOPS (med): 9999.4430  (min 9728.0227, max 10321.1584)
Overhead (median)      : 0.0000 %
--- Confusion Matrix (global) ---
TP / TN / FP / FN     : 0 / 40 / 0 / 0
Recall                : 0.0000
Detection precision   : 0.0000
Correction precision  : 0.0000 %
==================================================

--- sq 3584^3 F=2 ---
=== ABFT GEMM (cuBLAS, online pipelined) ===
Mode           : baseline  (inject=none)
M x K x N      : 3584 x 3584 x 3584
Process grid   : 1 x 2  (world=2)
Frags per rank : 2
Repeats        : 1
Samples        : 20
Threshold      : (per-fragment, formula)
GPUs visible   : 2


========== EXPERIMENT METRICS (global) ==========
Mode              : BASELINE
M x K x N         : 3584 x 3584 x 3584
Process grid      : 1 x 2
Frags per rank    : 2
Total fragments   : 4
Repeats           : 1
Threshold used    : 377.4181
--- Timing (worst rank) ---
Baseline   min/med/max : 9.2430 / 9.2626 / 9.5083  ms
Baseline   GFLOPS (med): 9940.2850  (min 9683.4664, max 9961.3808)
Protected  min/med/max : 9.2430 / 9.2626 / 9.5083  ms
Protected  GFLOPS (med): 9940.2850  (min 9683.4664, max 9961.3808)
Overhead (median)      : 0.0000 %
--- Confusion Matrix (global) ---
TP / TN / FP / FN     : 0 / 80 / 0 / 0
Recall                : 0.0000
Detection precision   : 0.0000
Correction precision  : 0.0000 %
==================================================

--- sq 3584^3 F=4 ---
=== ABFT GEMM (cuBLAS, online pipelined) ===
Mode           : baseline  (inject=none)
M x K x N      : 3584 x 3584 x 3584
Process grid   : 1 x 2  (world=2)
Frags per rank : 4
Repeats        : 1
Samples        : 20
Threshold      : (per-fragment, formula)
GPUs visible   : 2


========== EXPERIMENT METRICS (global) ==========
Mode              : BASELINE
M x K x N         : 3584 x 3584 x 3584
Process grid      : 1 x 2
Frags per rank    : 4
Total fragments   : 8
Repeats           : 1
Threshold used    : 193.4615
--- Timing (worst rank) ---
Baseline   min/med/max : 11.1702 / 11.4472 / 11.7029  ms
Baseline   GFLOPS (med): 8043.3380  (min 7867.5438, max 8242.7335)
Protected  min/med/max : 11.1702 / 11.4472 / 11.7029  ms
Protected  GFLOPS (med): 8043.3380  (min 7867.5438, max 8242.7335)
Overhead (median)      : 0.0000 %
--- Confusion Matrix (global) ---
TP / TN / FP / FN     : 0 / 160 / 0 / 0
Recall                : 0.0000
Detection precision   : 0.0000
Correction precision  : 0.0000 %
==================================================

--- sq 3584^3 F=8 ---
=== ABFT GEMM (cuBLAS, online pipelined) ===
Mode           : baseline  (inject=none)
M x K x N      : 3584 x 3584 x 3584
Process grid   : 1 x 2  (world=2)
Frags per rank : 8
Repeats        : 1
Samples        : 20
Threshold      : (per-fragment, formula)
GPUs visible   : 2


========== EXPERIMENT METRICS (global) ==========
Mode              : BASELINE
M x K x N         : 3584 x 3584 x 3584
Process grid      : 1 x 2
Frags per rank    : 8
Total fragments   : 16
Repeats           : 1
Threshold used    : 99.6650
--- Timing (worst rank) ---
Baseline   min/med/max : 13.4394 / 13.6846 / 13.9774  ms
Baseline   GFLOPS (med): 6728.2366  (min 6587.3190, max 6850.9805)
Protected  min/med/max : 13.4394 / 13.6846 / 13.9774  ms
Protected  GFLOPS (med): 6728.2366  (min 6587.3190, max 6850.9805)
Overhead (median)      : 0.0000 %
--- Confusion Matrix (global) ---
TP / TN / FP / FN     : 0 / 320 / 0 / 0
Recall                : 0.0000
Detection precision   : 0.0000
Correction precision  : 0.0000 %
==================================================

--- sq 3584^3 F=16 ---
=== ABFT GEMM (cuBLAS, online pipelined) ===
Mode           : baseline  (inject=none)
M x K x N      : 3584 x 3584 x 3584
Process grid   : 1 x 2  (world=2)
Frags per rank : 16
Repeats        : 1
Samples        : 20
Threshold      : (per-fragment, formula)
GPUs visible   : 2


========== EXPERIMENT METRICS (global) ==========
Mode              : BASELINE
M x K x N         : 3584 x 3584 x 3584
Process grid      : 1 x 2
Frags per rank    : 16
Total fragments   : 32
Repeats           : 1
Threshold used    : 53.0121
--- Timing (worst rank) ---
Baseline   min/med/max : 12.0382 / 12.0574 / 12.8281  ms
Baseline   GFLOPS (med): 7636.2616  (min 7177.4891, max 7648.4034)
Protected  min/med/max : 12.0382 / 12.0574 / 12.8281  ms
Protected  GFLOPS (med): 7636.2616  (min 7177.4891, max 7648.4034)
Overhead (median)      : 0.0000 %
--- Confusion Matrix (global) ---
TP / TN / FP / FN     : 0 / 640 / 0 / 0
Recall                : 0.0000
Detection precision   : 0.0000
Correction precision  : 0.0000 %
==================================================

--- sq 3584^3 F=32 ---
=== ABFT GEMM (cuBLAS, online pipelined) ===
Mode           : baseline  (inject=none)
M x K x N      : 3584 x 3584 x 3584
Process grid   : 1 x 2  (world=2)
Frags per rank : 32
Repeats        : 1
Samples        : 20
Threshold      : (per-fragment, formula)
GPUs visible   : 2


========== EXPERIMENT METRICS (global) ==========
Mode              : BASELINE
M x K x N         : 3584 x 3584 x 3584
Process grid      : 1 x 2
Frags per rank    : 32
Total fragments   : 64
Repeats           : 1
Threshold used    : 28.1760
--- Timing (worst rank) ---
Baseline   min/med/max : 13.9971 / 14.5342 / 14.7104  ms
Baseline   GFLOPS (med): 6334.9453  (min 6259.0632, max 6578.0158)
Protected  min/med/max : 13.9971 / 14.5342 / 14.7104  ms
Protected  GFLOPS (med): 6334.9453  (min 6259.0632, max 6578.0158)
Overhead (median)      : 0.0000 %
--- Confusion Matrix (global) ---
TP / TN / FP / FN     : 0 / 1280 / 0 / 0
Recall                : 0.0000
Detection precision   : 0.0000
Correction precision  : 0.0000 %
==================================================

--- sq 3840^3 F=1 ---
=== ABFT GEMM (cuBLAS, online pipelined) ===
Mode           : baseline  (inject=none)
M x K x N      : 3840 x 3840 x 3840
Process grid   : 1 x 2  (world=2)
Frags per rank : 1
Repeats        : 1
Samples        : 20
Threshold      : (per-fragment, formula)
GPUs visible   : 2


========== EXPERIMENT METRICS (global) ==========
Mode              : BASELINE
M x K x N         : 3840 x 3840 x 3840
Process grid      : 1 x 2
Frags per rank    : 1
Total fragments   : 2
Repeats           : 1
Threshold used    : 913.2448
--- Timing (worst rank) ---
Baseline   min/med/max : 10.6703 / 11.0476 / 11.2862  ms
Baseline   GFLOPS (med): 10250.7149  (min 10034.0565, max 10613.1821)
Protected  min/med/max : 10.6703 / 11.0476 / 11.2862  ms
Protected  GFLOPS (med): 10250.7149  (min 10034.0565, max 10613.1821)
Overhead (median)      : 0.0000 %
--- Confusion Matrix (global) ---
TP / TN / FP / FN     : 0 / 40 / 0 / 0
Recall                : 0.0000
Detection precision   : 0.0000
Correction precision  : 0.0000 %
==================================================

--- sq 3840^3 F=2 ---
=== ABFT GEMM (cuBLAS, online pipelined) ===
Mode           : baseline  (inject=none)
M x K x N      : 3840 x 3840 x 3840
Process grid   : 1 x 2  (world=2)
Frags per rank : 2
Repeats        : 1
Samples        : 20
Threshold      : (per-fragment, formula)
GPUs visible   : 2


========== EXPERIMENT METRICS (global) ==========
Mode              : BASELINE
M x K x N         : 3840 x 3840 x 3840
Process grid      : 1 x 2
Frags per rank    : 2
Total fragments   : 4
Repeats           : 1
Threshold used    : 466.4494
--- Timing (worst rank) ---
Baseline   min/med/max : 10.9052 / 11.0673 / 11.8369  ms
Baseline   GFLOPS (med): 10232.5342  (min 9567.2338, max 10384.6491)
Protected  min/med/max : 10.9052 / 11.0673 / 11.8369  ms
Protected  GFLOPS (med): 10232.5342  (min 9567.2338, max 10384.6491)
Overhead (median)      : 0.0000 %
--- Confusion Matrix (global) ---
TP / TN / FP / FN     : 0 / 80 / 0 / 0
Recall                : 0.0000
Detection precision   : 0.0000
Correction precision  : 0.0000 %
==================================================

--- sq 3840^3 F=4 ---
=== ABFT GEMM (cuBLAS, online pipelined) ===
Mode           : baseline  (inject=none)
M x K x N      : 3840 x 3840 x 3840
Process grid   : 1 x 2  (world=2)
Frags per rank : 4
Repeats        : 1
Samples        : 20
Threshold      : (per-fragment, formula)
GPUs visible   : 2


========== EXPERIMENT METRICS (global) ==========
Mode              : BASELINE
M x K x N         : 3840 x 3840 x 3840
Process grid      : 1 x 2
Frags per rank    : 4
Total fragments   : 8
Repeats           : 1
Threshold used    : 239.4997
--- Timing (worst rank) ---
Baseline   min/med/max : 12.5673 / 12.6531 / 13.2836  ms
Baseline   GFLOPS (med): 8950.0761  (min 8525.2449, max 9011.1647)
Protected  min/med/max : 12.5673 / 12.6531 / 13.2836  ms
Protected  GFLOPS (med): 8950.0761  (min 8525.2449, max 9011.1647)
Overhead (median)      : 0.0000 %
--- Confusion Matrix (global) ---
TP / TN / FP / FN     : 0 / 160 / 0 / 0
Recall                : 0.0000
Detection precision   : 0.0000
Correction precision  : 0.0000 %
==================================================

--- sq 3840^3 F=8 ---
=== ABFT GEMM (cuBLAS, online pipelined) ===
Mode           : baseline  (inject=none)
M x K x N      : 3840 x 3840 x 3840
Process grid   : 1 x 2  (world=2)
Frags per rank : 8
Repeats        : 1
Samples        : 20
Threshold      : (per-fragment, formula)
GPUs visible   : 2


========== EXPERIMENT METRICS (global) ==========
Mode              : BASELINE
M x K x N         : 3840 x 3840 x 3840
Process grid      : 1 x 2
Frags per rank    : 8
Total fragments   : 16
Repeats           : 1
Threshold used    : 122.6737
--- Timing (worst rank) ---
Baseline   min/med/max : 15.3109 / 15.9470 / 16.4787  ms
Baseline   GFLOPS (med): 7101.4315  (min 6872.2668, max 7396.4450)
Protected  min/med/max : 15.3109 / 15.9470 / 16.4787  ms
Protected  GFLOPS (med): 7101.4315  (min 6872.2668, max 7396.4450)
Overhead (median)      : 0.0000 %
--- Confusion Matrix (global) ---
TP / TN / FP / FN     : 0 / 320 / 0 / 0
Recall                : 0.0000
Detection precision   : 0.0000
Correction precision  : 0.0000 %
==================================================

--- sq 3840^3 F=16 ---
=== ABFT GEMM (cuBLAS, online pipelined) ===
Mode           : baseline  (inject=none)
M x K x N      : 3840 x 3840 x 3840
Process grid   : 1 x 2  (world=2)
Frags per rank : 16
Repeats        : 1
Samples        : 20
Threshold      : (per-fragment, formula)
GPUs visible   : 2


========== EXPERIMENT METRICS (global) ==========
Mode              : BASELINE
M x K x N         : 3840 x 3840 x 3840
Process grid      : 1 x 2
Frags per rank    : 16
Total fragments   : 32
Repeats           : 1
Threshold used    : 64.4129
--- Timing (worst rank) ---
Baseline   min/med/max : 13.2979 / 13.7306 / 14.6896  ms
Baseline   GFLOPS (med): 8247.7198  (min 7709.2737, max 8516.1099)
Protected  min/med/max : 13.2979 / 13.7306 / 14.6896  ms
Protected  GFLOPS (med): 8247.7198  (min 7709.2737, max 8516.1099)
Overhead (median)      : 0.0000 %
--- Confusion Matrix (global) ---
TP / TN / FP / FN     : 0 / 640 / 0 / 0
Recall                : 0.0000
Detection precision   : 0.0000
Correction precision  : 0.0000 %
==================================================

--- sq 3840^3 F=32 ---
=== ABFT GEMM (cuBLAS, online pipelined) ===
Mode           : baseline  (inject=none)
M x K x N      : 3840 x 3840 x 3840
Process grid   : 1 x 2  (world=2)
Frags per rank : 32
Repeats        : 1
Samples        : 20
Threshold      : (per-fragment, formula)
GPUs visible   : 2


========== EXPERIMENT METRICS (global) ==========
Mode              : BASELINE
M x K x N         : 3840 x 3840 x 3840
Process grid      : 1 x 2
Frags per rank    : 32
Total fragments   : 64
Repeats           : 1
Threshold used    : 34.1981
--- Timing (worst rank) ---
Baseline   min/med/max : 15.6242 / 16.5497 / 17.3981  ms
Baseline   GFLOPS (med): 6842.7894  (min 6509.0967, max 7248.1103)
Protected  min/med/max : 15.6242 / 16.5497 / 17.3981  ms
Protected  GFLOPS (med): 6842.7894  (min 6509.0967, max 7248.1103)
Overhead (median)      : 0.0000 %
--- Confusion Matrix (global) ---
TP / TN / FP / FN     : 0 / 1280 / 0 / 0
Recall                : 0.0000
Detection precision   : 0.0000
Correction precision  : 0.0000 %
==================================================

--- sq 4096^3 F=1 ---
=== ABFT GEMM (cuBLAS, online pipelined) ===
Mode           : baseline  (inject=none)
M x K x N      : 4096 x 4096 x 4096
Process grid   : 1 x 2  (world=2)
Frags per rank : 1
Repeats        : 1
Samples        : 20
Threshold      : (per-fragment, formula)
GPUs visible   : 2


========== EXPERIMENT METRICS (global) ==========
Mode              : BASELINE
M x K x N         : 4096 x 4096 x 4096
Process grid      : 1 x 2
Frags per rank    : 1
Total fragments   : 2
Repeats           : 1
Threshold used    : 1100.3763
--- Timing (worst rank) ---
Baseline   min/med/max : 12.6480 / 13.0030 / 13.9334  ms
Baseline   GFLOPS (med): 10569.8173  (min 9863.9600, max 10866.4677)
Protected  min/med/max : 12.6480 / 13.0030 / 13.9334  ms
Protected  GFLOPS (med): 10569.8173  (min 9863.9600, max 10866.4677)
Overhead (median)      : 0.0000 %
--- Confusion Matrix (global) ---
TP / TN / FP / FN     : 0 / 40 / 0 / 0
Recall                : 0.0000
Detection precision   : 0.0000
Correction precision  : 0.0000 %
==================================================

--- sq 4096^3 F=2 ---
=== ABFT GEMM (cuBLAS, online pipelined) ===
Mode           : baseline  (inject=none)
M x K x N      : 4096 x 4096 x 4096
Process grid   : 1 x 2  (world=2)
Frags per rank : 2
Repeats        : 1
Samples        : 20
Threshold      : (per-fragment, formula)
GPUs visible   : 2


========== EXPERIMENT METRICS (global) ==========
Mode              : BASELINE
M x K x N         : 4096 x 4096 x 4096
Process grid      : 1 x 2
Frags per rank    : 2
Total fragments   : 4
Repeats           : 1
Threshold used    : 558.2820
--- Timing (worst rank) ---
Baseline   min/med/max : 13.4853 / 13.5292 / 14.4270  ms
Baseline   GFLOPS (med): 10158.6806  (min 9526.4977, max 10191.7866)
Protected  min/med/max : 13.4853 / 13.5292 / 14.4270  ms
Protected  GFLOPS (med): 10158.6806  (min 9526.4977, max 10191.7866)
Overhead (median)      : 0.0000 %
--- Confusion Matrix (global) ---
TP / TN / FP / FN     : 0 / 80 / 0 / 0
Recall                : 0.0000
Detection precision   : 0.0000
Correction precision  : 0.0000 %
==================================================

--- sq 4096^3 F=4 ---
=== ABFT GEMM (cuBLAS, online pipelined) ===
Mode           : baseline  (inject=none)
M x K x N      : 4096 x 4096 x 4096
Process grid   : 1 x 2  (world=2)
Frags per rank : 4
Repeats        : 1
Samples        : 20
Threshold      : (per-fragment, formula)
GPUs visible   : 2


========== EXPERIMENT METRICS (global) ==========
Mode              : BASELINE
M x K x N         : 4096 x 4096 x 4096
Process grid      : 1 x 2
Frags per rank    : 4
Total fragments   : 8
Repeats           : 1
Threshold used    : 290.0242
--- Timing (worst rank) ---
Baseline   min/med/max : 13.4097 / 13.5339 / 14.2693  ms
Baseline   GFLOPS (med): 10155.1445  (min 9631.7606, max 10249.1924)
Protected  min/med/max : 13.4097 / 13.5339 / 14.2693  ms
Protected  GFLOPS (med): 10155.1445  (min 9631.7606, max 10249.1924)
Overhead (median)      : 0.0000 %
--- Confusion Matrix (global) ---
TP / TN / FP / FN     : 0 / 160 / 0 / 0
Recall                : 0.0000
Detection precision   : 0.0000
Correction precision  : 0.0000 %
==================================================

--- sq 4096^3 F=8 ---
=== ABFT GEMM (cuBLAS, online pipelined) ===
Mode           : baseline  (inject=none)
M x K x N      : 4096 x 4096 x 4096
Process grid   : 1 x 2  (world=2)
Frags per rank : 8
Repeats        : 1
Samples        : 20
Threshold      : (per-fragment, formula)
GPUs visible   : 2


========== EXPERIMENT METRICS (global) ==========
Mode              : BASELINE
M x K x N         : 4096 x 4096 x 4096
Process grid      : 1 x 2
Frags per rank    : 8
Total fragments   : 16
Repeats           : 1
Threshold used    : 149.4985
--- Timing (worst rank) ---
Baseline   min/med/max : 16.8903 / 17.7299 / 18.9155  ms
Baseline   GFLOPS (med): 7751.8142  (min 7265.9469, max 8137.1351)
Protected  min/med/max : 16.8903 / 17.7299 / 18.9155  ms
Protected  GFLOPS (med): 7751.8142  (min 7265.9469, max 8137.1351)
Overhead (median)      : 0.0000 %
--- Confusion Matrix (global) ---
TP / TN / FP / FN     : 0 / 320 / 0 / 0
Recall                : 0.0000
Detection precision   : 0.0000
Correction precision  : 0.0000 %
==================================================

--- sq 4096^3 F=16 ---
=== ABFT GEMM (cuBLAS, online pipelined) ===
Mode           : baseline  (inject=none)
M x K x N      : 4096 x 4096 x 4096
Process grid   : 1 x 2  (world=2)
Frags per rank : 16
Repeats        : 1
Samples        : 20
Threshold      : (per-fragment, formula)
GPUs visible   : 2


========== EXPERIMENT METRICS (global) ==========
Mode              : BASELINE
M x K x N         : 4096 x 4096 x 4096
Process grid      : 1 x 2
Frags per rank    : 16
Total fragments   : 32
Repeats           : 1
Threshold used    : 79.2043
--- Timing (worst rank) ---
Baseline   min/med/max : 15.7633 / 16.4136 / 17.7139  ms
Baseline   GFLOPS (med): 8373.4954  (min 7758.8226, max 8718.9190)
Protected  min/med/max : 15.7633 / 16.4136 / 17.7139  ms
Protected  GFLOPS (med): 8373.4954  (min 7758.8226, max 8718.9190)
Overhead (median)      : 0.0000 %
--- Confusion Matrix (global) ---
TP / TN / FP / FN     : 0 / 640 / 0 / 0
Recall                : 0.0000
Detection precision   : 0.0000
Correction precision  : 0.0000 %
==================================================

--- sq 4096^3 F=32 ---
=== ABFT GEMM (cuBLAS, online pipelined) ===
Mode           : baseline  (inject=none)
M x K x N      : 4096 x 4096 x 4096
Process grid   : 1 x 2  (world=2)
Frags per rank : 32
Repeats        : 1
Samples        : 20
Threshold      : (per-fragment, formula)
GPUs visible   : 2


========== EXPERIMENT METRICS (global) ==========
Mode              : BASELINE
M x K x N         : 4096 x 4096 x 4096
Process grid      : 1 x 2
Frags per rank    : 32
Total fragments   : 64
Repeats           : 1
Threshold used    : 40.7519
--- Timing (worst rank) ---
Baseline   min/med/max : 16.7917 / 17.4217 / 18.2935  ms
Baseline   GFLOPS (med): 7888.9456  (min 7513.0058, max 8184.9504)
Protected  min/med/max : 16.7917 / 17.4217 / 18.2935  ms
Protected  GFLOPS (med): 7888.9456  (min 7513.0058, max 8184.9504)
Overhead (median)      : 0.0000 %
--- Confusion Matrix (global) ---
TP / TN / FP / FN     : 0 / 1280 / 0 / 0
Recall                : 0.0000
Detection precision   : 0.0000
Correction precision  : 0.0000 %
==================================================

--- sq 4352^3 F=1 ---
=== ABFT GEMM (cuBLAS, online pipelined) ===
Mode           : baseline  (inject=none)
M x K x N      : 4352 x 4352 x 4352
Process grid   : 1 x 2  (world=2)
Frags per rank : 1
Repeats        : 1
Samples        : 20
Threshold      : (per-fragment, formula)
GPUs visible   : 2


========== EXPERIMENT METRICS (global) ==========
Mode              : BASELINE
M x K x N         : 4352 x 4352 x 4352
Process grid      : 1 x 2
Frags per rank    : 1
Total fragments   : 2
Repeats           : 1
Threshold used    : 1321.8373
--- Timing (worst rank) ---
Baseline   min/med/max : 15.3467 / 15.3929 / 16.9390  ms
Baseline   GFLOPS (med): 10709.6694  (min 9732.1458, max 10741.8813)
Protected  min/med/max : 15.3467 / 15.3929 / 16.9390  ms
Protected  GFLOPS (med): 10709.6694  (min 9732.1458, max 10741.8813)
Overhead (median)      : 0.0000 %
--- Confusion Matrix (global) ---
TP / TN / FP / FN     : 0 / 40 / 0 / 0
Recall                : 0.0000
Detection precision   : 0.0000
Correction precision  : 0.0000 %
==================================================

--- sq 4352^3 F=2 ---
=== ABFT GEMM (cuBLAS, online pipelined) ===
Mode           : baseline  (inject=none)
M x K x N      : 4352 x 4352 x 4352
Process grid   : 1 x 2  (world=2)
Frags per rank : 2
Repeats        : 1
Samples        : 20
Threshold      : (per-fragment, formula)
GPUs visible   : 2


========== EXPERIMENT METRICS (global) ==========
Mode              : BASELINE
M x K x N         : 4352 x 4352 x 4352
Process grid      : 1 x 2
Frags per rank    : 2
Total fragments   : 4
Repeats           : 1
Threshold used    : 676.7340
--- Timing (worst rank) ---
Baseline   min/med/max : 16.7650 / 17.1352 / 17.8183  ms
Baseline   GFLOPS (med): 9620.7049  (min 9251.8641, max 9833.1340)
Protected  min/med/max : 16.7650 / 17.1352 / 17.8183  ms
Protected  GFLOPS (med): 9620.7049  (min 9251.8641, max 9833.1340)
Overhead (median)      : 0.0000 %
--- Confusion Matrix (global) ---
TP / TN / FP / FN     : 0 / 80 / 0 / 0
Recall                : 0.0000
Detection precision   : 0.0000
Correction precision  : 0.0000 %
==================================================

--- sq 4352^3 F=4 ---
=== ABFT GEMM (cuBLAS, online pipelined) ===
Mode           : baseline  (inject=none)
M x K x N      : 4352 x 4352 x 4352
Process grid   : 1 x 2  (world=2)
Frags per rank : 4
Repeats        : 1
Samples        : 20
Threshold      : (per-fragment, formula)
GPUs visible   : 2


========== EXPERIMENT METRICS (global) ==========
Mode              : BASELINE
M x K x N         : 4352 x 4352 x 4352
Process grid      : 1 x 2
Frags per rank    : 4
Total fragments   : 8
Repeats           : 1
Threshold used    : 346.0099
--- Timing (worst rank) ---
Baseline   min/med/max : 18.9777 / 19.6578 / 20.6465  ms
Baseline   GFLOPS (med): 8386.1470  (min 7984.5640, max 8686.6701)
Protected  min/med/max : 18.9777 / 19.6578 / 20.6465  ms
Protected  GFLOPS (med): 8386.1470  (min 7984.5640, max 8686.6701)
Overhead (median)      : 0.0000 %
--- Confusion Matrix (global) ---
TP / TN / FP / FN     : 0 / 160 / 0 / 0
Recall                : 0.0000
Detection precision   : 0.0000
Correction precision  : 0.0000 %
==================================================

--- sq 4352^3 F=8 ---
=== ABFT GEMM (cuBLAS, online pipelined) ===
Mode           : baseline  (inject=none)
M x K x N      : 4352 x 4352 x 4352
Process grid   : 1 x 2  (world=2)
Frags per rank : 8
Repeats        : 1
Samples        : 20
Threshold      : (per-fragment, formula)
GPUs visible   : 2


========== EXPERIMENT METRICS (global) ==========
Mode              : BASELINE
M x K x N         : 4352 x 4352 x 4352
Process grid      : 1 x 2
Frags per rank    : 8
Total fragments   : 16
Repeats           : 1
Threshold used    : 180.0083
--- Timing (worst rank) ---
Baseline   min/med/max : 25.6947 / 26.2556 / 27.4823  ms
Baseline   GFLOPS (med): 6278.7777  (min 5998.5039, max 6415.8398)
Protected  min/med/max : 25.6947 / 26.2556 / 27.4823  ms
Protected  GFLOPS (med): 6278.7777  (min 5998.5039, max 6415.8398)
Overhead (median)      : 0.0000 %
--- Confusion Matrix (global) ---
TP / TN / FP / FN     : 0 / 320 / 0 / 0
Recall                : 0.0000
Detection precision   : 0.0000
Correction precision  : 0.0000 %
==================================================

--- sq 4352^3 F=16 ---
=== ABFT GEMM (cuBLAS, online pipelined) ===
Mode           : baseline  (inject=none)
M x K x N      : 4352 x 4352 x 4352
Process grid   : 1 x 2  (world=2)
Frags per rank : 16
Repeats        : 1
Samples        : 20
Threshold      : (per-fragment, formula)
GPUs visible   : 2


========== EXPERIMENT METRICS (global) ==========
Mode              : BASELINE
M x K x N         : 4352 x 4352 x 4352
Process grid      : 1 x 2
Frags per rank    : 16
Total fragments   : 32
Repeats           : 1
Threshold used    : 93.2988
--- Timing (worst rank) ---
Baseline   min/med/max : 37.8492 / 37.9217 / 38.0858  ms
Baseline   GFLOPS (med): 4347.1873  (min 4328.4612, max 4355.5155)
Protected  min/med/max : 37.8492 / 37.9217 / 38.0858  ms
Protected  GFLOPS (med): 4347.1873  (min 4328.4612, max 4355.5155)
Overhead (median)      : 0.0000 %
--- Confusion Matrix (global) ---
TP / TN / FP / FN     : 0 / 640 / 0 / 0
Recall                : 0.0000
Detection precision   : 0.0000
Correction precision  : 0.0000 %
==================================================

--- sq 4352^3 F=32 ---
=== ABFT GEMM (cuBLAS, online pipelined) ===
Mode           : baseline  (inject=none)
M x K x N      : 4352 x 4352 x 4352
Process grid   : 1 x 2  (world=2)
Frags per rank : 32
Repeats        : 1
Samples        : 20
Threshold      : (per-fragment, formula)
GPUs visible   : 2


========== EXPERIMENT METRICS (global) ==========
Mode              : BASELINE
M x K x N         : 4352 x 4352 x 4352
Process grid      : 1 x 2
Frags per rank    : 32
Total fragments   : 64
Repeats           : 1
Threshold used    : 49.2820
--- Timing (worst rank) ---
Baseline   min/med/max : 25.7628 / 28.3062 / 28.8434  ms
Baseline   GFLOPS (med): 5823.9055  (min 5715.4538, max 6398.8758)
Protected  min/med/max : 25.7628 / 28.3062 / 28.8434  ms
Protected  GFLOPS (med): 5823.9055  (min 5715.4538, max 6398.8758)
Overhead (median)      : 0.0000 %
--- Confusion Matrix (global) ---
TP / TN / FP / FN     : 0 / 1280 / 0 / 0
Recall                : 0.0000
Detection precision   : 0.0000
Correction precision  : 0.0000 %
==================================================

--- sq 4608^3 F=1 ---
=== ABFT GEMM (cuBLAS, online pipelined) ===
Mode           : baseline  (inject=none)
M x K x N      : 4608 x 4608 x 4608
Process grid   : 1 x 2  (world=2)
Frags per rank : 1
Repeats        : 1
Samples        : 20
Threshold      : (per-fragment, formula)
GPUs visible   : 2


========== EXPERIMENT METRICS (global) ==========
Mode              : BASELINE
M x K x N         : 4608 x 4608 x 4608
Process grid      : 1 x 2
Frags per rank    : 1
Total fragments   : 2
Repeats           : 1
Threshold used    : 1570.0468
--- Timing (worst rank) ---
Baseline   min/med/max : 18.2458 / 18.9281 / 20.8325  ms
Baseline   GFLOPS (med): 10338.5761  (min 9393.4521, max 10725.1607)
Protected  min/med/max : 18.2458 / 18.9281 / 20.8325  ms
Protected  GFLOPS (med): 10338.5761  (min 9393.4521, max 10725.1607)
Overhead (median)      : 0.0000 %
--- Confusion Matrix (global) ---
TP / TN / FP / FN     : 0 / 40 / 0 / 0
Recall                : 0.0000
Detection precision   : 0.0000
Correction precision  : 0.0000 %
==================================================

--- sq 4608^3 F=2 ---
=== ABFT GEMM (cuBLAS, online pipelined) ===
Mode           : baseline  (inject=none)
M x K x N      : 4608 x 4608 x 4608
Process grid   : 1 x 2  (world=2)
Frags per rank : 2
Repeats        : 1
Samples        : 20
Threshold      : (per-fragment, formula)
GPUs visible   : 2


========== EXPERIMENT METRICS (global) ==========
Mode              : BASELINE
M x K x N         : 4608 x 4608 x 4608
Process grid      : 1 x 2
Frags per rank    : 2
Total fragments   : 4
Repeats           : 1
Threshold used    : 799.4161
--- Timing (worst rank) ---
Baseline   min/med/max : 18.1335 / 18.9119 / 19.8633  ms
Baseline   GFLOPS (med): 10347.4251  (min 9851.8164, max 10791.5929)
Protected  min/med/max : 18.1335 / 18.9119 / 19.8633  ms
Protected  GFLOPS (med): 10347.4251  (min 9851.8164, max 10791.5929)
Overhead (median)      : 0.0000 %
--- Confusion Matrix (global) ---
TP / TN / FP / FN     : 0 / 80 / 0 / 0
Recall                : 0.0000
Detection precision   : 0.0000
Correction precision  : 0.0000 %
==================================================

--- sq 4608^3 F=4 ---
=== ABFT GEMM (cuBLAS, online pipelined) ===
Mode           : baseline  (inject=none)
M x K x N      : 4608 x 4608 x 4608
Process grid   : 1 x 2  (world=2)
Frags per rank : 4
Repeats        : 1
Samples        : 20
Threshold      : (per-fragment, formula)
GPUs visible   : 2


========== EXPERIMENT METRICS (global) ==========
Mode              : BASELINE
M x K x N         : 4608 x 4608 x 4608
Process grid      : 1 x 2
Frags per rank    : 4
Total fragments   : 8
Repeats           : 1
Threshold used    : 408.9687
--- Timing (worst rank) ---
Baseline   min/med/max : 20.4947 / 21.1327 / 22.2699  ms
Baseline   GFLOPS (med): 9260.0139  (min 8787.1908, max 9548.2878)
Protected  min/med/max : 20.4947 / 21.1327 / 22.2699  ms
Protected  GFLOPS (med): 9260.0139  (min 8787.1908, max 9548.2878)
Overhead (median)      : 0.0000 %
--- Confusion Matrix (global) ---
TP / TN / FP / FN     : 0 / 160 / 0 / 0
Recall                : 0.0000
Detection precision   : 0.0000
Correction precision  : 0.0000 %
==================================================

--- sq 4608^3 F=8 ---
=== ABFT GEMM (cuBLAS, online pipelined) ===
Mode           : baseline  (inject=none)
M x K x N      : 4608 x 4608 x 4608
Process grid   : 1 x 2  (world=2)
Frags per rank : 8
Repeats        : 1
Samples        : 20
Threshold      : (per-fragment, formula)
GPUs visible   : 2


========== EXPERIMENT METRICS (global) ==========
Mode              : BASELINE
M x K x N         : 4608 x 4608 x 4608
Process grid      : 1 x 2
Frags per rank    : 8
Total fragments   : 16
Repeats           : 1
Threshold used    : 210.8143
--- Timing (worst rank) ---
Baseline   min/med/max : 27.6792 / 28.7706 / 31.4833  ms
Baseline   GFLOPS (med): 6801.7218  (min 6215.6561, max 7069.9009)
Protected  min/med/max : 27.6792 / 28.7706 / 31.4833  ms
Protected  GFLOPS (med): 6801.7218  (min 6215.6561, max 7069.9009)
Overhead (median)      : 0.0000 %
--- Confusion Matrix (global) ---
TP / TN / FP / FN     : 0 / 320 / 0 / 0
Recall                : 0.0000
Detection precision   : 0.0000
Correction precision  : 0.0000 %
==================================================

--- sq 4608^3 F=16 ---
=== ABFT GEMM (cuBLAS, online pipelined) ===
Mode           : baseline  (inject=none)
M x K x N      : 4608 x 4608 x 4608
Process grid   : 1 x 2  (world=2)
Frags per rank : 16
Repeats        : 1
Samples        : 20
Threshold      : (per-fragment, formula)
GPUs visible   : 2


========== EXPERIMENT METRICS (global) ==========
Mode              : BASELINE
M x K x N         : 4608 x 4608 x 4608
Process grid      : 1 x 2
Frags per rank    : 16
Total fragments   : 32
Repeats           : 1
Threshold used    : 114.8673
--- Timing (worst rank) ---
Baseline   min/med/max : 40.2344 / 40.3794 / 40.9645  ms
Baseline   GFLOPS (med): 4846.2670  (min 4777.0462, max 4863.7370)
Protected  min/med/max : 40.2344 / 40.3794 / 40.9645  ms
Protected  GFLOPS (med): 4846.2670  (min 4777.0462, max 4863.7370)
Overhead (median)      : 0.0000 %
--- Confusion Matrix (global) ---
TP / TN / FP / FN     : 0 / 640 / 0 / 0
Recall                : 0.0000
Detection precision   : 0.0000
Correction precision  : 0.0000 %
==================================================

--- sq 4608^3 F=32 ---
=== ABFT GEMM (cuBLAS, online pipelined) ===
Mode           : baseline  (inject=none)
M x K x N      : 4608 x 4608 x 4608
Process grid   : 1 x 2  (world=2)
Frags per rank : 32
Repeats        : 1
Samples        : 20
Threshold      : (per-fragment, formula)
GPUs visible   : 2


========== EXPERIMENT METRICS (global) ==========
Mode              : BASELINE
M x K x N         : 4608 x 4608 x 4608
Process grid      : 1 x 2
Frags per rank    : 32
Total fragments   : 64
Repeats           : 1
Threshold used    : 56.4489
--- Timing (worst rank) ---
Baseline   min/med/max : 27.5503 / 31.1745 / 31.8227  ms
Baseline   GFLOPS (med): 6277.2279  (min 6149.3720, max 7102.9943)
Protected  min/med/max : 27.5503 / 31.1745 / 31.8227  ms
Protected  GFLOPS (med): 6277.2279  (min 6149.3720, max 7102.9943)
Overhead (median)      : 0.0000 %
--- Confusion Matrix (global) ---
TP / TN / FP / FN     : 0 / 1280 / 0 / 0
Recall                : 0.0000
Detection precision   : 0.0000
Correction precision  : 0.0000 %
==================================================

--- sq 4864^3 F=1 ---
=== ABFT GEMM (cuBLAS, online pipelined) ===
Mode           : baseline  (inject=none)
M x K x N      : 4864 x 4864 x 4864
Process grid   : 1 x 2  (world=2)
Frags per rank : 1
Repeats        : 1
Samples        : 20
Threshold      : (per-fragment, formula)
GPUs visible   : 2


========== EXPERIMENT METRICS (global) ==========
Mode              : BASELINE
M x K x N         : 4864 x 4864 x 4864
Process grid      : 1 x 2
Frags per rank    : 1
Total fragments   : 2
Repeats           : 1
Threshold used    : 1835.1950
--- Timing (worst rank) ---
Baseline   min/med/max : 21.5586 / 22.8024 / 24.2710  ms
Baseline   GFLOPS (med): 10093.2163  (min 9482.5022, max 10675.5278)
Protected  min/med/max : 21.5586 / 22.8024 / 24.2710  ms
Protected  GFLOPS (med): 10093.2163  (min 9482.5022, max 10675.5278)
Overhead (median)      : 0.0000 %
--- Confusion Matrix (global) ---
TP / TN / FP / FN     : 0 / 40 / 0 / 0
Recall                : 0.0000
Detection precision   : 0.0000
Correction precision  : 0.0000 %
==================================================

--- sq 4864^3 F=2 ---
=== ABFT GEMM (cuBLAS, online pipelined) ===
Mode           : baseline  (inject=none)
M x K x N      : 4864 x 4864 x 4864
Process grid   : 1 x 2  (world=2)
Frags per rank : 2
Repeats        : 1
Samples        : 20
Threshold      : (per-fragment, formula)
GPUs visible   : 2


========== EXPERIMENT METRICS (global) ==========
Mode              : BASELINE
M x K x N         : 4864 x 4864 x 4864
Process grid      : 1 x 2
Frags per rank    : 2
Total fragments   : 4
Repeats           : 1
Threshold used    : 931.4194
--- Timing (worst rank) ---
Baseline   min/med/max : 22.9370 / 24.2850 / 24.9837  ms
Baseline   GFLOPS (med): 9477.0212  (min 9212.0127, max 10033.9974)
Protected  min/med/max : 22.9370 / 24.2850 / 24.9837  ms
Protected  GFLOPS (med): 9477.0212  (min 9212.0127, max 10033.9974)
Overhead (median)      : 0.0000 %
--- Confusion Matrix (global) ---
TP / TN / FP / FN     : 0 / 80 / 0 / 0
Recall                : 0.0000
Detection precision   : 0.0000
Correction precision  : 0.0000 %
==================================================

--- sq 4864^3 F=4 ---
=== ABFT GEMM (cuBLAS, online pipelined) ===
Mode           : baseline  (inject=none)
M x K x N      : 4864 x 4864 x 4864
Process grid   : 1 x 2  (world=2)
Frags per rank : 4
Repeats        : 1
Samples        : 20
Threshold      : (per-fragment, formula)
GPUs visible   : 2


========== EXPERIMENT METRICS (global) ==========
Mode              : BASELINE
M x K x N         : 4864 x 4864 x 4864
Process grid      : 1 x 2
Frags per rank    : 4
Total fragments   : 8
Repeats           : 1
Threshold used    : 477.5909
--- Timing (worst rank) ---
Baseline   min/med/max : 22.4316 / 24.0407 / 25.0049  ms
Baseline   GFLOPS (med): 9573.3502  (min 9204.1951, max 10260.0614)
Protected  min/med/max : 22.4316 / 24.0407 / 25.0049  ms
Protected  GFLOPS (med): 9573.3502  (min 9204.1951, max 10260.0614)
Overhead (median)      : 0.0000 %
--- Confusion Matrix (global) ---
TP / TN / FP / FN     : 0 / 160 / 0 / 0
Recall                : 0.0000
Detection precision   : 0.0000
Correction precision  : 0.0000 %
==================================================

--- sq 4864^3 F=8 ---
=== ABFT GEMM (cuBLAS, online pipelined) ===
Mode           : baseline  (inject=none)
M x K x N      : 4864 x 4864 x 4864
Process grid   : 1 x 2  (world=2)
Frags per rank : 8
Repeats        : 1
Samples        : 20
Threshold      : (per-fragment, formula)
GPUs visible   : 2


========== EXPERIMENT METRICS (global) ==========
Mode              : BASELINE
M x K x N         : 4864 x 4864 x 4864
Process grid      : 1 x 2
Frags per rank    : 8
Total fragments   : 16
Repeats           : 1
Threshold used    : 248.0496
--- Timing (worst rank) ---
Baseline   min/med/max : 31.7123 / 31.9690 / 34.0635  ms
Baseline   GFLOPS (med): 7199.1502  (min 6756.4935, max 7257.4273)
Protected  min/med/max : 31.7123 / 31.9690 / 34.0635  ms
Protected  GFLOPS (med): 7199.1502  (min 6756.4935, max 7257.4273)
Overhead (median)      : 0.0000 %
--- Confusion Matrix (global) ---
TP / TN / FP / FN     : 0 / 320 / 0 / 0
Recall                : 0.0000
Detection precision   : 0.0000
Correction precision  : 0.0000 %
==================================================

--- sq 4864^3 F=16 ---
=== ABFT GEMM (cuBLAS, online pipelined) ===
Mode           : baseline  (inject=none)
M x K x N      : 4864 x 4864 x 4864
Process grid   : 1 x 2  (world=2)
Frags per rank : 16
Repeats        : 1
Samples        : 20
Threshold      : (per-fragment, formula)
GPUs visible   : 2


========== EXPERIMENT METRICS (global) ==========
Mode              : BASELINE
M x K x N         : 4864 x 4864 x 4864
Process grid      : 1 x 2
Frags per rank    : 16
Total fragments   : 32
Repeats           : 1
Threshold used    : 133.8437
--- Timing (worst rank) ---
Baseline   min/med/max : 42.7352 / 42.9732 / 43.5307  ms
Baseline   GFLOPS (med): 5355.6573  (min 5287.0756, max 5385.4806)
Protected  min/med/max : 42.7352 / 42.9732 / 43.5307  ms
Protected  GFLOPS (med): 5355.6573  (min 5287.0756, max 5385.4806)
Overhead (median)      : 0.0000 %
--- Confusion Matrix (global) ---
TP / TN / FP / FN     : 0 / 640 / 0 / 0
Recall                : 0.0000
Detection precision   : 0.0000
Correction precision  : 0.0000 %
==================================================

--- sq 4864^3 F=32 ---
=== ABFT GEMM (cuBLAS, online pipelined) ===
Mode           : baseline  (inject=none)
M x K x N      : 4864 x 4864 x 4864
Process grid   : 1 x 2  (world=2)
Frags per rank : 32
Repeats        : 1
Samples        : 20
Threshold      : (per-fragment, formula)
GPUs visible   : 2


========== EXPERIMENT METRICS (global) ==========
Mode              : BASELINE
M x K x N         : 4864 x 4864 x 4864
Process grid      : 1 x 2
Frags per rank    : 32
Total fragments   : 64
Repeats           : 1
Threshold used    : 69.1824
--- Timing (worst rank) ---
Baseline   min/med/max : 33.2039 / 36.7787 / 37.2161  ms
Baseline   GFLOPS (med): 6257.6994  (min 6184.1527, max 6931.4141)
Protected  min/med/max : 33.2039 / 36.7787 / 37.2161  ms
Protected  GFLOPS (med): 6257.6994  (min 6184.1527, max 6931.4141)
Overhead (median)      : 0.0000 %
--- Confusion Matrix (global) ---
TP / TN / FP / FN     : 0 / 1280 / 0 / 0
Recall                : 0.0000
Detection precision   : 0.0000
Correction precision  : 0.0000 %
==================================================

--- sq 5120^3 F=1 ---
=== ABFT GEMM (cuBLAS, online pipelined) ===
Mode           : baseline  (inject=none)
M x K x N      : 5120 x 5120 x 5120
Process grid   : 1 x 2  (world=2)
Frags per rank : 1
Repeats        : 1
Samples        : 20
Threshold      : (per-fragment, formula)
GPUs visible   : 2


========== EXPERIMENT METRICS (global) ==========
Mode              : BASELINE
M x K x N         : 5120 x 5120 x 5120
Process grid      : 1 x 2
Frags per rank    : 1
Total fragments   : 2
Repeats           : 1
Threshold used    : 2151.0616
--- Timing (worst rank) ---
Baseline   min/med/max : 25.5594 / 27.0773 / 28.0226  ms
Baseline   GFLOPS (med): 9913.6828  (min 9579.2399, max 10502.4145)
Protected  min/med/max : 25.5594 / 27.0773 / 28.0226  ms
Protected  GFLOPS (med): 9913.6828  (min 9579.2399, max 10502.4145)
Overhead (median)      : 0.0000 %
--- Confusion Matrix (global) ---
TP / TN / FP / FN     : 0 / 40 / 0 / 0
Recall                : 0.0000
Detection precision   : 0.0000
Correction precision  : 0.0000 %
==================================================

--- sq 5120^3 F=2 ---
=== ABFT GEMM (cuBLAS, online pipelined) ===
Mode           : baseline  (inject=none)
M x K x N      : 5120 x 5120 x 5120
Process grid   : 1 x 2  (world=2)
Frags per rank : 2
Repeats        : 1
Samples        : 20
Threshold      : (per-fragment, formula)
GPUs visible   : 2


========== EXPERIMENT METRICS (global) ==========
Mode              : BASELINE
M x K x N         : 5120 x 5120 x 5120
Process grid      : 1 x 2
Frags per rank    : 2
Total fragments   : 4
Repeats           : 1
Threshold used    : 1091.9280
--- Timing (worst rank) ---
Baseline   min/med/max : 25.6882 / 27.2963 / 28.3060  ms
Baseline   GFLOPS (med): 9834.1493  (min 9483.3281, max 10449.7679)
Protected  min/med/max : 25.6882 / 27.2963 / 28.3060  ms
Protected  GFLOPS (med): 9834.1493  (min 9483.3281, max 10449.7679)
Overhead (median)      : 0.0000 %
--- Confusion Matrix (global) ---
TP / TN / FP / FN     : 0 / 80 / 0 / 0
Recall                : 0.0000
Detection precision   : 0.0000
Correction precision  : 0.0000 %
==================================================

--- sq 5120^3 F=4 ---
=== ABFT GEMM (cuBLAS, online pipelined) ===
Mode           : baseline  (inject=none)
M x K x N      : 5120 x 5120 x 5120
Process grid   : 1 x 2  (world=2)
Frags per rank : 4
Repeats        : 1
Samples        : 20
Threshold      : (per-fragment, formula)
GPUs visible   : 2


========== EXPERIMENT METRICS (global) ==========
Mode              : BASELINE
M x K x N         : 5120 x 5120 x 5120
Process grid      : 1 x 2
Frags per rank    : 4
Total fragments   : 8
Repeats           : 1
Threshold used    : 558.4053
--- Timing (worst rank) ---
Baseline   min/med/max : 27.4932 / 28.8838 / 30.0647  ms
Baseline   GFLOPS (med): 9293.6243  (min 8928.6041, max 9763.7178)
Protected  min/med/max : 27.4932 / 28.8838 / 30.0647  ms
Protected  GFLOPS (med): 9293.6243  (min 8928.6041, max 9763.7178)
Overhead (median)      : 0.0000 %
--- Confusion Matrix (global) ---
TP / TN / FP / FN     : 0 / 160 / 0 / 0
Recall                : 0.0000
Detection precision   : 0.0000
Correction precision  : 0.0000 %
==================================================

--- sq 5120^3 F=8 ---
=== ABFT GEMM (cuBLAS, online pipelined) ===
Mode           : baseline  (inject=none)
M x K x N      : 5120 x 5120 x 5120
Process grid   : 1 x 2  (world=2)
Frags per rank : 8
Repeats        : 1
Samples        : 20
Threshold      : (per-fragment, formula)
GPUs visible   : 2


========== EXPERIMENT METRICS (global) ==========
Mode              : BASELINE
M x K x N         : 5120 x 5120 x 5120
Process grid      : 1 x 2
Frags per rank    : 8
Total fragments   : 16
Repeats           : 1
Threshold used    : 287.5000
--- Timing (worst rank) ---
Baseline   min/med/max : 33.7571 / 34.6332 / 36.1139  ms
Baseline   GFLOPS (med): 7750.8045  (min 7433.0199, max 7951.9752)
Protected  min/med/max : 33.7571 / 34.6332 / 36.1139  ms
Protected  GFLOPS (med): 7750.8045  (min 7433.0199, max 7951.9752)
Overhead (median)      : 0.0000 %
--- Confusion Matrix (global) ---
TP / TN / FP / FN     : 0 / 320 / 0 / 0
Recall                : 0.0000
Detection precision   : 0.0000
Correction precision  : 0.0000 %
==================================================

--- sq 5120^3 F=16 ---
=== ABFT GEMM (cuBLAS, online pipelined) ===
Mode           : baseline  (inject=none)
M x K x N      : 5120 x 5120 x 5120
Process grid   : 1 x 2  (world=2)
Frags per rank : 16
Repeats        : 1
Samples        : 20
Threshold      : (per-fragment, formula)
GPUs visible   : 2


========== EXPERIMENT METRICS (global) ==========
Mode              : BASELINE
M x K x N         : 5120 x 5120 x 5120
Process grid      : 1 x 2
Frags per rank    : 16
Total fragments   : 32
Repeats           : 1
Threshold used    : 154.4813
--- Timing (worst rank) ---
Baseline   min/med/max : 45.7504 / 45.9730 / 46.8452  ms
Baseline   GFLOPS (med): 5838.9867  (min 5730.2681, max 5867.3941)
Protected  min/med/max : 45.7504 / 45.9730 / 46.8452  ms
Protected  GFLOPS (med): 5838.9867  (min 5730.2681, max 5867.3941)
Overhead (median)      : 0.0000 %
--- Confusion Matrix (global) ---
TP / TN / FP / FN     : 0 / 640 / 0 / 0
Recall                : 0.0000
Detection precision   : 0.0000
Correction precision  : 0.0000 %
==================================================

--- sq 5120^3 F=32 ---
=== ABFT GEMM (cuBLAS, online pipelined) ===
Mode           : baseline  (inject=none)
M x K x N      : 5120 x 5120 x 5120
Process grid   : 1 x 2  (world=2)
Frags per rank : 32
Repeats        : 1
Samples        : 20
Threshold      : (per-fragment, formula)
GPUs visible   : 2


========== EXPERIMENT METRICS (global) ==========
Mode              : BASELINE
M x K x N         : 5120 x 5120 x 5120
Process grid      : 1 x 2
Frags per rank    : 32
Total fragments   : 64
Repeats           : 1
Threshold used    : 80.3835
--- Timing (worst rank) ---
Baseline   min/med/max : 34.9117 / 38.9152 / 40.2053  ms
Baseline   GFLOPS (med): 6897.9661  (min 6676.6216, max 7688.9776)
Protected  min/med/max : 34.9117 / 38.9152 / 40.2053  ms
Protected  GFLOPS (med): 6897.9661  (min 6676.6216, max 7688.9776)
Overhead (median)      : 0.0000 %
--- Confusion Matrix (global) ---
TP / TN / FP / FN     : 0 / 1280 / 0 / 0
Recall                : 0.0000
Detection precision   : 0.0000
Correction precision  : 0.0000 %
==================================================

--- sq 5376^3 F=1 ---
=== ABFT GEMM (cuBLAS, online pipelined) ===
Mode           : baseline  (inject=none)
M x K x N      : 5376 x 5376 x 5376
Process grid   : 1 x 2  (world=2)
Frags per rank : 1
Repeats        : 1
Samples        : 20
Threshold      : (per-fragment, formula)
GPUs visible   : 2


========== EXPERIMENT METRICS (global) ==========
Mode              : BASELINE
M x K x N         : 5376 x 5376 x 5376
Process grid      : 1 x 2
Frags per rank    : 1
Total fragments   : 2
Repeats           : 1
Threshold used    : 2498.9608
--- Timing (worst rank) ---
Baseline   min/med/max : 28.9666 / 31.4177 / 32.1535  ms
Baseline   GFLOPS (med): 9890.8357  (min 9664.4882, max 10727.7968)
Protected  min/med/max : 28.9666 / 31.4177 / 32.1535  ms
Protected  GFLOPS (med): 9890.8357  (min 9664.4882, max 10727.7968)
Overhead (median)      : 0.0000 %
--- Confusion Matrix (global) ---
TP / TN / FP / FN     : 0 / 40 / 0 / 0
Recall                : 0.0000
Detection precision   : 0.0000
Correction precision  : 0.0000 %
==================================================

--- sq 5376^3 F=2 ---
=== ABFT GEMM (cuBLAS, online pipelined) ===
Mode           : baseline  (inject=none)
M x K x N      : 5376 x 5376 x 5376
Process grid   : 1 x 2  (world=2)
Frags per rank : 2
Repeats        : 1
Samples        : 20
Threshold      : (per-fragment, formula)
GPUs visible   : 2


========== EXPERIMENT METRICS (global) ==========
Mode              : BASELINE
M x K x N         : 5376 x 5376 x 5376
Process grid      : 1 x 2
Frags per rank    : 2
Total fragments   : 4
Repeats           : 1
Threshold used    : 1259.8489
--- Timing (worst rank) ---
Baseline   min/med/max : 30.7377 / 33.3445 / 33.6354  ms
Baseline   GFLOPS (med): 9319.3182  (min 9238.7034, max 10109.6551)
Protected  min/med/max : 30.7377 / 33.3445 / 33.6354  ms
Protected  GFLOPS (med): 9319.3182  (min 9238.7034, max 10109.6551)
Overhead (median)      : 0.0000 %
--- Confusion Matrix (global) ---
TP / TN / FP / FN     : 0 / 80 / 0 / 0
Recall                : 0.0000
Detection precision   : 0.0000
Correction precision  : 0.0000 %
==================================================

--- sq 5376^3 F=4 ---
=== ABFT GEMM (cuBLAS, online pipelined) ===
Mode           : baseline  (inject=none)
M x K x N      : 5376 x 5376 x 5376
Process grid   : 1 x 2  (world=2)
Frags per rank : 4
Repeats        : 1
Samples        : 20
Threshold      : (per-fragment, formula)
GPUs visible   : 2


========== EXPERIMENT METRICS (global) ==========
Mode              : BASELINE
M x K x N         : 5376 x 5376 x 5376
Process grid      : 1 x 2
Frags per rank    : 4
Total fragments   : 8
Repeats           : 1
Threshold used    : 645.2201
--- Timing (worst rank) ---
Baseline   min/med/max : 35.2346 / 37.3535 / 38.7147  ms
Baseline   GFLOPS (med): 8319.1045  (min 8026.5977, max 8819.3753)
Protected  min/med/max : 35.2346 / 37.3535 / 38.7147  ms
Protected  GFLOPS (med): 8319.1045  (min 8026.5977, max 8819.3753)
Overhead (median)      : 0.0000 %
--- Confusion Matrix (global) ---
TP / TN / FP / FN     : 0 / 160 / 0 / 0
Recall                : 0.0000
Detection precision   : 0.0000
Correction precision  : 0.0000 %
==================================================

--- sq 5376^3 F=8 ---
=== ABFT GEMM (cuBLAS, online pipelined) ===
Mode           : baseline  (inject=none)
M x K x N      : 5376 x 5376 x 5376
Process grid   : 1 x 2  (world=2)
Frags per rank : 8
Repeats        : 1
Samples        : 20
Threshold      : (per-fragment, formula)
GPUs visible   : 2


========== EXPERIMENT METRICS (global) ==========
Mode              : BASELINE
M x K x N         : 5376 x 5376 x 5376
Process grid      : 1 x 2
Frags per rank    : 8
Total fragments   : 16
Repeats           : 1
Threshold used    : 331.0581
--- Timing (worst rank) ---
Baseline   min/med/max : 35.9068 / 37.2036 / 38.0770  ms
Baseline   GFLOPS (med): 8352.6282  (min 8161.0353, max 8654.2747)
Protected  min/med/max : 35.9068 / 37.2036 / 38.0770  ms
Protected  GFLOPS (med): 8352.6282  (min 8161.0353, max 8654.2747)
Overhead (median)      : 0.0000 %
--- Confusion Matrix (global) ---
TP / TN / FP / FN     : 0 / 320 / 0 / 0
Recall                : 0.0000
Detection precision   : 0.0000
Correction precision  : 0.0000 %
==================================================

--- sq 5376^3 F=16 ---
=== ABFT GEMM (cuBLAS, online pipelined) ===
Mode           : baseline  (inject=none)
M x K x N      : 5376 x 5376 x 5376
Process grid   : 1 x 2  (world=2)
Frags per rank : 16
Repeats        : 1
Samples        : 20
Threshold      : (per-fragment, formula)
GPUs visible   : 2


========== EXPERIMENT METRICS (global) ==========
Mode              : BASELINE
M x K x N         : 5376 x 5376 x 5376
Process grid      : 1 x 2
Frags per rank    : 16
Total fragments   : 32
Repeats           : 1
Threshold used    : 171.1048
--- Timing (worst rank) ---
Baseline   min/med/max : 48.5969 / 49.9902 / 50.4964  ms
Baseline   GFLOPS (med): 6216.1675  (min 6153.8562, max 6394.3880)
Protected  min/med/max : 48.5969 / 49.9902 / 50.4964  ms
Protected  GFLOPS (med): 6216.1675  (min 6153.8562, max 6394.3880)
Overhead (median)      : 0.0000 %
--- Confusion Matrix (global) ---
TP / TN / FP / FN     : 0 / 640 / 0 / 0
Recall                : 0.0000
Detection precision   : 0.0000
Correction precision  : 0.0000 %
==================================================

--- sq 5376^3 F=32 ---
=== ABFT GEMM (cuBLAS, online pipelined) ===
Mode           : baseline  (inject=none)
M x K x N      : 5376 x 5376 x 5376
Process grid   : 1 x 2  (world=2)
Frags per rank : 32
Repeats        : 1
Samples        : 20
Threshold      : (per-fragment, formula)
GPUs visible   : 2


========== EXPERIMENT METRICS (global) ==========
Mode              : BASELINE
M x K x N         : 5376 x 5376 x 5376
Process grid      : 1 x 2
Frags per rank    : 32
Total fragments   : 64
Repeats           : 1
Threshold used    : 91.7973
--- Timing (worst rank) ---
Baseline   min/med/max : 38.8505 / 44.0112 / 44.6398  ms
Baseline   GFLOPS (med): 7060.6521  (min 6961.2241, max 7998.5385)
Protected  min/med/max : 38.8505 / 44.0112 / 44.6398  ms
Protected  GFLOPS (med): 7060.6521  (min 6961.2241, max 7998.5385)
Overhead (median)      : 0.0000 %
--- Confusion Matrix (global) ---
TP / TN / FP / FN     : 0 / 1280 / 0 / 0
Recall                : 0.0000
Detection precision   : 0.0000
Correction precision  : 0.0000 %
==================================================

--- sq 5632^3 F=1 ---
=== ABFT GEMM (cuBLAS, online pipelined) ===
Mode           : baseline  (inject=none)
M x K x N      : 5632 x 5632 x 5632
Process grid   : 1 x 2  (world=2)
Frags per rank : 1
Repeats        : 1
Samples        : 20
Threshold      : (per-fragment, formula)
GPUs visible   : 2


========== EXPERIMENT METRICS (global) ==========
Mode              : BASELINE
M x K x N         : 5632 x 5632 x 5632
Process grid      : 1 x 2
Frags per rank    : 1
Total fragments   : 2
Repeats           : 1
Threshold used    : 2865.5525
--- Timing (worst rank) ---
Baseline   min/med/max : 33.6451 / 36.9206 / 37.7262  ms
Baseline   GFLOPS (med): 9677.1887  (min 9470.5395, max 10619.3155)
Protected  min/med/max : 33.6451 / 36.9206 / 37.7262  ms
Protected  GFLOPS (med): 9677.1887  (min 9470.5395, max 10619.3155)
Overhead (median)      : 0.0000 %
--- Confusion Matrix (global) ---
TP / TN / FP / FN     : 0 / 40 / 0 / 0
Recall                : 0.0000
Detection precision   : 0.0000
Correction precision  : 0.0000 %
==================================================

--- sq 5632^3 F=2 ---
=== ABFT GEMM (cuBLAS, online pipelined) ===
Mode           : baseline  (inject=none)
M x K x N      : 5632 x 5632 x 5632
Process grid   : 1 x 2  (world=2)
Frags per rank : 2
Repeats        : 1
Samples        : 20
Threshold      : (per-fragment, formula)
GPUs visible   : 2


========== EXPERIMENT METRICS (global) ==========
Mode              : BASELINE
M x K x N         : 5632 x 5632 x 5632
Process grid      : 1 x 2
Frags per rank    : 2
Total fragments   : 4
Repeats           : 1
Threshold used    : 1448.8459
--- Timing (worst rank) ---
Baseline   min/med/max : 34.2555 / 37.5518 / 37.7443  ms
Baseline   GFLOPS (med): 9514.5307  (min 9465.9960, max 10430.0912)
Protected  min/med/max : 34.2555 / 37.5518 / 37.7443  ms
Protected  GFLOPS (med): 9514.5307  (min 9465.9960, max 10430.0912)
Overhead (median)      : 0.0000 %
--- Confusion Matrix (global) ---
TP / TN / FP / FN     : 0 / 80 / 0 / 0
Recall                : 0.0000
Detection precision   : 0.0000
Correction precision  : 0.0000 %
==================================================

--- sq 5632^3 F=4 ---
=== ABFT GEMM (cuBLAS, online pipelined) ===
Mode           : baseline  (inject=none)
M x K x N      : 5632 x 5632 x 5632
Process grid   : 1 x 2  (world=2)
Frags per rank : 4
Repeats        : 1
Samples        : 20
Threshold      : (per-fragment, formula)
GPUs visible   : 2


========== EXPERIMENT METRICS (global) ==========
Mode              : BASELINE
M x K x N         : 5632 x 5632 x 5632
Process grid      : 1 x 2
Frags per rank    : 4
Total fragments   : 8
Repeats           : 1
Threshold used    : 747.1366
--- Timing (worst rank) ---
Baseline   min/med/max : 37.7510 / 39.7306 / 40.3818  ms
Baseline   GFLOPS (med): 8992.7605  (min 8847.7364, max 9464.3250)
Protected  min/med/max : 37.7510 / 39.7306 / 40.3818  ms
Protected  GFLOPS (med): 8992.7605  (min 8847.7364, max 9464.3250)
Overhead (median)      : 0.0000 %
--- Confusion Matrix (global) ---
TP / TN / FP / FN     : 0 / 160 / 0 / 0
Recall                : 0.0000
Detection precision   : 0.0000
Correction precision  : 0.0000 %
==================================================

--- sq 5632^3 F=8 ---
=== ABFT GEMM (cuBLAS, online pipelined) ===
Mode           : baseline  (inject=none)
M x K x N      : 5632 x 5632 x 5632
Process grid   : 1 x 2  (world=2)
Frags per rank : 8
Repeats        : 1
Samples        : 20
Threshold      : (per-fragment, formula)
GPUs visible   : 2


========== EXPERIMENT METRICS (global) ==========
Mode              : BASELINE
M x K x N         : 5632 x 5632 x 5632
Process grid      : 1 x 2
Frags per rank    : 8
Total fragments   : 16
Repeats           : 1
Threshold used    : 377.7965
--- Timing (worst rank) ---
Baseline   min/med/max : 39.5293 / 40.4775 / 44.8115  ms
Baseline   GFLOPS (med): 8826.8090  (min 7973.1214, max 9038.5452)
Protected  min/med/max : 39.5293 / 40.4775 / 44.8115  ms
Protected  GFLOPS (med): 8826.8090  (min 7973.1214, max 9038.5452)
Overhead (median)      : 0.0000 %
--- Confusion Matrix (global) ---
TP / TN / FP / FN     : 0 / 320 / 0 / 0
Recall                : 0.0000
Detection precision   : 0.0000
Correction precision  : 0.0000 %
==================================================

--- sq 5632^3 F=16 ---
=== ABFT GEMM (cuBLAS, online pipelined) ===
Mode           : baseline  (inject=none)
M x K x N      : 5632 x 5632 x 5632
Process grid   : 1 x 2  (world=2)
Frags per rank : 16
Repeats        : 1
Samples        : 20
Threshold      : (per-fragment, formula)
GPUs visible   : 2


========== EXPERIMENT METRICS (global) ==========
Mode              : BASELINE
M x K x N         : 5632 x 5632 x 5632
Process grid      : 1 x 2
Frags per rank    : 16
Total fragments   : 32
Repeats           : 1
Threshold used    : 196.7017
--- Timing (worst rank) ---
Baseline   min/med/max : 51.4423 / 53.3275 / 53.7924  ms
Baseline   GFLOPS (med): 6699.8720  (min 6641.9674, max 6945.3988)
Protected  min/med/max : 51.4423 / 53.3275 / 53.7924  ms
Protected  GFLOPS (med): 6699.8720  (min 6641.9674, max 6945.3988)
Overhead (median)      : 0.0000 %
--- Confusion Matrix (global) ---
TP / TN / FP / FN     : 0 / 640 / 0 / 0
Recall                : 0.0000
Detection precision   : 0.0000
Correction precision  : 0.0000 %
==================================================

--- sq 5632^3 F=32 ---
=== ABFT GEMM (cuBLAS, online pipelined) ===
Mode           : baseline  (inject=none)
M x K x N      : 5632 x 5632 x 5632
Process grid   : 1 x 2  (world=2)
Frags per rank : 32
Repeats        : 1
Samples        : 20
Threshold      : (per-fragment, formula)
GPUs visible   : 2


========== EXPERIMENT METRICS (global) ==========
Mode              : BASELINE
M x K x N         : 5632 x 5632 x 5632
Process grid      : 1 x 2
Frags per rank    : 32
Total fragments   : 64
Repeats           : 1
Threshold used    : 107.1153
--- Timing (worst rank) ---
Baseline   min/med/max : 45.6262 / 49.8309 / 50.8177  ms
Baseline   GFLOPS (med): 7170.0067  (min 7030.7672, max 7830.7548)
Protected  min/med/max : 45.6262 / 49.8309 / 50.8177  ms
Protected  GFLOPS (med): 7170.0067  (min 7030.7672, max 7830.7548)
Overhead (median)      : 0.0000 %
--- Confusion Matrix (global) ---
TP / TN / FP / FN     : 0 / 1280 / 0 / 0
Recall                : 0.0000
Detection precision   : 0.0000
Correction precision  : 0.0000 %
==================================================

--- sq 5888^3 F=1 ---
=== ABFT GEMM (cuBLAS, online pipelined) ===
Mode           : baseline  (inject=none)
M x K x N      : 5888 x 5888 x 5888
Process grid   : 1 x 2  (world=2)
Frags per rank : 1
Repeats        : 1
Samples        : 20
Threshold      : (per-fragment, formula)
GPUs visible   : 2


========== EXPERIMENT METRICS (global) ==========
Mode              : BASELINE
M x K x N         : 5888 x 5888 x 5888
Process grid      : 1 x 2
Frags per rank    : 1
Total fragments   : 2
Repeats           : 1
Threshold used    : 3251.9904
--- Timing (worst rank) ---
Baseline   min/med/max : 38.8617 / 42.0322 / 43.0117  ms
Baseline   GFLOPS (med): 9712.9454  (min 9491.7605, max 10505.3645)
Protected  min/med/max : 38.8617 / 42.0322 / 43.0117  ms
Protected  GFLOPS (med): 9712.9454  (min 9491.7605, max 10505.3645)
Overhead (median)      : 0.0000 %
--- Confusion Matrix (global) ---
TP / TN / FP / FN     : 0 / 40 / 0 / 0
Recall                : 0.0000
Detection precision   : 0.0000
Correction precision  : 0.0000 %
==================================================

--- sq 5888^3 F=2 ---
=== ABFT GEMM (cuBLAS, online pipelined) ===
Mode           : baseline  (inject=none)
M x K x N      : 5888 x 5888 x 5888
Process grid   : 1 x 2  (world=2)
Frags per rank : 2
Repeats        : 1
Samples        : 20
Threshold      : (per-fragment, formula)
GPUs visible   : 2


========== EXPERIMENT METRICS (global) ==========
Mode              : BASELINE
M x K x N         : 5888 x 5888 x 5888
Process grid      : 1 x 2
Frags per rank    : 2
Total fragments   : 4
Repeats           : 1
Threshold used    : 1645.9263
--- Timing (worst rank) ---
Baseline   min/med/max : 40.3677 / 43.4380 / 44.7842  ms
Baseline   GFLOPS (med): 9398.6068  (min 9116.0925, max 10113.4530)
Protected  min/med/max : 40.3677 / 43.4380 / 44.7842  ms
Protected  GFLOPS (med): 9398.6068  (min 9116.0925, max 10113.4530)
Overhead (median)      : 0.0000 %
--- Confusion Matrix (global) ---
TP / TN / FP / FN     : 0 / 80 / 0 / 0
Recall                : 0.0000
Detection precision   : 0.0000
Correction precision  : 0.0000 %
==================================================

--- sq 5888^3 F=4 ---
=== ABFT GEMM (cuBLAS, online pipelined) ===
Mode           : baseline  (inject=none)
M x K x N      : 5888 x 5888 x 5888
Process grid   : 1 x 2  (world=2)
Frags per rank : 4
Repeats        : 1
Samples        : 20
Threshold      : (per-fragment, formula)
GPUs visible   : 2


========== EXPERIMENT METRICS (global) ==========
Mode              : BASELINE
M x K x N         : 5888 x 5888 x 5888
Process grid      : 1 x 2
Frags per rank    : 4
Total fragments   : 8
Repeats           : 1
Threshold used    : 839.1049
--- Timing (worst rank) ---
Baseline   min/med/max : 41.4873 / 43.4164 / 44.6149  ms
Baseline   GFLOPS (med): 9403.2915  (min 9150.6911, max 9840.5186)
Protected  min/med/max : 41.4873 / 43.4164 / 44.6149  ms
Protected  GFLOPS (med): 9403.2915  (min 9150.6911, max 9840.5186)
Overhead (median)      : 0.0000 %
--- Confusion Matrix (global) ---
TP / TN / FP / FN     : 0 / 160 / 0 / 0
Recall                : 0.0000
Detection precision   : 0.0000
Correction precision  : 0.0000 %
==================================================

--- sq 5888^3 F=8 ---
=== ABFT GEMM (cuBLAS, online pipelined) ===
Mode           : baseline  (inject=none)
M x K x N      : 5888 x 5888 x 5888
Process grid   : 1 x 2  (world=2)
Frags per rank : 8
Repeats        : 1
Samples        : 20
Threshold      : (per-fragment, formula)
GPUs visible   : 2


========== EXPERIMENT METRICS (global) ==========
Mode              : BASELINE
M x K x N         : 5888 x 5888 x 5888
Process grid      : 1 x 2
Frags per rank    : 8
Total fragments   : 16
Repeats           : 1
Threshold used    : 431.0736
--- Timing (worst rank) ---
Baseline   min/med/max : 40.7702 / 43.6747 / 44.5996  ms
Baseline   GFLOPS (med): 9347.6674  (min 9153.8229, max 10013.6071)
Protected  min/med/max : 40.7702 / 43.6747 / 44.5996  ms
Protected  GFLOPS (med): 9347.6674  (min 9153.8229, max 10013.6071)
Overhead (median)      : 0.0000 %
--- Confusion Matrix (global) ---
TP / TN / FP / FN     : 0 / 320 / 0 / 0
Recall                : 0.0000
Detection precision   : 0.0000
Correction precision  : 0.0000 %
==================================================

--- sq 5888^3 F=16 ---
=== ABFT GEMM (cuBLAS, online pipelined) ===
Mode           : baseline  (inject=none)
M x K x N      : 5888 x 5888 x 5888
Process grid   : 1 x 2  (world=2)
Frags per rank : 16
Repeats        : 1
Samples        : 20
Threshold      : (per-fragment, formula)
GPUs visible   : 2


========== EXPERIMENT METRICS (global) ==========
Mode              : BASELINE
M x K x N         : 5888 x 5888 x 5888
Process grid      : 1 x 2
Frags per rank    : 16
Total fragments   : 32
Repeats           : 1
Threshold used    : 225.5553
--- Timing (worst rank) ---
Baseline   min/med/max : 54.2857 / 56.9017 / 58.0876  ms
Baseline   GFLOPS (med): 7174.7719  (min 7028.2984, max 7520.5244)
Protected  min/med/max : 54.2857 / 56.9017 / 58.0876  ms
Protected  GFLOPS (med): 7174.7719  (min 7028.2984, max 7520.5244)
Overhead (median)      : 0.0000 %
--- Confusion Matrix (global) ---
TP / TN / FP / FN     : 0 / 640 / 0 / 0
Recall                : 0.0000
Detection precision   : 0.0000
Correction precision  : 0.0000 %
==================================================

--- sq 5888^3 F=32 ---
=== ABFT GEMM (cuBLAS, online pipelined) ===
Mode           : baseline  (inject=none)
M x K x N      : 5888 x 5888 x 5888
Process grid   : 1 x 2  (world=2)
Frags per rank : 32
Repeats        : 1
Samples        : 20
Threshold      : (per-fragment, formula)
GPUs visible   : 2


========== EXPERIMENT METRICS (global) ==========
Mode              : BASELINE
M x K x N         : 5888 x 5888 x 5888
Process grid      : 1 x 2
Frags per rank    : 32
Total fragments   : 64
Repeats           : 1
Threshold used    : 116.6872
--- Timing (worst rank) ---
Baseline   min/med/max : 47.7589 / 54.4579 / 55.2738  ms
Baseline   GFLOPS (med): 7496.7426  (min 7386.0852, max 8548.2841)
Protected  min/med/max : 47.7589 / 54.4579 / 55.2738  ms
Protected  GFLOPS (med): 7496.7426  (min 7386.0852, max 8548.2841)
Overhead (median)      : 0.0000 %
--- Confusion Matrix (global) ---
TP / TN / FP / FN     : 0 / 1280 / 0 / 0
Recall                : 0.0000
Detection precision   : 0.0000
Correction precision  : 0.0000 %
==================================================

--- sq 6144^3 F=1 ---
=== ABFT GEMM (cuBLAS, online pipelined) ===
Mode           : baseline  (inject=none)
M x K x N      : 6144 x 6144 x 6144
Process grid   : 1 x 2  (world=2)
Frags per rank : 1
Repeats        : 1
Samples        : 20
Threshold      : (per-fragment, formula)
GPUs visible   : 2


========== EXPERIMENT METRICS (global) ==========
Mode              : BASELINE
M x K x N         : 6144 x 6144 x 6144
Process grid      : 1 x 2
Frags per rank    : 1
Total fragments   : 2
Repeats           : 1
Threshold used    : 3714.9595
--- Timing (worst rank) ---
Baseline   min/med/max : 43.7907 / 48.2477 / 48.9100  ms
Baseline   GFLOPS (med): 9614.0682  (min 9483.8754, max 10592.5898)
Protected  min/med/max : 43.7907 / 48.2477 / 48.9100  ms
Protected  GFLOPS (med): 9614.0682  (min 9483.8754, max 10592.5898)
Overhead (median)      : 0.0000 %
--- Confusion Matrix (global) ---
TP / TN / FP / FN     : 0 / 40 / 0 / 0
Recall                : 0.0000
Detection precision   : 0.0000
Correction precision  : 0.0000 %
==================================================

--- sq 6144^3 F=2 ---
=== ABFT GEMM (cuBLAS, online pipelined) ===
Mode           : baseline  (inject=none)
M x K x N      : 6144 x 6144 x 6144
Process grid   : 1 x 2  (world=2)
Frags per rank : 2
Repeats        : 1
Samples        : 20
Threshold      : (per-fragment, formula)
GPUs visible   : 2


========== EXPERIMENT METRICS (global) ==========
Mode              : BASELINE
M x K x N         : 6144 x 6144 x 6144
Process grid      : 1 x 2
Frags per rank    : 2
Total fragments   : 4
Repeats           : 1
Threshold used    : 1862.3715
--- Timing (worst rank) ---
Baseline   min/med/max : 43.9797 / 47.8210 / 48.8862  ms
Baseline   GFLOPS (med): 9699.8510  (min 9488.4889, max 10547.0693)
Protected  min/med/max : 43.9797 / 47.8210 / 48.8862  ms
Protected  GFLOPS (med): 9699.8510  (min 9488.4889, max 10547.0693)
Overhead (median)      : 0.0000 %
--- Confusion Matrix (global) ---
TP / TN / FP / FN     : 0 / 80 / 0 / 0
Recall                : 0.0000
Detection precision   : 0.0000
Correction precision  : 0.0000 %
==================================================

--- sq 6144^3 F=4 ---
=== ABFT GEMM (cuBLAS, online pipelined) ===
Mode           : baseline  (inject=none)
M x K x N      : 6144 x 6144 x 6144
Process grid   : 1 x 2  (world=2)
Frags per rank : 4
Repeats        : 1
Samples        : 20
Threshold      : (per-fragment, formula)
GPUs visible   : 2


========== EXPERIMENT METRICS (global) ==========
Mode              : BASELINE
M x K x N         : 6144 x 6144 x 6144
Process grid      : 1 x 2
Frags per rank    : 4
Total fragments   : 8
Repeats           : 1
Threshold used    : 957.2114
--- Timing (worst rank) ---
Baseline   min/med/max : 43.8698 / 47.0267 / 48.1503  ms
Baseline   GFLOPS (med): 9863.6745  (min 9633.5149, max 10573.4712)
Protected  min/med/max : 43.8698 / 47.0267 / 48.1503  ms
Protected  GFLOPS (med): 9863.6745  (min 9633.5149, max 10573.4712)
Overhead (median)      : 0.0000 %
--- Confusion Matrix (global) ---
TP / TN / FP / FN     : 0 / 160 / 0 / 0
Recall                : 0.0000
Detection precision   : 0.0000
Correction precision  : 0.0000 %
==================================================

--- sq 6144^3 F=8 ---
=== ABFT GEMM (cuBLAS, online pipelined) ===
Mode           : baseline  (inject=none)
M x K x N      : 6144 x 6144 x 6144
Process grid   : 1 x 2  (world=2)
Frags per rank : 8
Repeats        : 1
Samples        : 20
Threshold      : (per-fragment, formula)
GPUs visible   : 2


========== EXPERIMENT METRICS (global) ==========
Mode              : BASELINE
M x K x N         : 6144 x 6144 x 6144
Process grid      : 1 x 2
Frags per rank    : 8
Total fragments   : 16
Repeats           : 1
Threshold used    : 491.5742
--- Timing (worst rank) ---
Baseline   min/med/max : 45.1607 / 47.1128 / 51.2302  ms
Baseline   GFLOPS (med): 9845.6501  (min 9054.3519, max 10271.2333)
Protected  min/med/max : 45.1607 / 47.1128 / 51.2302  ms
Protected  GFLOPS (med): 9845.6501  (min 9054.3519, max 10271.2333)
Overhead (median)      : 0.0000 %
--- Confusion Matrix (global) ---
TP / TN / FP / FN     : 0 / 320 / 0 / 0
Recall                : 0.0000
Detection precision   : 0.0000
Correction precision  : 0.0000 %
==================================================

--- sq 6144^3 F=16 ---
=== ABFT GEMM (cuBLAS, online pipelined) ===
Mode           : baseline  (inject=none)
M x K x N      : 6144 x 6144 x 6144
Process grid   : 1 x 2  (world=2)
Frags per rank : 16
Repeats        : 1
Samples        : 20
Threshold      : (per-fragment, formula)
GPUs visible   : 2


========== EXPERIMENT METRICS (global) ==========
Mode              : BASELINE
M x K x N         : 6144 x 6144 x 6144
Process grid      : 1 x 2
Frags per rank    : 16
Total fragments   : 32
Repeats           : 1
Threshold used    : 252.8350
--- Timing (worst rank) ---
Baseline   min/med/max : 57.3254 / 60.7545 / 61.3415  ms
Baseline   GFLOPS (med): 7634.9270  (min 7561.8750, max 8091.6345)
Protected  min/med/max : 57.3254 / 60.7545 / 61.3415  ms
Protected  GFLOPS (med): 7634.9270  (min 7561.8750, max 8091.6345)
Overhead (median)      : 0.0000 %
--- Confusion Matrix (global) ---
TP / TN / FP / FN     : 0 / 640 / 0 / 0
Recall                : 0.0000
Detection precision   : 0.0000
Correction precision  : 0.0000 %
==================================================

--- sq 6144^3 F=32 ---
=== ABFT GEMM (cuBLAS, online pipelined) ===
Mode           : baseline  (inject=none)
M x K x N      : 6144 x 6144 x 6144
Process grid   : 1 x 2  (world=2)
Frags per rank : 32
Repeats        : 1
Samples        : 20
Threshold      : (per-fragment, formula)
GPUs visible   : 2


========== EXPERIMENT METRICS (global) ==========
Mode              : BASELINE
M x K x N         : 6144 x 6144 x 6144
Process grid      : 1 x 2
Frags per rank    : 32
Total fragments   : 64
Repeats           : 1
Threshold used    : 133.6994
--- Timing (worst rank) ---
Baseline   min/med/max : 51.2970 / 57.5638 / 59.8496  ms
Baseline   GFLOPS (med): 8058.1333  (min 7750.3725, max 9042.5596)
Protected  min/med/max : 51.2970 / 57.5638 / 59.8496  ms
Protected  GFLOPS (med): 8058.1333  (min 7750.3725, max 9042.5596)
Overhead (median)      : 0.0000 %
--- Confusion Matrix (global) ---
TP / TN / FP / FN     : 0 / 1280 / 0 / 0
Recall                : 0.0000
Detection precision   : 0.0000
Correction precision  : 0.0000 %
==================================================

--- sq 6400^3 F=1 ---
=== ABFT GEMM (cuBLAS, online pipelined) ===
Mode           : baseline  (inject=none)
M x K x N      : 6400 x 6400 x 6400
Process grid   : 1 x 2  (world=2)
Frags per rank : 1
Repeats        : 1
Samples        : 20
Threshold      : (per-fragment, formula)
GPUs visible   : 2


========== EXPERIMENT METRICS (global) ==========
Mode              : BASELINE
M x K x N         : 6400 x 6400 x 6400
Process grid      : 1 x 2
Frags per rank    : 1
Total fragments   : 2
Repeats           : 1
Threshold used    : 4170.1688
--- Timing (worst rank) ---
Baseline   min/med/max : 49.3803 / 53.7485 / 54.6350  ms
Baseline   GFLOPS (med): 9754.4587  (min 9596.1963, max 10617.3433)
Protected  min/med/max : 49.3803 / 53.7485 / 54.6350  ms
Protected  GFLOPS (med): 9754.4587  (min 9596.1963, max 10617.3433)
Overhead (median)      : 0.0000 %
--- Confusion Matrix (global) ---
TP / TN / FP / FN     : 0 / 40 / 0 / 0
Recall                : 0.0000
Detection precision   : 0.0000
Correction precision  : 0.0000 %
==================================================

--- sq 6400^3 F=2 ---
=== ABFT GEMM (cuBLAS, online pipelined) ===
Mode           : baseline  (inject=none)
M x K x N      : 6400 x 6400 x 6400
Process grid   : 1 x 2  (world=2)
Frags per rank : 2
Repeats        : 1
Samples        : 20
Threshold      : (per-fragment, formula)
GPUs visible   : 2


========== EXPERIMENT METRICS (global) ==========
Mode              : BASELINE
M x K x N         : 6400 x 6400 x 6400
Process grid      : 1 x 2
Frags per rank    : 2
Total fragments   : 4
Repeats           : 1
Threshold used    : 2128.0031
--- Timing (worst rank) ---
Baseline   min/med/max : 51.0206 / 55.3777 / 56.1933  ms
Baseline   GFLOPS (med): 9467.5006  (min 9330.0775, max 10276.0048)
Protected  min/med/max : 51.0206 / 55.3777 / 56.1933  ms
Protected  GFLOPS (med): 9467.5006  (min 9330.0775, max 10276.0048)
Overhead (median)      : 0.0000 %
--- Confusion Matrix (global) ---
TP / TN / FP / FN     : 0 / 80 / 0 / 0
Recall                : 0.0000
Detection precision   : 0.0000
Correction precision  : 0.0000 %
==================================================

--- sq 6400^3 F=4 ---
=== ABFT GEMM (cuBLAS, online pipelined) ===
Mode           : baseline  (inject=none)
M x K x N      : 6400 x 6400 x 6400
Process grid   : 1 x 2  (world=2)
Frags per rank : 4
Repeats        : 1
Samples        : 20
Threshold      : (per-fragment, formula)
GPUs visible   : 2


========== EXPERIMENT METRICS (global) ==========
Mode              : BASELINE
M x K x N         : 6400 x 6400 x 6400
Process grid      : 1 x 2
Frags per rank    : 4
Total fragments   : 8
Repeats           : 1
Threshold used    : 1081.0547
--- Timing (worst rank) ---
Baseline   min/med/max : 56.9768 / 60.3759 / 61.5572  ms
Baseline   GFLOPS (med): 8683.7334  (min 8517.0814, max 9201.7763)
Protected  min/med/max : 56.9768 / 60.3759 / 61.5572  ms
Protected  GFLOPS (med): 8683.7334  (min 8517.0814, max 9201.7763)
Overhead (median)      : 0.0000 %
--- Confusion Matrix (global) ---
TP / TN / FP / FN     : 0 / 160 / 0 / 0
Recall                : 0.0000
Detection precision   : 0.0000
Correction precision  : 0.0000 %
==================================================

--- sq 6400^3 F=8 ---
=== ABFT GEMM (cuBLAS, online pipelined) ===
Mode           : baseline  (inject=none)
M x K x N      : 6400 x 6400 x 6400
Process grid   : 1 x 2  (world=2)
Frags per rank : 8
Repeats        : 1
Samples        : 20
Threshold      : (per-fragment, formula)
GPUs visible   : 2


========== EXPERIMENT METRICS (global) ==========
Mode              : BASELINE
M x K x N         : 6400 x 6400 x 6400
Process grid      : 1 x 2
Frags per rank    : 8
Total fragments   : 16
Repeats           : 1
Threshold used    : 555.7895
--- Timing (worst rank) ---
Baseline   min/med/max : 67.7711 / 70.1699 / 71.5407  ms
Baseline   GFLOPS (med): 7471.6957  (min 7328.5285, max 7736.1563)
Protected  min/med/max : 67.7711 / 70.1699 / 71.5407  ms
Protected  GFLOPS (med): 7471.6957  (min 7328.5285, max 7736.1563)
Overhead (median)      : 0.0000 %
--- Confusion Matrix (global) ---
TP / TN / FP / FN     : 0 / 320 / 0 / 0
Recall                : 0.0000
Detection precision   : 0.0000
Correction precision  : 0.0000 %
==================================================

--- sq 6400^3 F=16 ---
=== ABFT GEMM (cuBLAS, online pipelined) ===
Mode           : baseline  (inject=none)
M x K x N      : 6400 x 6400 x 6400
Process grid   : 1 x 2  (world=2)
Frags per rank : 16
Repeats        : 1
Samples        : 20
Threshold      : (per-fragment, formula)
GPUs visible   : 2


========== EXPERIMENT METRICS (global) ==========
Mode              : BASELINE
M x K x N         : 6400 x 6400 x 6400
Process grid      : 1 x 2
Frags per rank    : 16
Total fragments   : 32
Repeats           : 1
Threshold used    : 289.9450
--- Timing (worst rank) ---
Baseline   min/med/max : 76.6359 / 77.2562 / 78.5358  ms
Baseline   GFLOPS (med): 6786.3516  (min 6675.7802, max 6841.2817)
Protected  min/med/max : 76.6359 / 77.2562 / 78.5358  ms
Protected  GFLOPS (med): 6786.3516  (min 6675.7802, max 6841.2817)
Overhead (median)      : 0.0000 %
--- Confusion Matrix (global) ---
TP / TN / FP / FN     : 0 / 640 / 0 / 0
Recall                : 0.0000
Detection precision   : 0.0000
Correction precision  : 0.0000 %
==================================================

--- sq 6400^3 F=32 ---
=== ABFT GEMM (cuBLAS, online pipelined) ===
Mode           : baseline  (inject=none)
M x K x N      : 6400 x 6400 x 6400
Process grid   : 1 x 2  (world=2)
Frags per rank : 32
Repeats        : 1
Samples        : 20
Threshold      : (per-fragment, formula)
GPUs visible   : 2


========== EXPERIMENT METRICS (global) ==========
Mode              : BASELINE
M x K x N         : 6400 x 6400 x 6400
Process grid      : 1 x 2
Frags per rank    : 32
Total fragments   : 64
Repeats           : 1
Threshold used    : 152.2572
--- Timing (worst rank) ---
Baseline   min/med/max : 75.4328 / 81.6862 / 84.6253  ms
Baseline   GFLOPS (med): 6418.3162  (min 6195.4073, max 6950.3981)
Protected  min/med/max : 75.4328 / 81.6862 / 84.6253  ms
Protected  GFLOPS (med): 6418.3162  (min 6195.4073, max 6950.3981)
Overhead (median)      : 0.0000 %
--- Confusion Matrix (global) ---
TP / TN / FP / FN     : 0 / 1280 / 0 / 0
Recall                : 0.0000
Detection precision   : 0.0000
Correction precision  : 0.0000 %
==================================================

--- sq 6656^3 F=1 ---
=== ABFT GEMM (cuBLAS, online pipelined) ===
Mode           : baseline  (inject=none)
M x K x N      : 6656 x 6656 x 6656
Process grid   : 1 x 2  (world=2)
Frags per rank : 1
Repeats        : 1
Samples        : 20
Threshold      : (per-fragment, formula)
GPUs visible   : 2


========== EXPERIMENT METRICS (global) ==========
Mode              : BASELINE
M x K x N         : 6656 x 6656 x 6656
Process grid      : 1 x 2
Frags per rank    : 1
Total fragments   : 2
Repeats           : 1
Threshold used    : 4696.3585
--- Timing (worst rank) ---
Baseline   min/med/max : 56.4030 / 61.1440 / 62.4009  ms
Baseline   GFLOPS (med): 9645.3077  (min 9451.0275, max 10456.0593)
Protected  min/med/max : 56.4030 / 61.1440 / 62.4009  ms
Protected  GFLOPS (med): 9645.3077  (min 9451.0275, max 10456.0593)
Overhead (median)      : 0.0000 %
--- Confusion Matrix (global) ---
TP / TN / FP / FN     : 0 / 40 / 0 / 0
Recall                : 0.0000
Detection precision   : 0.0000
Correction precision  : 0.0000 %
==================================================

--- sq 6656^3 F=2 ---
=== ABFT GEMM (cuBLAS, online pipelined) ===
Mode           : baseline  (inject=none)
M x K x N      : 6656 x 6656 x 6656
Process grid   : 1 x 2  (world=2)
Frags per rank : 2
Repeats        : 1
Samples        : 20
Threshold      : (per-fragment, formula)
GPUs visible   : 2


========== EXPERIMENT METRICS (global) ==========
Mode              : BASELINE
M x K x N         : 6656 x 6656 x 6656
Process grid      : 1 x 2
Frags per rank    : 2
Total fragments   : 4
Repeats           : 1
Threshold used    : 2372.6060
--- Timing (worst rank) ---
Baseline   min/med/max : 56.4787 / 61.1151 / 61.9188  ms
Baseline   GFLOPS (med): 9649.8696  (min 9524.6121, max 10442.0366)
Protected  min/med/max : 56.4787 / 61.1151 / 61.9188  ms
Protected  GFLOPS (med): 9649.8696  (min 9524.6121, max 10442.0366)
Overhead (median)      : 0.0000 %
--- Confusion Matrix (global) ---
TP / TN / FP / FN     : 0 / 80 / 0 / 0
Recall                : 0.0000
Detection precision   : 0.0000
Correction precision  : 0.0000 %
==================================================

--- sq 6656^3 F=4 ---
=== ABFT GEMM (cuBLAS, online pipelined) ===
Mode           : baseline  (inject=none)
M x K x N      : 6656 x 6656 x 6656
Process grid   : 1 x 2  (world=2)
Frags per rank : 4
Repeats        : 1
Samples        : 20
Threshold      : (per-fragment, formula)
GPUs visible   : 2


========== EXPERIMENT METRICS (global) ==========
Mode              : BASELINE
M x K x N         : 6656 x 6656 x 6656
Process grid      : 1 x 2
Frags per rank    : 4
Total fragments   : 8
Repeats           : 1
Threshold used    : 1205.5749
--- Timing (worst rank) ---
Baseline   min/med/max : 60.3057 / 63.7182 / 65.1074  ms
Baseline   GFLOPS (med): 9255.6402  (min 9058.1523, max 9779.3816)
Protected  min/med/max : 60.3057 / 63.7182 / 65.1074  ms
Protected  GFLOPS (med): 9255.6402  (min 9058.1523, max 9779.3816)
Overhead (median)      : 0.0000 %
--- Confusion Matrix (global) ---
TP / TN / FP / FN     : 0 / 160 / 0 / 0
Recall                : 0.0000
Detection precision   : 0.0000
Correction precision  : 0.0000 %
==================================================

--- sq 6656^3 F=8 ---
=== ABFT GEMM (cuBLAS, online pipelined) ===
Mode           : baseline  (inject=none)
M x K x N      : 6656 x 6656 x 6656
Process grid   : 1 x 2  (world=2)
Frags per rank : 8
Repeats        : 1
Samples        : 20
Threshold      : (per-fragment, formula)
GPUs visible   : 2


========== EXPERIMENT METRICS (global) ==========
Mode              : BASELINE
M x K x N         : 6656 x 6656 x 6656
Process grid      : 1 x 2
Frags per rank    : 8
Total fragments   : 16
Repeats           : 1
Threshold used    : 620.5118
--- Timing (worst rank) ---
Baseline   min/med/max : 73.2060 / 75.8448 / 76.8496  ms
Baseline   GFLOPS (med): 7775.7858  (min 7674.1188, max 8056.0658)
Protected  min/med/max : 73.2060 / 75.8448 / 76.8496  ms
Protected  GFLOPS (med): 7775.7858  (min 7674.1188, max 8056.0658)
Overhead (median)      : 0.0000 %
--- Confusion Matrix (global) ---
TP / TN / FP / FN     : 0 / 320 / 0 / 0
Recall                : 0.0000
Detection precision   : 0.0000
Correction precision  : 0.0000 %
==================================================

--- sq 6656^3 F=16 ---
=== ABFT GEMM (cuBLAS, online pipelined) ===
Mode           : baseline  (inject=none)
M x K x N      : 6656 x 6656 x 6656
Process grid   : 1 x 2  (world=2)
Frags per rank : 16
Repeats        : 1
Samples        : 20
Threshold      : (per-fragment, formula)
GPUs visible   : 2


========== EXPERIMENT METRICS (global) ==========
Mode              : BASELINE
M x K x N         : 6656 x 6656 x 6656
Process grid      : 1 x 2
Frags per rank    : 16
Total fragments   : 32
Repeats           : 1
Threshold used    : 322.8825
--- Timing (worst rank) ---
Baseline   min/med/max : 81.6292 / 83.6268 / 85.4440  ms
Baseline   GFLOPS (med): 7052.1951  (min 6902.2103, max 7224.7742)
Protected  min/med/max : 81.6292 / 83.6268 / 85.4440  ms
Protected  GFLOPS (med): 7052.1951  (min 6902.2103, max 7224.7742)
Overhead (median)      : 0.0000 %
--- Confusion Matrix (global) ---
TP / TN / FP / FN     : 0 / 640 / 0 / 0
Recall                : 0.0000
Detection precision   : 0.0000
Correction precision  : 0.0000 %
==================================================

--- sq 6656^3 F=32 ---
=== ABFT GEMM (cuBLAS, online pipelined) ===
Mode           : baseline  (inject=none)
M x K x N      : 6656 x 6656 x 6656
Process grid   : 1 x 2  (world=2)
Frags per rank : 32
Repeats        : 1
Samples        : 20
Threshold      : (per-fragment, formula)
GPUs visible   : 2


========== EXPERIMENT METRICS (global) ==========
Mode              : BASELINE
M x K x N         : 6656 x 6656 x 6656
Process grid      : 1 x 2
Frags per rank    : 32
Total fragments   : 64
Repeats           : 1
Threshold used    : 175.3117
--- Timing (worst rank) ---
Baseline   min/med/max : 80.1923 / 87.2828 / 90.5125  ms
Baseline   GFLOPS (med): 6756.8041  (min 6515.7034, max 7354.2338)
Protected  min/med/max : 80.1923 / 87.2828 / 90.5125  ms
Protected  GFLOPS (med): 6756.8041  (min 6515.7034, max 7354.2338)
Overhead (median)      : 0.0000 %
--- Confusion Matrix (global) ---
TP / TN / FP / FN     : 0 / 1280 / 0 / 0
Recall                : 0.0000
Detection precision   : 0.0000
Correction precision  : 0.0000 %
==================================================

--- sq 6912^3 F=1 ---
=== ABFT GEMM (cuBLAS, online pipelined) ===
Mode           : baseline  (inject=none)
M x K x N      : 6912 x 6912 x 6912
Process grid   : 1 x 2  (world=2)
Frags per rank : 1
Repeats        : 1
Samples        : 20
Threshold      : (per-fragment, formula)
GPUs visible   : 2


========== EXPERIMENT METRICS (global) ==========
Mode              : BASELINE
M x K x N         : 6912 x 6912 x 6912
Process grid      : 1 x 2
Frags per rank    : 1
Total fragments   : 2
Repeats           : 1
Threshold used    : 5238.6386
--- Timing (worst rank) ---
Baseline   min/med/max : 62.9939 / 67.3886 / 68.6442  ms
Baseline   GFLOPS (med): 9800.6437  (min 9621.3741, max 10484.3849)
Protected  min/med/max : 62.9939 / 67.3886 / 68.6442  ms
Protected  GFLOPS (med): 9800.6437  (min 9621.3741, max 10484.3849)
Overhead (median)      : 0.0000 %
--- Confusion Matrix (global) ---
TP / TN / FP / FN     : 0 / 40 / 0 / 0
Recall                : 0.0000
Detection precision   : 0.0000
Correction precision  : 0.0000 %
==================================================

--- sq 6912^3 F=2 ---
=== ABFT GEMM (cuBLAS, online pipelined) ===
Mode           : baseline  (inject=none)
M x K x N      : 6912 x 6912 x 6912
Process grid   : 1 x 2  (world=2)
Frags per rank : 2
Repeats        : 1
Samples        : 20
Threshold      : (per-fragment, formula)
GPUs visible   : 2


========== EXPERIMENT METRICS (global) ==========
Mode              : BASELINE
M x K x N         : 6912 x 6912 x 6912
Process grid      : 1 x 2
Frags per rank    : 2
Total fragments   : 4
Repeats           : 1
Threshold used    : 2655.5038
--- Timing (worst rank) ---
Baseline   min/med/max : 65.5749 / 70.7570 / 72.1428  ms
Baseline   GFLOPS (med): 9334.0907  (min 9154.7796, max 10071.7130)
Protected  min/med/max : 65.5749 / 70.7570 / 72.1428  ms
Protected  GFLOPS (med): 9334.0907  (min 9154.7796, max 10071.7130)
Overhead (median)      : 0.0000 %
--- Confusion Matrix (global) ---
TP / TN / FP / FN     : 0 / 80 / 0 / 0
Recall                : 0.0000
Detection precision   : 0.0000
Correction precision  : 0.0000 %
==================================================

--- sq 6912^3 F=4 ---
=== ABFT GEMM (cuBLAS, online pipelined) ===
Mode           : baseline  (inject=none)
M x K x N      : 6912 x 6912 x 6912
Process grid   : 1 x 2  (world=2)
Frags per rank : 4
Repeats        : 1
Samples        : 20
Threshold      : (per-fragment, formula)
GPUs visible   : 2


========== EXPERIMENT METRICS (global) ==========
Mode              : BASELINE
M x K x N         : 6912 x 6912 x 6912
Process grid      : 1 x 2
Frags per rank    : 4
Total fragments   : 8
Repeats           : 1
Threshold used    : 1351.7684
--- Timing (worst rank) ---
Baseline   min/med/max : 64.4184 / 69.2383 / 70.2479  ms
Baseline   GFLOPS (med): 9538.8162  (min 9401.7264, max 10252.5392)
Protected  min/med/max : 64.4184 / 69.2383 / 70.2479  ms
Protected  GFLOPS (med): 9538.8162  (min 9401.7264, max 10252.5392)
Overhead (median)      : 0.0000 %
--- Confusion Matrix (global) ---
TP / TN / FP / FN     : 0 / 160 / 0 / 0
Recall                : 0.0000
Detection precision   : 0.0000
Correction precision  : 0.0000 %
==================================================

--- sq 6912^3 F=8 ---
=== ABFT GEMM (cuBLAS, online pipelined) ===
Mode           : baseline  (inject=none)
M x K x N      : 6912 x 6912 x 6912
Process grid   : 1 x 2  (world=2)
Frags per rank : 8
Repeats        : 1
Samples        : 20
Threshold      : (per-fragment, formula)
GPUs visible   : 2


========== EXPERIMENT METRICS (global) ==========
Mode              : BASELINE
M x K x N         : 6912 x 6912 x 6912
Process grid      : 1 x 2
Frags per rank    : 8
Total fragments   : 16
Repeats           : 1
Threshold used    : 694.6001
--- Timing (worst rank) ---
Baseline   min/med/max : 75.9481 / 79.7381 / 81.0550  ms
Baseline   GFLOPS (med): 8282.7677  (min 8148.1925, max 8696.0990)
Protected  min/med/max : 75.9481 / 79.7381 / 81.0550  ms
Protected  GFLOPS (med): 8282.7677  (min 8148.1925, max 8696.0990)
Overhead (median)      : 0.0000 %
--- Confusion Matrix (global) ---
TP / TN / FP / FN     : 0 / 320 / 0 / 0
Recall                : 0.0000
Detection precision   : 0.0000
Correction precision  : 0.0000 %
==================================================

--- sq 6912^3 F=16 ---
=== ABFT GEMM (cuBLAS, online pipelined) ===
Mode           : baseline  (inject=none)
M x K x N      : 6912 x 6912 x 6912
Process grid   : 1 x 2  (world=2)
Frags per rank : 16
Repeats        : 1
Samples        : 20
Threshold      : (per-fragment, formula)
GPUs visible   : 2


========== EXPERIMENT METRICS (global) ==========
Mode              : BASELINE
M x K x N         : 6912 x 6912 x 6912
Process grid      : 1 x 2
Frags per rank    : 16
Total fragments   : 32
Repeats           : 1
Threshold used    : 356.8179
--- Timing (worst rank) ---
Baseline   min/med/max : 91.4427 / 92.0919 / 92.7600  ms
Baseline   GFLOPS (med): 7171.6635  (min 7120.0107, max 7222.5758)
Protected  min/med/max : 91.4427 / 92.0919 / 92.7600  ms
Protected  GFLOPS (med): 7171.6635  (min 7120.0107, max 7222.5758)
Overhead (median)      : 0.0000 %
--- Confusion Matrix (global) ---
TP / TN / FP / FN     : 0 / 640 / 0 / 0
Recall                : 0.0000
Detection precision   : 0.0000
Correction precision  : 0.0000 %
==================================================

--- sq 6912^3 F=32 ---
=== ABFT GEMM (cuBLAS, online pipelined) ===
Mode           : baseline  (inject=none)
M x K x N      : 6912 x 6912 x 6912
Process grid   : 1 x 2  (world=2)
Frags per rank : 32
Repeats        : 1
Samples        : 20
Threshold      : (per-fragment, formula)
GPUs visible   : 2


========== EXPERIMENT METRICS (global) ==========
Mode              : BASELINE
M x K x N         : 6912 x 6912 x 6912
Process grid      : 1 x 2
Frags per rank    : 32
Total fragments   : 64
Repeats           : 1
Threshold used    : 190.7724
--- Timing (worst rank) ---
Baseline   min/med/max : 88.4564 / 94.8972 / 96.9081  ms
Baseline   GFLOPS (med): 6959.6540  (min 6815.2361, max 7466.4082)
Protected  min/med/max : 88.4564 / 94.8972 / 96.9081  ms
Protected  GFLOPS (med): 6959.6540  (min 6815.2361, max 7466.4082)
Overhead (median)      : 0.0000 %
--- Confusion Matrix (global) ---
TP / TN / FP / FN     : 0 / 1280 / 0 / 0
Recall                : 0.0000
Detection precision   : 0.0000
Correction precision  : 0.0000 %
==================================================

--- sq 7168^3 F=1 ---
=== ABFT GEMM (cuBLAS, online pipelined) ===
Mode           : baseline  (inject=none)
M x K x N      : 7168 x 7168 x 7168
Process grid   : 1 x 2  (world=2)
Frags per rank : 1
Repeats        : 1
Samples        : 20
Threshold      : (per-fragment, formula)
GPUs visible   : 2


========== EXPERIMENT METRICS (global) ==========
Mode              : BASELINE
M x K x N         : 7168 x 7168 x 7168
Process grid      : 1 x 2
Frags per rank    : 1
Total fragments   : 2
Repeats           : 1
Threshold used    : 5836.2945
--- Timing (worst rank) ---
Baseline   min/med/max : 71.3431 / 76.3365 / 78.3390  ms
Baseline   GFLOPS (med): 9649.2037  (min 9402.5596, max 10324.5677)
Protected  min/med/max : 71.3431 / 76.3365 / 78.3390  ms
Protected  GFLOPS (med): 9649.2037  (min 9402.5596, max 10324.5677)
Overhead (median)      : 0.0000 %
--- Confusion Matrix (global) ---
TP / TN / FP / FN     : 0 / 40 / 0 / 0
Recall                : 0.0000
Detection precision   : 0.0000
Correction precision  : 0.0000 %
==================================================

--- sq 7168^3 F=2 ---
=== ABFT GEMM (cuBLAS, online pipelined) ===
Mode           : baseline  (inject=none)
M x K x N      : 7168 x 7168 x 7168
Process grid   : 1 x 2  (world=2)
Frags per rank : 2
Repeats        : 1
Samples        : 20
Threshold      : (per-fragment, formula)
GPUs visible   : 2


========== EXPERIMENT METRICS (global) ==========
Mode              : BASELINE
M x K x N         : 7168 x 7168 x 7168
Process grid      : 1 x 2
Frags per rank    : 2
Total fragments   : 4
Repeats           : 1
Threshold used    : 2959.1054
--- Timing (worst rank) ---
Baseline   min/med/max : 70.1242 / 75.5513 / 77.1532  ms
Baseline   GFLOPS (med): 9749.4924  (min 9547.0656, max 10504.0344)
Protected  min/med/max : 70.1242 / 75.5513 / 77.1532  ms
Protected  GFLOPS (med): 9749.4924  (min 9547.0656, max 10504.0344)
Overhead (median)      : 0.0000 %
--- Confusion Matrix (global) ---
TP / TN / FP / FN     : 0 / 80 / 0 / 0
Recall                : 0.0000
Detection precision   : 0.0000
Correction precision  : 0.0000 %
==================================================

--- sq 7168^3 F=4 ---
=== ABFT GEMM (cuBLAS, online pipelined) ===
Mode           : baseline  (inject=none)
M x K x N      : 7168 x 7168 x 7168
Process grid   : 1 x 2  (world=2)
Frags per rank : 4
Repeats        : 1
Samples        : 20
Threshold      : (per-fragment, formula)
GPUs visible   : 2


========== EXPERIMENT METRICS (global) ==========
Mode              : BASELINE
M x K x N         : 7168 x 7168 x 7168
Process grid      : 1 x 2
Frags per rank    : 4
Total fragments   : 8
Repeats           : 1
Threshold used    : 1501.0220
--- Timing (worst rank) ---
Baseline   min/med/max : 72.2441 / 76.7761 / 79.0724  ms
Baseline   GFLOPS (med): 9593.9646  (min 9315.3462, max 10195.8033)
Protected  min/med/max : 72.2441 / 76.7761 / 79.0724  ms
Protected  GFLOPS (med): 9593.9646  (min 9315.3462, max 10195.8033)
Overhead (median)      : 0.0000 %
--- Confusion Matrix (global) ---
TP / TN / FP / FN     : 0 / 160 / 0 / 0
Recall                : 0.0000
Detection precision   : 0.0000
Correction precision  : 0.0000 %
==================================================

--- sq 7168^3 F=8 ---
=== ABFT GEMM (cuBLAS, online pipelined) ===
Mode           : baseline  (inject=none)
M x K x N      : 7168 x 7168 x 7168
Process grid   : 1 x 2  (world=2)
Frags per rank : 8
Repeats        : 1
Samples        : 20
Threshold      : (per-fragment, formula)
GPUs visible   : 2


========== EXPERIMENT METRICS (global) ==========
Mode              : BASELINE
M x K x N         : 7168 x 7168 x 7168
Process grid      : 1 x 2
Frags per rank    : 8
Total fragments   : 16
Repeats           : 1
Threshold used    : 773.4493
--- Timing (worst rank) ---
Baseline   min/med/max : 82.7466 / 86.0574 / 87.5853  ms
Baseline   GFLOPS (med): 8559.2554  (min 8409.9330, max 8901.7139)
Protected  min/med/max : 82.7466 / 86.0574 / 87.5853  ms
Protected  GFLOPS (med): 8559.2554  (min 8409.9330, max 8901.7139)
Overhead (median)      : 0.0000 %
--- Confusion Matrix (global) ---
TP / TN / FP / FN     : 0 / 320 / 0 / 0
Recall                : 0.0000
Detection precision   : 0.0000
Correction precision  : 0.0000 %
==================================================

--- sq 7168^3 F=16 ---
=== ABFT GEMM (cuBLAS, online pipelined) ===
Mode           : baseline  (inject=none)
M x K x N      : 7168 x 7168 x 7168
Process grid   : 1 x 2  (world=2)
Frags per rank : 16
Repeats        : 1
Samples        : 20
Threshold      : (per-fragment, formula)
GPUs visible   : 2


========== EXPERIMENT METRICS (global) ==========
Mode              : BASELINE
M x K x N         : 7168 x 7168 x 7168
Process grid      : 1 x 2
Frags per rank    : 16
Total fragments   : 32
Repeats           : 1
Threshold used    : 399.2435
--- Timing (worst rank) ---
Baseline   min/med/max : 95.4914 / 97.7729 / 98.1712  ms
Baseline   GFLOPS (med): 7533.6476  (min 7503.0850, max 7713.6494)
Protected  min/med/max : 95.4914 / 97.7729 / 98.1712  ms
Protected  GFLOPS (med): 7533.6476  (min 7503.0850, max 7713.6494)
Overhead (median)      : 0.0000 %
--- Confusion Matrix (global) ---
TP / TN / FP / FN     : 0 / 640 / 0 / 0
Recall                : 0.0000
Detection precision   : 0.0000
Correction precision  : 0.0000 %
==================================================

--- sq 7168^3 F=32 ---
=== ABFT GEMM (cuBLAS, online pipelined) ===
Mode           : baseline  (inject=none)
M x K x N      : 7168 x 7168 x 7168
Process grid   : 1 x 2  (world=2)
Frags per rank : 32
Repeats        : 1
Samples        : 20
Threshold      : (per-fragment, formula)
GPUs visible   : 2


========== EXPERIMENT METRICS (global) ==========
Mode              : BASELINE
M x K x N         : 7168 x 7168 x 7168
Process grid      : 1 x 2
Frags per rank    : 32
Total fragments   : 64
Repeats           : 1
Threshold used    : 210.8334
--- Timing (worst rank) ---
Baseline   min/med/max : 95.5817 / 102.1071 / 104.3710  ms
Baseline   GFLOPS (med): 7213.8675  (min 7057.3879, max 7706.3628)
Protected  min/med/max : 95.5817 / 102.1071 / 104.3710  ms
Protected  GFLOPS (med): 7213.8675  (min 7057.3879, max 7706.3628)
Overhead (median)      : 0.0000 %
--- Confusion Matrix (global) ---
TP / TN / FP / FN     : 0 / 1280 / 0 / 0
Recall                : 0.0000
Detection precision   : 0.0000
Correction precision  : 0.0000 %
==================================================

--- sq 7424^3 F=1 ---
=== ABFT GEMM (cuBLAS, online pipelined) ===
Mode           : baseline  (inject=none)
M x K x N      : 7424 x 7424 x 7424
Process grid   : 1 x 2  (world=2)
Frags per rank : 1
Repeats        : 1
Samples        : 20
Threshold      : (per-fragment, formula)
GPUs visible   : 2


========== EXPERIMENT METRICS (global) ==========
Mode              : BASELINE
M x K x N         : 7424 x 7424 x 7424
Process grid      : 1 x 2
Frags per rank    : 1
Total fragments   : 2
Repeats           : 1
Threshold used    : 6500.4796
--- Timing (worst rank) ---
Baseline   min/med/max : 78.5912 / 84.0760 / 85.9837  ms
Baseline   GFLOPS (med): 9733.5644  (min 9517.6050, max 10412.8573)
Protected  min/med/max : 78.5912 / 84.0760 / 85.9837  ms
Protected  GFLOPS (med): 9733.5644  (min 9517.6050, max 10412.8573)
Overhead (median)      : 0.0000 %
--- Confusion Matrix (global) ---
TP / TN / FP / FN     : 0 / 40 / 0 / 0
Recall                : 0.0000
Detection precision   : 0.0000
Correction precision  : 0.0000 %
==================================================

--- sq 7424^3 F=2 ---
=== ABFT GEMM (cuBLAS, online pipelined) ===
Mode           : baseline  (inject=none)
M x K x N      : 7424 x 7424 x 7424
Process grid   : 1 x 2  (world=2)
Frags per rank : 2
Repeats        : 1
Samples        : 20
Threshold      : (per-fragment, formula)
GPUs visible   : 2


========== EXPERIMENT METRICS (global) ==========
Mode              : BASELINE
M x K x N         : 7424 x 7424 x 7424
Process grid      : 1 x 2
Frags per rank    : 2
Total fragments   : 4
Repeats           : 1
Threshold used    : 3289.9286
--- Timing (worst rank) ---
Baseline   min/med/max : 82.5603 / 86.6760 / 87.8851  ms
Baseline   GFLOPS (med): 9441.5855  (min 9311.6976, max 9912.2582)
Protected  min/med/max : 82.5603 / 86.6760 / 87.8851  ms
Protected  GFLOPS (med): 9441.5855  (min 9311.6976, max 9912.2582)
Overhead (median)      : 0.0000 %
--- Confusion Matrix (global) ---
TP / TN / FP / FN     : 0 / 80 / 0 / 0
Recall                : 0.0000
Detection precision   : 0.0000
Correction precision  : 0.0000 %
==================================================

--- sq 7424^3 F=4 ---
=== ABFT GEMM (cuBLAS, online pipelined) ===
Mode           : baseline  (inject=none)
M x K x N      : 7424 x 7424 x 7424
Process grid   : 1 x 2  (world=2)
Frags per rank : 4
Repeats        : 1
Samples        : 20
Threshold      : (per-fragment, formula)
GPUs visible   : 2


========== EXPERIMENT METRICS (global) ==========
Mode              : BASELINE
M x K x N         : 7424 x 7424 x 7424
Process grid      : 1 x 2
Frags per rank    : 4
Total fragments   : 8
Repeats           : 1
Threshold used    : 1682.7426
--- Timing (worst rank) ---
Baseline   min/med/max : 86.3145 / 91.5172 / 92.4753  ms
Baseline   GFLOPS (med): 8942.1292  (min 8849.4904, max 9481.1265)
Protected  min/med/max : 86.3145 / 91.5172 / 92.4753  ms
Protected  GFLOPS (med): 8942.1292  (min 8849.4904, max 9481.1265)
Overhead (median)      : 0.0000 %
--- Confusion Matrix (global) ---
TP / TN / FP / FN     : 0 / 160 / 0 / 0
Recall                : 0.0000
Detection precision   : 0.0000
Correction precision  : 0.0000 %
==================================================

--- sq 7424^3 F=8 ---
=== ABFT GEMM (cuBLAS, online pipelined) ===
Mode           : baseline  (inject=none)
M x K x N      : 7424 x 7424 x 7424
Process grid   : 1 x 2  (world=2)
Frags per rank : 8
Repeats        : 1
Samples        : 20
Threshold      : (per-fragment, formula)
GPUs visible   : 2


========== EXPERIMENT METRICS (global) ==========
Mode              : BASELINE
M x K x N         : 7424 x 7424 x 7424
Process grid      : 1 x 2
Frags per rank    : 8
Total fragments   : 16
Repeats           : 1
Threshold used    : 858.5264
--- Timing (worst rank) ---
Baseline   min/med/max : 86.4909 / 91.0553 / 93.1879  ms
Baseline   GFLOPS (med): 8987.4969  (min 8781.8138, max 9461.7966)
Protected  min/med/max : 86.4909 / 91.0553 / 93.1879  ms
Protected  GFLOPS (med): 8987.4969  (min 8781.8138, max 9461.7966)
Overhead (median)      : 0.0000 %
--- Confusion Matrix (global) ---
TP / TN / FP / FN     : 0 / 320 / 0 / 0
Recall                : 0.0000
Detection precision   : 0.0000
Correction precision  : 0.0000 %
==================================================

--- sq 7424^3 F=16 ---
=== ABFT GEMM (cuBLAS, online pipelined) ===
Mode           : baseline  (inject=none)
M x K x N      : 7424 x 7424 x 7424
Process grid   : 1 x 2  (world=2)
Frags per rank : 16
Repeats        : 1
Samples        : 20
Threshold      : (per-fragment, formula)
GPUs visible   : 2


========== EXPERIMENT METRICS (global) ==========
Mode              : BASELINE
M x K x N         : 7424 x 7424 x 7424
Process grid      : 1 x 2
Frags per rank    : 16
Total fragments   : 32
Repeats           : 1
Threshold used    : 445.9177
--- Timing (worst rank) ---
Baseline   min/med/max : 99.7185 / 102.1816 / 102.5601  ms
Baseline   GFLOPS (med): 8008.8660  (min 7979.3135, max 8206.6957)
Protected  min/med/max : 99.7185 / 102.1816 / 102.5601  ms
Protected  GFLOPS (med): 8008.8660  (min 7979.3135, max 8206.6957)
Overhead (median)      : 0.0000 %
--- Confusion Matrix (global) ---
TP / TN / FP / FN     : 0 / 640 / 0 / 0
Recall                : 0.0000
Detection precision   : 0.0000
Correction precision  : 0.0000 %
==================================================

--- sq 7424^3 F=32 ---
=== ABFT GEMM (cuBLAS, online pipelined) ===
Mode           : baseline  (inject=none)
M x K x N      : 7424 x 7424 x 7424
Process grid   : 1 x 2  (world=2)
Frags per rank : 32
Repeats        : 1
Samples        : 20
Threshold      : (per-fragment, formula)
GPUs visible   : 2


========== EXPERIMENT METRICS (global) ==========
Mode              : BASELINE
M x K x N         : 7424 x 7424 x 7424
Process grid      : 1 x 2
Frags per rank    : 32
Total fragments   : 64
Repeats           : 1
Threshold used    : 233.6736
--- Timing (worst rank) ---
Baseline   min/med/max : 107.1932 / 111.2660 / 114.4591  ms
Baseline   GFLOPS (med): 7354.9770  (min 7149.7919, max 7634.4339)
Protected  min/med/max : 107.1932 / 111.2660 / 114.4591  ms
Protected  GFLOPS (med): 7354.9770  (min 7149.7919, max 7634.4339)
Overhead (median)      : 0.0000 %
--- Confusion Matrix (global) ---
TP / TN / FP / FN     : 0 / 1280 / 0 / 0
Recall                : 0.0000
Detection precision   : 0.0000
Correction precision  : 0.0000 %
==================================================

--- sq 7680^3 F=1 ---
=== ABFT GEMM (cuBLAS, online pipelined) ===
Mode           : baseline  (inject=none)
M x K x N      : 7680 x 7680 x 7680
Process grid   : 1 x 2  (world=2)
Frags per rank : 1
Repeats        : 1
Samples        : 20
Threshold      : (per-fragment, formula)
GPUs visible   : 2


========== EXPERIMENT METRICS (global) ==========
Mode              : BASELINE
M x K x N         : 7680 x 7680 x 7680
Process grid      : 1 x 2
Frags per rank    : 1
Total fragments   : 2
Repeats           : 1
Threshold used    : 7172.0519
--- Timing (worst rank) ---
Baseline   min/med/max : 87.1352 / 94.7807 / 96.1469  ms
Baseline   GFLOPS (med): 9558.5853  (min 9422.7642, max 10397.2889)
Protected  min/med/max : 87.1352 / 94.7807 / 96.1469  ms
Protected  GFLOPS (med): 9558.5853  (min 9422.7642, max 10397.2889)
Overhead (median)      : 0.0000 %
--- Confusion Matrix (global) ---
TP / TN / FP / FN     : 0 / 40 / 0 / 0
Recall                : 0.0000
Detection precision   : 0.0000
Correction precision  : 0.0000 %
==================================================

--- sq 7680^3 F=2 ---
=== ABFT GEMM (cuBLAS, online pipelined) ===
Mode           : baseline  (inject=none)
M x K x N      : 7680 x 7680 x 7680
Process grid   : 1 x 2  (world=2)
Frags per rank : 2
Repeats        : 1
Samples        : 20
Threshold      : (per-fragment, formula)
GPUs visible   : 2


========== EXPERIMENT METRICS (global) ==========
Mode              : BASELINE
M x K x N         : 7680 x 7680 x 7680
Process grid      : 1 x 2
Frags per rank    : 2
Total fragments   : 4
Repeats           : 1
Threshold used    : 3621.7793
--- Timing (worst rank) ---
Baseline   min/med/max : 87.8793 / 93.6266 / 94.5720  ms
Baseline   GFLOPS (med): 9676.4110  (min 9579.6851, max 10309.2517)
Protected  min/med/max : 87.8793 / 93.6266 / 94.5720  ms
Protected  GFLOPS (med): 9676.4110  (min 9579.6851, max 10309.2517)
Overhead (median)      : 0.0000 %
--- Confusion Matrix (global) ---
TP / TN / FP / FN     : 0 / 80 / 0 / 0
Recall                : 0.0000
Detection precision   : 0.0000
Correction precision  : 0.0000 %
==================================================

--- sq 7680^3 F=4 ---
=== ABFT GEMM (cuBLAS, online pipelined) ===
Mode           : baseline  (inject=none)
M x K x N      : 7680 x 7680 x 7680
Process grid   : 1 x 2  (world=2)
Frags per rank : 4
Repeats        : 1
Samples        : 20
Threshold      : (per-fragment, formula)
GPUs visible   : 2


========== EXPERIMENT METRICS (global) ==========
Mode              : BASELINE
M x K x N         : 7680 x 7680 x 7680
Process grid      : 1 x 2
Frags per rank    : 4
Total fragments   : 8
Repeats           : 1
Threshold used    : 1840.1183
--- Timing (worst rank) ---
Baseline   min/med/max : 92.3916 / 97.8219 / 100.0256  ms
Baseline   GFLOPS (med): 9261.4222  (min 9057.3772, max 9805.7611)
Protected  min/med/max : 92.3916 / 97.8219 / 100.0256  ms
Protected  GFLOPS (med): 9261.4222  (min 9057.3772, max 9805.7611)
Overhead (median)      : 0.0000 %
--- Confusion Matrix (global) ---
TP / TN / FP / FN     : 0 / 160 / 0 / 0
Recall                : 0.0000
Detection precision   : 0.0000
Correction precision  : 0.0000 %
==================================================

--- sq 7680^3 F=8 ---
=== ABFT GEMM (cuBLAS, online pipelined) ===
Mode           : baseline  (inject=none)
M x K x N      : 7680 x 7680 x 7680
Process grid   : 1 x 2  (world=2)
Frags per rank : 8
Repeats        : 1
Samples        : 20
Threshold      : (per-fragment, formula)
GPUs visible   : 2


========== EXPERIMENT METRICS (global) ==========
Mode              : BASELINE
M x K x N         : 7680 x 7680 x 7680
Process grid      : 1 x 2
Frags per rank    : 8
Total fragments   : 16
Repeats           : 1
Threshold used    : 949.9796
--- Timing (worst rank) ---
Baseline   min/med/max : 93.9765 / 97.0524 / 98.7351  ms
Baseline   GFLOPS (med): 9334.8478  (min 9175.7599, max 9640.3836)
Protected  min/med/max : 93.9765 / 97.0524 / 98.7351  ms
Protected  GFLOPS (med): 9334.8478  (min 9175.7599, max 9640.3836)
Overhead (median)      : 0.0000 %
--- Confusion Matrix (global) ---
TP / TN / FP / FN     : 0 / 320 / 0 / 0
Recall                : 0.0000
Detection precision   : 0.0000
Correction precision  : 0.0000 %
==================================================

--- sq 7680^3 F=16 ---
=== ABFT GEMM (cuBLAS, online pipelined) ===
Mode           : baseline  (inject=none)
M x K x N      : 7680 x 7680 x 7680
Process grid   : 1 x 2  (world=2)
Frags per rank : 16
Repeats        : 1
Samples        : 20
Threshold      : (per-fragment, formula)
GPUs visible   : 2


========== EXPERIMENT METRICS (global) ==========
Mode              : BASELINE
M x K x N         : 7680 x 7680 x 7680
Process grid      : 1 x 2
Frags per rank    : 16
Total fragments   : 32
Repeats           : 1
Threshold used    : 486.6938
--- Timing (worst rank) ---
Baseline   min/med/max : 103.5055 / 106.3683 / 107.5117  ms
Baseline   GFLOPS (med): 8517.2870  (min 8426.7102, max 8752.8639)
Protected  min/med/max : 103.5055 / 106.3683 / 107.5117  ms
Protected  GFLOPS (med): 8517.2870  (min 8426.7102, max 8752.8639)
Overhead (median)      : 0.0000 %
--- Confusion Matrix (global) ---
TP / TN / FP / FN     : 0 / 640 / 0 / 0
Recall                : 0.0000
Detection precision   : 0.0000
Correction precision  : 0.0000 %
==================================================

--- sq 7680^3 F=32 ---
=== ABFT GEMM (cuBLAS, online pipelined) ===
Mode           : baseline  (inject=none)
M x K x N      : 7680 x 7680 x 7680
Process grid   : 1 x 2  (world=2)
Frags per rank : 32
Repeats        : 1
Samples        : 20
Threshold      : (per-fragment, formula)
GPUs visible   : 2


========== EXPERIMENT METRICS (global) ==========
Mode              : BASELINE
M x K x N         : 7680 x 7680 x 7680
Process grid      : 1 x 2
Frags per rank    : 32
Total fragments   : 64
Repeats           : 1
Threshold used    : 257.7488
--- Timing (worst rank) ---
Baseline   min/med/max : 117.6177 / 120.6977 / 123.0283  ms
Baseline   GFLOPS (med): 7506.1063  (min 7363.9114, max 7702.6631)
Protected  min/med/max : 117.6177 / 120.6977 / 123.0283  ms
Protected  GFLOPS (med): 7506.1063  (min 7363.9114, max 7702.6631)
Overhead (median)      : 0.0000 %
--- Confusion Matrix (global) ---
TP / TN / FP / FN     : 0 / 1280 / 0 / 0
Recall                : 0.0000
Detection precision   : 0.0000
Correction precision  : 0.0000 %
==================================================

--- sq 7936^3 F=1 ---
=== ABFT GEMM (cuBLAS, online pipelined) ===
Mode           : baseline  (inject=none)
M x K x N      : 7936 x 7936 x 7936
Process grid   : 1 x 2  (world=2)
Frags per rank : 1
Repeats        : 1
Samples        : 20
Threshold      : (per-fragment, formula)
GPUs visible   : 2


========== EXPERIMENT METRICS (global) ==========
Mode              : BASELINE
M x K x N         : 7936 x 7936 x 7936
Process grid      : 1 x 2
Frags per rank    : 1
Total fragments   : 2
Repeats           : 1
Threshold used    : 7886.2207
--- Timing (worst rank) ---
Baseline   min/med/max : 97.6256 / 104.2149 / 106.6392  ms
Baseline   GFLOPS (med): 9591.9092  (min 9373.8528, max 10239.3231)
Protected  min/med/max : 97.6256 / 104.2149 / 106.6392  ms
Protected  GFLOPS (med): 9591.9092  (min 9373.8528, max 10239.3231)
Overhead (median)      : 0.0000 %
--- Confusion Matrix (global) ---
TP / TN / FP / FN     : 0 / 40 / 0 / 0
Recall                : 0.0000
Detection precision   : 0.0000
Correction precision  : 0.0000 %
==================================================

--- sq 7936^3 F=2 ---
=== ABFT GEMM (cuBLAS, online pipelined) ===
Mode           : baseline  (inject=none)
M x K x N      : 7936 x 7936 x 7936
Process grid   : 1 x 2  (world=2)
Frags per rank : 2
Repeats        : 1
Samples        : 20
Threshold      : (per-fragment, formula)
GPUs visible   : 2


========== EXPERIMENT METRICS (global) ==========
Mode              : BASELINE
M x K x N         : 7936 x 7936 x 7936
Process grid      : 1 x 2
Frags per rank    : 2
Total fragments   : 4
Repeats           : 1
Threshold used    : 3987.2676
--- Timing (worst rank) ---
Baseline   min/med/max : 102.8016 / 106.8192 / 109.8846  ms
Baseline   GFLOPS (med): 9358.0533  (min 9096.9947, max 9723.7840)
Protected  min/med/max : 102.8016 / 106.8192 / 109.8846  ms
Protected  GFLOPS (med): 9358.0533  (min 9096.9947, max 9723.7840)
Overhead (median)      : 0.0000 %
--- Confusion Matrix (global) ---
TP / TN / FP / FN     : 0 / 80 / 0 / 0
Recall                : 0.0000
Detection precision   : 0.0000
Correction precision  : 0.0000 %
==================================================

--- sq 7936^3 F=4 ---
=== ABFT GEMM (cuBLAS, online pipelined) ===
Mode           : baseline  (inject=none)
M x K x N      : 7936 x 7936 x 7936
Process grid   : 1 x 2  (world=2)
Frags per rank : 4
Repeats        : 1
Samples        : 20
Threshold      : (per-fragment, formula)
GPUs visible   : 2


========== EXPERIMENT METRICS (global) ==========
Mode              : BASELINE
M x K x N         : 7936 x 7936 x 7936
Process grid      : 1 x 2
Frags per rank    : 4
Total fragments   : 8
Repeats           : 1
Threshold used    : 2038.2560
--- Timing (worst rank) ---
Baseline   min/med/max : 102.4980 / 106.3228 / 107.5541  ms
Baseline   GFLOPS (med): 9401.7451  (min 9294.1118, max 9752.5836)
Protected  min/med/max : 102.4980 / 106.3228 / 107.5541  ms
Protected  GFLOPS (med): 9401.7451  (min 9294.1118, max 9752.5836)
Overhead (median)      : 0.0000 %
--- Confusion Matrix (global) ---
TP / TN / FP / FN     : 0 / 160 / 0 / 0
Recall                : 0.0000
Detection precision   : 0.0000
Correction precision  : 0.0000 %
==================================================

--- sq 7936^3 F=8 ---
=== ABFT GEMM (cuBLAS, online pipelined) ===
Mode           : baseline  (inject=none)
M x K x N      : 7936 x 7936 x 7936
Process grid   : 1 x 2  (world=2)
Frags per rank : 8
Repeats        : 1
Samples        : 20
Threshold      : (per-fragment, formula)
GPUs visible   : 2


========== EXPERIMENT METRICS (global) ==========
Mode              : BASELINE
M x K x N         : 7936 x 7936 x 7936
Process grid      : 1 x 2
Frags per rank    : 8
Total fragments   : 16
Repeats           : 1
Threshold used    : 1048.3689
--- Timing (worst rank) ---
Baseline   min/med/max : 106.8611 / 109.3566 / 111.2037  ms
Baseline   GFLOPS (med): 9140.9204  (min 8989.0861, max 9354.3899)
Protected  min/med/max : 106.8611 / 109.3566 / 111.2037  ms
Protected  GFLOPS (med): 9140.9204  (min 8989.0861, max 9354.3899)
Overhead (median)      : 0.0000 %
--- Confusion Matrix (global) ---
TP / TN / FP / FN     : 0 / 320 / 0 / 0
Recall                : 0.0000
Detection precision   : 0.0000
Correction precision  : 0.0000 %
==================================================

--- sq 7936^3 F=16 ---
=== ABFT GEMM (cuBLAS, online pipelined) ===
Mode           : baseline  (inject=none)
M x K x N      : 7936 x 7936 x 7936
Process grid   : 1 x 2  (world=2)
Frags per rank : 16
Repeats        : 1
Samples        : 20
Threshold      : (per-fragment, formula)
GPUs visible   : 2


========== EXPERIMENT METRICS (global) ==========
Mode              : BASELINE
M x K x N         : 7936 x 7936 x 7936
Process grid      : 1 x 2
Frags per rank    : 16
Total fragments   : 32
Repeats           : 1
Threshold used    : 540.6853
--- Timing (worst rank) ---
Baseline   min/med/max : 108.9370 / 114.4219 / 116.2812  ms
Baseline   GFLOPS (med): 8736.2670  (min 8596.5738, max 9176.1259)
Protected  min/med/max : 108.9370 / 114.4219 / 116.2812  ms
Protected  GFLOPS (med): 8736.2670  (min 8596.5738, max 9176.1259)
Overhead (median)      : 0.0000 %
--- Confusion Matrix (global) ---
TP / TN / FP / FN     : 0 / 640 / 0 / 0
Recall                : 0.0000
Detection precision   : 0.0000
Correction precision  : 0.0000 %
==================================================

--- sq 7936^3 F=32 ---
=== ABFT GEMM (cuBLAS, online pipelined) ===
Mode           : baseline  (inject=none)
M x K x N      : 7936 x 7936 x 7936
Process grid   : 1 x 2  (world=2)
Frags per rank : 32
Repeats        : 1
Samples        : 20
Threshold      : (per-fragment, formula)
GPUs visible   : 2


========== EXPERIMENT METRICS (global) ==========
Mode              : BASELINE
M x K x N         : 7936 x 7936 x 7936
Process grid      : 1 x 2
Frags per rank    : 32
Total fragments   : 64
Repeats           : 1
Threshold used    : 281.0463
--- Timing (worst rank) ---
Baseline   min/med/max : 128.8981 / 131.2097 / 133.5399  ms
Baseline   GFLOPS (med): 7618.4927  (min 7485.5517, max 7755.1175)
Protected  min/med/max : 128.8981 / 131.2097 / 133.5399  ms
Protected  GFLOPS (med): 7618.4927  (min 7485.5517, max 7755.1175)
Overhead (median)      : 0.0000 %
--- Confusion Matrix (global) ---
TP / TN / FP / FN     : 0 / 1280 / 0 / 0
Recall                : 0.0000
Detection precision   : 0.0000
Correction precision  : 0.0000 %
==================================================

--- sq 8192^3 F=1 ---
=== ABFT GEMM (cuBLAS, online pipelined) ===
Mode           : baseline  (inject=none)
M x K x N      : 8192 x 8192 x 8192
Process grid   : 1 x 2  (world=2)
Frags per rank : 1
Repeats        : 1
Samples        : 20
Threshold      : (per-fragment, formula)
GPUs visible   : 2


========== EXPERIMENT METRICS (global) ==========
Mode              : BASELINE
M x K x N         : 8192 x 8192 x 8192
Process grid      : 1 x 2
Frags per rank    : 1
Total fragments   : 2
Repeats           : 1
Threshold used    : 8666.1092
--- Timing (worst rank) ---
Baseline   min/med/max : 110.4544 / 114.8052 / 117.0301  ms
Baseline   GFLOPS (med): 9577.1901  (min 9395.1214, max 9954.4406)
Protected  min/med/max : 110.4544 / 114.8052 / 117.0301  ms
Protected  GFLOPS (med): 9577.1901  (min 9395.1214, max 9954.4406)
Overhead (median)      : 0.0000 %
--- Confusion Matrix (global) ---
TP / TN / FP / FN     : 0 / 40 / 0 / 0
Recall                : 0.0000
Detection precision   : 0.0000
Correction precision  : 0.0000 %
==================================================

--- sq 8192^3 F=2 ---
=== ABFT GEMM (cuBLAS, online pipelined) ===
Mode           : baseline  (inject=none)
M x K x N      : 8192 x 8192 x 8192
Process grid   : 1 x 2  (world=2)
Frags per rank : 2
Repeats        : 1
Samples        : 20
Threshold      : (per-fragment, formula)
GPUs visible   : 2


========== EXPERIMENT METRICS (global) ==========
Mode              : BASELINE
M x K x N         : 8192 x 8192 x 8192
Process grid      : 1 x 2
Frags per rank    : 2
Total fragments   : 4
Repeats           : 1
Threshold used    : 4391.4113
--- Timing (worst rank) ---
Baseline   min/med/max : 109.7851 / 114.4351 / 115.7908  ms
Baseline   GFLOPS (med): 9608.1693  (min 9495.6704, max 10015.1285)
Protected  min/med/max : 109.7851 / 114.4351 / 115.7908  ms
Protected  GFLOPS (med): 9608.1693  (min 9495.6704, max 10015.1285)
Overhead (median)      : 0.0000 %
--- Confusion Matrix (global) ---
TP / TN / FP / FN     : 0 / 80 / 0 / 0
Recall                : 0.0000
Detection precision   : 0.0000
Correction precision  : 0.0000 %
==================================================

--- sq 8192^3 F=4 ---
=== ABFT GEMM (cuBLAS, online pipelined) ===
Mode           : baseline  (inject=none)
M x K x N      : 8192 x 8192 x 8192
Process grid   : 1 x 2  (world=2)
Frags per rank : 4
Repeats        : 1
Samples        : 20
Threshold      : (per-fragment, formula)
GPUs visible   : 2


========== EXPERIMENT METRICS (global) ==========
Mode              : BASELINE
M x K x N         : 8192 x 8192 x 8192
Process grid      : 1 x 2
Frags per rank    : 4
Total fragments   : 8
Repeats           : 1
Threshold used    : 2234.9480
--- Timing (worst rank) ---
Baseline   min/med/max : 109.7604 / 113.7248 / 115.5874  ms
Baseline   GFLOPS (med): 9668.1773  (min 9512.3795, max 10017.3757)
Protected  min/med/max : 109.7604 / 113.7248 / 115.5874  ms
Protected  GFLOPS (med): 9668.1773  (min 9512.3795, max 10017.3757)
Overhead (median)      : 0.0000 %
--- Confusion Matrix (global) ---
TP / TN / FP / FN     : 0 / 160 / 0 / 0
Recall                : 0.0000
Detection precision   : 0.0000
Correction precision  : 0.0000 %
==================================================

--- sq 8192^3 F=8 ---
=== ABFT GEMM (cuBLAS, online pipelined) ===
Mode           : baseline  (inject=none)
M x K x N      : 8192 x 8192 x 8192
Process grid   : 1 x 2  (world=2)
Frags per rank : 8
Repeats        : 1
Samples        : 20
Threshold      : (per-fragment, formula)
GPUs visible   : 2


========== EXPERIMENT METRICS (global) ==========
Mode              : BASELINE
M x K x N         : 8192 x 8192 x 8192
Process grid      : 1 x 2
Frags per rank    : 8
Total fragments   : 16
Repeats           : 1
Threshold used    : 1147.9881
--- Timing (worst rank) ---
Baseline   min/med/max : 112.5707 / 115.5831 / 116.8074  ms
Baseline   GFLOPS (med): 9512.7403  (min 9413.0330, max 9767.2965)
Protected  min/med/max : 112.5707 / 115.5831 / 116.8074  ms
Protected  GFLOPS (med): 9512.7403  (min 9413.0330, max 9767.2965)
Overhead (median)      : 0.0000 %
--- Confusion Matrix (global) ---
TP / TN / FP / FN     : 0 / 320 / 0 / 0
Recall                : 0.0000
Detection precision   : 0.0000
Correction precision  : 0.0000 %
==================================================

--- sq 8192^3 F=16 ---
=== ABFT GEMM (cuBLAS, online pipelined) ===
Mode           : baseline  (inject=none)
M x K x N      : 8192 x 8192 x 8192
Process grid   : 1 x 2  (world=2)
Frags per rank : 16
Repeats        : 1
Samples        : 20
Threshold      : (per-fragment, formula)
GPUs visible   : 2


========== EXPERIMENT METRICS (global) ==========
Mode              : BASELINE
M x K x N         : 8192 x 8192 x 8192
Process grid      : 1 x 2
Frags per rank    : 16
Total fragments   : 32
Repeats           : 1
Threshold used    : 610.4412
--- Timing (worst rank) ---
Baseline   min/med/max : 114.3520 / 119.4650 / 120.0893  ms
Baseline   GFLOPS (med): 9203.6297  (min 9155.7867, max 9615.1514)
Protected  min/med/max : 114.3520 / 119.4650 / 120.0893  ms
Protected  GFLOPS (med): 9203.6297  (min 9155.7867, max 9615.1514)
Overhead (median)      : 0.0000 %
--- Confusion Matrix (global) ---
TP / TN / FP / FN     : 0 / 640 / 0 / 0
Recall                : 0.0000
Detection precision   : 0.0000
Correction precision  : 0.0000 %
==================================================

--- sq 8192^3 F=32 ---
=== ABFT GEMM (cuBLAS, online pipelined) ===
Mode           : baseline  (inject=none)
M x K x N      : 8192 x 8192 x 8192
Process grid   : 1 x 2  (world=2)
Frags per rank : 32
Repeats        : 1
Samples        : 20
Threshold      : (per-fragment, formula)
GPUs visible   : 2


========== EXPERIMENT METRICS (global) ==========
Mode              : BASELINE
M x K x N         : 8192 x 8192 x 8192
Process grid      : 1 x 2
Frags per rank    : 32
Total fragments   : 64
Repeats           : 1
Threshold used    : 315.3965
--- Timing (worst rank) ---
Baseline   min/med/max : 136.6480 / 137.1477 / 140.3496  ms
Baseline   GFLOPS (med): 8016.9902  (min 7834.0939, max 8046.3076)
Protected  min/med/max : 136.6480 / 137.1477 / 140.3496  ms
Protected  GFLOPS (med): 8016.9902  (min 7834.0939, max 8046.3076)
Overhead (median)      : 0.0000 %
--- Confusion Matrix (global) ---
TP / TN / FP / FN     : 0 / 1280 / 0 / 0
Recall                : 0.0000
Detection precision   : 0.0000
Correction precision  : 0.0000 %
==================================================

--- sq 8448^3 F=1 ---
=== ABFT GEMM (cuBLAS, online pipelined) ===
Mode           : baseline  (inject=none)
M x K x N      : 8448 x 8448 x 8448
Process grid   : 1 x 2  (world=2)
Frags per rank : 1
Repeats        : 1
Samples        : 20
Threshold      : (per-fragment, formula)
GPUs visible   : 2


========== EXPERIMENT METRICS (global) ==========
Mode              : BASELINE
M x K x N         : 8448 x 8448 x 8448
Process grid      : 1 x 2
Frags per rank    : 1
Total fragments   : 2
Repeats           : 1
Threshold used    : 9539.5214
--- Timing (worst rank) ---
Baseline   min/med/max : 121.6535 / 124.9670 / 126.6723  ms
Baseline   GFLOPS (med): 9649.3095  (min 9519.4126, max 9912.1314)
Protected  min/med/max : 121.6535 / 124.9670 / 126.6723  ms
Protected  GFLOPS (med): 9649.3095  (min 9519.4126, max 9912.1314)
Overhead (median)      : 0.0000 %
--- Confusion Matrix (global) ---
TP / TN / FP / FN     : 0 / 40 / 0 / 0
Recall                : 0.0000
Detection precision   : 0.0000
Correction precision  : 0.0000 %
==================================================

--- sq 8448^3 F=2 ---
=== ABFT GEMM (cuBLAS, online pipelined) ===
Mode           : baseline  (inject=none)
M x K x N      : 8448 x 8448 x 8448
Process grid   : 1 x 2  (world=2)
Frags per rank : 2
Repeats        : 1
Samples        : 20
Threshold      : (per-fragment, formula)
GPUs visible   : 2


========== EXPERIMENT METRICS (global) ==========
Mode              : BASELINE
M x K x N         : 8448 x 8448 x 8448
Process grid      : 1 x 2
Frags per rank    : 2
Total fragments   : 4
Repeats           : 1
Threshold used    : 4823.8197
--- Timing (worst rank) ---
Baseline   min/med/max : 123.8967 / 127.4704 / 129.7831  ms
Baseline   GFLOPS (med): 9459.8081  (min 9291.2386, max 9732.6722)
Protected  min/med/max : 123.8967 / 127.4704 / 129.7831  ms
Protected  GFLOPS (med): 9459.8081  (min 9291.2386, max 9732.6722)
Overhead (median)      : 0.0000 %
--- Confusion Matrix (global) ---
TP / TN / FP / FN     : 0 / 80 / 0 / 0
Recall                : 0.0000
Detection precision   : 0.0000
Correction precision  : 0.0000 %
==================================================

--- sq 8448^3 F=4 ---
=== ABFT GEMM (cuBLAS, online pipelined) ===
Mode           : baseline  (inject=none)
M x K x N      : 8448 x 8448 x 8448
Process grid   : 1 x 2  (world=2)
Frags per rank : 4
Repeats        : 1
Samples        : 20
Threshold      : (per-fragment, formula)
GPUs visible   : 2


========== EXPERIMENT METRICS (global) ==========
Mode              : BASELINE
M x K x N         : 8448 x 8448 x 8448
Process grid      : 1 x 2
Frags per rank    : 4
Total fragments   : 8
Repeats           : 1
Threshold used    : 2441.5442
--- Timing (worst rank) ---
Baseline   min/med/max : 131.2504 / 133.8194 / 135.2715  ms
Baseline   GFLOPS (med): 9010.9958  (min 8914.2597, max 9187.3640)
Protected  min/med/max : 131.2504 / 133.8194 / 135.2715  ms
Protected  GFLOPS (med): 9010.9958  (min 8914.2597, max 9187.3640)
Overhead (median)      : 0.0000 %
--- Confusion Matrix (global) ---
TP / TN / FP / FN     : 0 / 160 / 0 / 0
Recall                : 0.0000
Detection precision   : 0.0000
Correction precision  : 0.0000 %
==================================================

--- sq 8448^3 F=8 ---
=== ABFT GEMM (cuBLAS, online pipelined) ===
Mode           : baseline  (inject=none)
M x K x N      : 8448 x 8448 x 8448
Process grid   : 1 x 2  (world=2)
Frags per rank : 8
Repeats        : 1
Samples        : 20
Threshold      : (per-fragment, formula)
GPUs visible   : 2


========== EXPERIMENT METRICS (global) ==========
Mode              : BASELINE
M x K x N         : 8448 x 8448 x 8448
Process grid      : 1 x 2
Frags per rank    : 8
Total fragments   : 16
Repeats           : 1
Threshold used    : 1251.4872
--- Timing (worst rank) ---
Baseline   min/med/max : 144.7331 / 146.1790 / 146.6011  ms
Baseline   GFLOPS (med): 8249.1017  (min 8225.3503, max 8331.5151)
Protected  min/med/max : 144.7331 / 146.1790 / 146.6011  ms
Protected  GFLOPS (med): 8249.1017  (min 8225.3503, max 8331.5151)
Overhead (median)      : 0.0000 %
--- Confusion Matrix (global) ---
TP / TN / FP / FN     : 0 / 320 / 0 / 0
Recall                : 0.0000
Detection precision   : 0.0000
Correction precision  : 0.0000 %
==================================================

--- sq 8448^3 F=16 ---
=== ABFT GEMM (cuBLAS, online pipelined) ===
Mode           : baseline  (inject=none)
M x K x N      : 8448 x 8448 x 8448
Process grid   : 1 x 2  (world=2)
Frags per rank : 16
Repeats        : 1
Samples        : 20
Threshold      : (per-fragment, formula)
GPUs visible   : 2


========== EXPERIMENT METRICS (global) ==========
Mode              : BASELINE
M x K x N         : 8448 x 8448 x 8448
Process grid      : 1 x 2
Frags per rank    : 16
Total fragments   : 32
Repeats           : 1
Threshold used    : 653.0132
--- Timing (worst rank) ---
Baseline   min/med/max : 179.8594 / 183.3275 / 185.6896  ms
Baseline   GFLOPS (med): 6577.5477  (min 6493.8772, max 6704.3790)
Protected  min/med/max : 179.8594 / 183.3275 / 185.6896  ms
Protected  GFLOPS (med): 6577.5477  (min 6493.8772, max 6704.3790)
Overhead (median)      : 0.0000 %
--- Confusion Matrix (global) ---
TP / TN / FP / FN     : 0 / 640 / 0 / 0
Recall                : 0.0000
Detection precision   : 0.0000
Correction precision  : 0.0000 %
==================================================

--- sq 8448^3 F=32 ---
=== ABFT GEMM (cuBLAS, online pipelined) ===
Mode           : baseline  (inject=none)
M x K x N      : 8448 x 8448 x 8448
Process grid   : 1 x 2  (world=2)
Frags per rank : 32
Repeats        : 1
Samples        : 20
Threshold      : (per-fragment, formula)
GPUs visible   : 2


========== EXPERIMENT METRICS (global) ==========
Mode              : BASELINE
M x K x N         : 8448 x 8448 x 8448
Process grid      : 1 x 2
Frags per rank    : 32
Total fragments   : 64
Repeats           : 1
Threshold used    : 344.4236
--- Timing (worst rank) ---
Baseline   min/med/max : 230.8017 / 233.4843 / 267.9814  ms
Baseline   GFLOPS (med): 5164.5681  (min 4499.7356, max 5224.5961)
Protected  min/med/max : 230.8017 / 233.4843 / 267.9814  ms
Protected  GFLOPS (med): 5164.5681  (min 4499.7356, max 5224.5961)
Overhead (median)      : 0.0000 %
--- Confusion Matrix (global) ---
TP / TN / FP / FN     : 0 / 1280 / 0 / 0
Recall                : 0.0000
Detection precision   : 0.0000
Correction precision  : 0.0000 %
==================================================

--- sq 8704^3 F=1 ---
=== ABFT GEMM (cuBLAS, online pipelined) ===
Mode           : baseline  (inject=none)
M x K x N      : 8704 x 8704 x 8704
Process grid   : 1 x 2  (world=2)
Frags per rank : 1
Repeats        : 1
Samples        : 20
Threshold      : (per-fragment, formula)
GPUs visible   : 2


========== EXPERIMENT METRICS (global) ==========
Mode              : BASELINE
M x K x N         : 8704 x 8704 x 8704
Process grid      : 1 x 2
Frags per rank    : 1
Total fragments   : 2
Repeats           : 1
Threshold used    : 10358.1631
--- Timing (worst rank) ---
Baseline   min/med/max : 133.2647 / 138.3961 / 139.6770  ms
Baseline   GFLOPS (med): 9529.3390  (min 9441.9535, max 9896.2726)
Protected  min/med/max : 133.2647 / 138.3961 / 139.6770  ms
Protected  GFLOPS (med): 9529.3390  (min 9441.9535, max 9896.2726)
Overhead (median)      : 0.0000 %
--- Confusion Matrix (global) ---
TP / TN / FP / FN     : 0 / 40 / 0 / 0
Recall                : 0.0000
Detection precision   : 0.0000
Correction precision  : 0.0000 %
==================================================

--- sq 8704^3 F=2 ---
=== ABFT GEMM (cuBLAS, online pipelined) ===
Mode           : baseline  (inject=none)
M x K x N      : 8704 x 8704 x 8704
Process grid   : 1 x 2  (world=2)
Frags per rank : 2
Repeats        : 1
Samples        : 20
Threshold      : (per-fragment, formula)
GPUs visible   : 2


========== EXPERIMENT METRICS (global) ==========
Mode              : BASELINE
M x K x N         : 8704 x 8704 x 8704
Process grid      : 1 x 2
Frags per rank    : 2
Total fragments   : 4
Repeats           : 1
Threshold used    : 5258.2231
--- Timing (worst rank) ---
Baseline   min/med/max : 133.4845 / 136.4757 / 138.4449  ms
Baseline   GFLOPS (med): 9663.4290  (min 9525.9786, max 9879.9715)
Protected  min/med/max : 133.4845 / 136.4757 / 138.4449  ms
Protected  GFLOPS (med): 9663.4290  (min 9525.9786, max 9879.9715)
Overhead (median)      : 0.0000 %
--- Confusion Matrix (global) ---
TP / TN / FP / FN     : 0 / 80 / 0 / 0
Recall                : 0.0000
Detection precision   : 0.0000
Correction precision  : 0.0000 %
==================================================

--- sq 8704^3 F=4 ---
=== ABFT GEMM (cuBLAS, online pipelined) ===
Mode           : baseline  (inject=none)
M x K x N      : 8704 x 8704 x 8704
Process grid   : 1 x 2  (world=2)
Frags per rank : 4
Repeats        : 1
Samples        : 20
Threshold      : (per-fragment, formula)
GPUs visible   : 2


========== EXPERIMENT METRICS (global) ==========
Mode              : BASELINE
M x K x N         : 8704 x 8704 x 8704
Process grid      : 1 x 2
Frags per rank    : 4
Total fragments   : 8
Repeats           : 1
Threshold used    : 2689.2391
--- Timing (worst rank) ---
Baseline   min/med/max : 141.1838 / 143.7117 / 144.4666  ms
Baseline   GFLOPS (med): 9176.8704  (min 9128.9149, max 9341.1780)
Protected  min/med/max : 141.1838 / 143.7117 / 144.4666  ms
Protected  GFLOPS (med): 9176.8704  (min 9128.9149, max 9341.1780)
Overhead (median)      : 0.0000 %
--- Confusion Matrix (global) ---
TP / TN / FP / FN     : 0 / 160 / 0 / 0
Recall                : 0.0000
Detection precision   : 0.0000
Correction precision  : 0.0000 %
==================================================

--- sq 8704^3 F=8 ---
=== ABFT GEMM (cuBLAS, online pipelined) ===
Mode           : baseline  (inject=none)
M x K x N      : 8704 x 8704 x 8704
Process grid   : 1 x 2  (world=2)
Frags per rank : 8
Repeats        : 1
Samples        : 20
Threshold      : (per-fragment, formula)
GPUs visible   : 2


========== EXPERIMENT METRICS (global) ==========
Mode              : BASELINE
M x K x N         : 8704 x 8704 x 8704
Process grid      : 1 x 2
Frags per rank    : 8
Total fragments   : 16
Repeats           : 1
Threshold used    : 1374.9913
--- Timing (worst rank) ---
Baseline   min/med/max : 157.6111 / 159.9813 / 162.2989  ms
Baseline   GFLOPS (med): 8243.6085  (min 8125.8901, max 8367.5811)
Protected  min/med/max : 157.6111 / 159.9813 / 162.2989  ms
Protected  GFLOPS (med): 8243.6085  (min 8125.8901, max 8367.5811)
Overhead (median)      : 0.0000 %
--- Confusion Matrix (global) ---
TP / TN / FP / FN     : 0 / 320 / 0 / 0
Recall                : 0.0000
Detection precision   : 0.0000
Correction precision  : 0.0000 %
==================================================

--- sq 8704^3 F=16 ---
=== ABFT GEMM (cuBLAS, online pipelined) ===
Mode           : baseline  (inject=none)
M x K x N      : 8704 x 8704 x 8704
Process grid   : 1 x 2  (world=2)
Frags per rank : 16
Repeats        : 1
Samples        : 20
Threshold      : (per-fragment, formula)
GPUs visible   : 2


========== EXPERIMENT METRICS (global) ==========
Mode              : BASELINE
M x K x N         : 8704 x 8704 x 8704
Process grid      : 1 x 2
Frags per rank    : 16
Total fragments   : 32
Repeats           : 1
Threshold used    : 715.3259
--- Timing (worst rank) ---
Baseline   min/med/max : 193.3273 / 195.8337 / 196.5445  ms
Baseline   GFLOPS (med): 6734.4055  (min 6710.0511, max 6821.7125)
Protected  min/med/max : 193.3273 / 195.8337 / 196.5445  ms
Protected  GFLOPS (med): 6734.4055  (min 6710.0511, max 6821.7125)
Overhead (median)      : 0.0000 %
--- Confusion Matrix (global) ---
TP / TN / FP / FN     : 0 / 640 / 0 / 0
Recall                : 0.0000
Detection precision   : 0.0000
Correction precision  : 0.0000 %
==================================================

--- sq 8704^3 F=32 ---
=== ABFT GEMM (cuBLAS, online pipelined) ===
Mode           : baseline  (inject=none)
M x K x N      : 8704 x 8704 x 8704
Process grid   : 1 x 2  (world=2)
Frags per rank : 32
Repeats        : 1
Samples        : 20
Threshold      : (per-fragment, formula)
GPUs visible   : 2


========== EXPERIMENT METRICS (global) ==========
Mode              : BASELINE
M x K x N         : 8704 x 8704 x 8704
Process grid      : 1 x 2
Frags per rank    : 32
Total fragments   : 64
Repeats           : 1
Threshold used    : 376.9021
--- Timing (worst rank) ---
Baseline   min/med/max : 244.0367 / 244.7017 / 250.7002  ms
Baseline   GFLOPS (med): 5389.5146  (min 5260.5602, max 5404.2018)
Protected  min/med/max : 244.0367 / 244.7017 / 250.7002  ms
Protected  GFLOPS (med): 5389.5146  (min 5260.5602, max 5404.2018)
Overhead (median)      : 0.0000 %
--- Confusion Matrix (global) ---
TP / TN / FP / FN     : 0 / 1280 / 0 / 0
Recall                : 0.0000
Detection precision   : 0.0000
Correction precision  : 0.0000 %
==================================================

--- sq 8960^3 F=1 ---
=== ABFT GEMM (cuBLAS, online pipelined) ===
Mode           : baseline  (inject=none)
M x K x N      : 8960 x 8960 x 8960
Process grid   : 1 x 2  (world=2)
Frags per rank : 1
Repeats        : 1
Samples        : 20
Threshold      : (per-fragment, formula)
GPUs visible   : 2


========== EXPERIMENT METRICS (global) ==========
Mode              : BASELINE
M x K x N         : 8960 x 8960 x 8960
Process grid      : 1 x 2
Frags per rank    : 1
Total fragments   : 2
Repeats           : 1
Threshold used    : 11376.7189
--- Timing (worst rank) ---
Baseline   min/med/max : 148.4147 / 151.1584 / 153.0478  ms
Baseline   GFLOPS (med): 9517.4779  (min 9399.9820, max 9693.4247)
Protected  min/med/max : 148.4147 / 151.1584 / 153.0478  ms
Protected  GFLOPS (med): 9517.4779  (min 9399.9820, max 9693.4247)
Overhead (median)      : 0.0000 %
--- Confusion Matrix (global) ---
TP / TN / FP / FN     : 0 / 40 / 0 / 0
Recall                : 0.0000
Detection precision   : 0.0000
Correction precision  : 0.0000 %
==================================================

--- sq 8960^3 F=2 ---
=== ABFT GEMM (cuBLAS, online pipelined) ===
Mode           : baseline  (inject=none)
M x K x N      : 8960 x 8960 x 8960
Process grid   : 1 x 2  (world=2)
Frags per rank : 2
Repeats        : 1
Samples        : 20
Threshold      : (per-fragment, formula)
GPUs visible   : 2


========== EXPERIMENT METRICS (global) ==========
Mode              : BASELINE
M x K x N         : 8960 x 8960 x 8960
Process grid      : 1 x 2
Frags per rank    : 2
Total fragments   : 4
Repeats           : 1
Threshold used    : 5757.3882
--- Timing (worst rank) ---
Baseline   min/med/max : 152.2633 / 153.7100 / 157.4161  ms
Baseline   GFLOPS (med): 9359.4810  (min 9139.1329, max 9448.4131)
Protected  min/med/max : 152.2633 / 153.7100 / 157.4161  ms
Protected  GFLOPS (med): 9359.4810  (min 9139.1329, max 9448.4131)
Overhead (median)      : 0.0000 %
--- Confusion Matrix (global) ---
TP / TN / FP / FN     : 0 / 80 / 0 / 0
Recall                : 0.0000
Detection precision   : 0.0000
Correction precision  : 0.0000 %
==================================================

--- sq 8960^3 F=4 ---
=== ABFT GEMM (cuBLAS, online pipelined) ===
Mode           : baseline  (inject=none)
M x K x N      : 8960 x 8960 x 8960
Process grid   : 1 x 2  (world=2)
Frags per rank : 4
Repeats        : 1
Samples        : 20
Threshold      : (per-fragment, formula)
GPUs visible   : 2


========== EXPERIMENT METRICS (global) ==========
Mode              : BASELINE
M x K x N         : 8960 x 8960 x 8960
Process grid      : 1 x 2
Frags per rank    : 4
Total fragments   : 8
Repeats           : 1
Threshold used    : 2922.2828
--- Timing (worst rank) ---
Baseline   min/med/max : 151.4821 / 153.8509 / 154.1366  ms
Baseline   GFLOPS (med): 9350.9110  (min 9333.5813, max 9497.1345)
Protected  min/med/max : 151.4821 / 153.8509 / 154.1366  ms
Protected  GFLOPS (med): 9350.9110  (min 9333.5813, max 9497.1345)
Overhead (median)      : 0.0000 %
--- Confusion Matrix (global) ---
TP / TN / FP / FN     : 0 / 160 / 0 / 0
Recall                : 0.0000
Detection precision   : 0.0000
Correction precision  : 0.0000 %
==================================================

--- sq 8960^3 F=8 ---
=== ABFT GEMM (cuBLAS, online pipelined) ===
Mode           : baseline  (inject=none)
M x K x N      : 8960 x 8960 x 8960
Process grid   : 1 x 2  (world=2)
Frags per rank : 8
Repeats        : 1
Samples        : 20
Threshold      : (per-fragment, formula)
GPUs visible   : 2


========== EXPERIMENT METRICS (global) ==========
Mode              : BASELINE
M x K x N         : 8960 x 8960 x 8960
Process grid      : 1 x 2
Frags per rank    : 8
Total fragments   : 16
Repeats           : 1
Threshold used    : 1501.1510
--- Timing (worst rank) ---
Baseline   min/med/max : 170.1350 / 170.8013 / 171.3768  ms
Baseline   GFLOPS (med): 8422.9216  (min 8394.6407, max 8455.9124)
Protected  min/med/max : 170.1350 / 170.8013 / 171.3768  ms
Protected  GFLOPS (med): 8422.9216  (min 8394.6407, max 8455.9124)
Overhead (median)      : 0.0000 %
--- Confusion Matrix (global) ---
TP / TN / FP / FN     : 0 / 320 / 0 / 0
Recall                : 0.0000
Detection precision   : 0.0000
Correction precision  : 0.0000 %
==================================================

--- sq 8960^3 F=16 ---
=== ABFT GEMM (cuBLAS, online pipelined) ===
Mode           : baseline  (inject=none)
M x K x N      : 8960 x 8960 x 8960
Process grid   : 1 x 2  (world=2)
Frags per rank : 16
Repeats        : 1
Samples        : 20
Threshold      : (per-fragment, formula)
GPUs visible   : 2


========== EXPERIMENT METRICS (global) ==========
Mode              : BASELINE
M x K x N         : 8960 x 8960 x 8960
Process grid      : 1 x 2
Frags per rank    : 16
Total fragments   : 32
Repeats           : 1
Threshold used    : 772.6442
--- Timing (worst rank) ---
Baseline   min/med/max : 202.3310 / 202.7737 / 205.4371  ms
Baseline   GFLOPS (med): 7094.8376  (min 7002.8555, max 7110.3591)
Protected  min/med/max : 202.3310 / 202.7737 / 205.4371  ms
Protected  GFLOPS (med): 7094.8376  (min 7002.8555, max 7110.3591)
Overhead (median)      : 0.0000 %
--- Confusion Matrix (global) ---
TP / TN / FP / FN     : 0 / 640 / 0 / 0
Recall                : 0.0000
Detection precision   : 0.0000
Correction precision  : 0.0000 %
==================================================

--- sq 8960^3 F=32 ---
=== ABFT GEMM (cuBLAS, online pipelined) ===
Mode           : baseline  (inject=none)
M x K x N      : 8960 x 8960 x 8960
Process grid   : 1 x 2  (world=2)
Frags per rank : 32
Repeats        : 1
Samples        : 20
Threshold      : (per-fragment, formula)
GPUs visible   : 2


========== EXPERIMENT METRICS (global) ==========
Mode              : BASELINE
M x K x N         : 8960 x 8960 x 8960
Process grid      : 1 x 2
Frags per rank    : 32
Total fragments   : 64
Repeats           : 1
Threshold used    : 405.5745
--- Timing (worst rank) ---
Baseline   min/med/max : 253.2405 / 253.9489 / 277.9616  ms
Baseline   GFLOPS (med): 5665.1025  (min 5175.7012, max 5680.9485)
Protected  min/med/max : 253.2405 / 253.9489 / 277.9616  ms
Protected  GFLOPS (med): 5665.1025  (min 5175.7012, max 5680.9485)
Overhead (median)      : 0.0000 %
--- Confusion Matrix (global) ---
TP / TN / FP / FN     : 0 / 1280 / 0 / 0
Recall                : 0.0000
Detection precision   : 0.0000
Correction precision  : 0.0000 %
==================================================

--- sq 9216^3 F=1 ---
=== ABFT GEMM (cuBLAS, online pipelined) ===
Mode           : baseline  (inject=none)
M x K x N      : 9216 x 9216 x 9216
Process grid   : 1 x 2  (world=2)
Frags per rank : 1
Repeats        : 1
Samples        : 20
Threshold      : (per-fragment, formula)
GPUs visible   : 2


========== EXPERIMENT METRICS (global) ==========
Mode              : BASELINE
M x K x N         : 9216 x 9216 x 9216
Process grid      : 1 x 2
Frags per rank    : 1
Total fragments   : 2
Repeats           : 1
Threshold used    : 12369.2244
--- Timing (worst rank) ---
Baseline   min/med/max : 163.3179 / 164.6309 / 169.2179  ms
Baseline   GFLOPS (med): 9509.2472  (min 9251.4774, max 9585.6933)
Protected  min/med/max : 163.3179 / 164.6309 / 169.2179  ms
Protected  GFLOPS (med): 9509.2472  (min 9251.4774, max 9585.6933)
Overhead (median)      : 0.0000 %
--- Confusion Matrix (global) ---
TP / TN / FP / FN     : 0 / 40 / 0 / 0
Recall                : 0.0000
Detection precision   : 0.0000
Correction precision  : 0.0000 %
==================================================

--- sq 9216^3 F=2 ---
=== ABFT GEMM (cuBLAS, online pipelined) ===
Mode           : baseline  (inject=none)
M x K x N      : 9216 x 9216 x 9216
Process grid   : 1 x 2  (world=2)
Frags per rank : 2
Repeats        : 1
Samples        : 20
Threshold      : (per-fragment, formula)
GPUs visible   : 2


========== EXPERIMENT METRICS (global) ==========
Mode              : BASELINE
M x K x N         : 9216 x 9216 x 9216
Process grid      : 1 x 2
Frags per rank    : 2
Total fragments   : 4
Repeats           : 1
Threshold used    : 6219.5191
--- Timing (worst rank) ---
Baseline   min/med/max : 162.9074 / 164.2136 / 167.7621  ms
Baseline   GFLOPS (med): 9533.4117  (min 9331.7590, max 9609.8512)
Protected  min/med/max : 162.9074 / 164.2136 / 167.7621  ms
Protected  GFLOPS (med): 9533.4117  (min 9331.7590, max 9609.8512)
Overhead (median)      : 0.0000 %
--- Confusion Matrix (global) ---
TP / TN / FP / FN     : 0 / 80 / 0 / 0
Recall                : 0.0000
Detection precision   : 0.0000
Correction precision  : 0.0000 %
==================================================

--- sq 9216^3 F=4 ---
=== ABFT GEMM (cuBLAS, online pipelined) ===
Mode           : baseline  (inject=none)
M x K x N      : 9216 x 9216 x 9216
Process grid   : 1 x 2  (world=2)
Frags per rank : 4
Repeats        : 1
Samples        : 20
Threshold      : (per-fragment, formula)
GPUs visible   : 2


========== EXPERIMENT METRICS (global) ==========
Mode              : BASELINE
M x K x N         : 9216 x 9216 x 9216
Process grid      : 1 x 2
Frags per rank    : 4
Total fragments   : 8
Repeats           : 1
Threshold used    : 3174.0940
--- Timing (worst rank) ---
Baseline   min/med/max : 161.0925 / 161.6814 / 165.5736  ms
Baseline   GFLOPS (med): 9682.7179  (min 9455.1029, max 9718.1142)
Protected  min/med/max : 161.0925 / 161.6814 / 165.5736  ms
Protected  GFLOPS (med): 9682.7179  (min 9455.1029, max 9718.1142)
Overhead (median)      : 0.0000 %
--- Confusion Matrix (global) ---
TP / TN / FP / FN     : 0 / 160 / 0 / 0
Recall                : 0.0000
Detection precision   : 0.0000
Correction precision  : 0.0000 %
==================================================

--- sq 9216^3 F=8 ---
=== ABFT GEMM (cuBLAS, online pipelined) ===
Mode           : baseline  (inject=none)
M x K x N      : 9216 x 9216 x 9216
Process grid   : 1 x 2  (world=2)
Frags per rank : 8
Repeats        : 1
Samples        : 20
Threshold      : (per-fragment, formula)
GPUs visible   : 2


========== EXPERIMENT METRICS (global) ==========
Mode              : BASELINE
M x K x N         : 9216 x 9216 x 9216
Process grid      : 1 x 2
Frags per rank    : 8
Total fragments   : 16
Repeats           : 1
Threshold used    : 1621.1838
--- Timing (worst rank) ---
Baseline   min/med/max : 177.2793 / 178.1868 / 179.2904  ms
Baseline   GFLOPS (med): 8785.8118  (min 8731.7319, max 8830.7850)
Protected  min/med/max : 177.2793 / 178.1868 / 179.2904  ms
Protected  GFLOPS (med): 8785.8118  (min 8731.7319, max 8830.7850)
Overhead (median)      : 0.0000 %
--- Confusion Matrix (global) ---
TP / TN / FP / FN     : 0 / 320 / 0 / 0
Recall                : 0.0000
Detection precision   : 0.0000
Correction precision  : 0.0000 %
==================================================

--- sq 9216^3 F=16 ---
=== ABFT GEMM (cuBLAS, online pipelined) ===
Mode           : baseline  (inject=none)
M x K x N      : 9216 x 9216 x 9216
Process grid   : 1 x 2  (world=2)
Frags per rank : 16
Repeats        : 1
Samples        : 20
Threshold      : (per-fragment, formula)
GPUs visible   : 2


========== EXPERIMENT METRICS (global) ==========
Mode              : BASELINE
M x K x N         : 9216 x 9216 x 9216
Process grid      : 1 x 2
Frags per rank    : 16
Total fragments   : 32
Repeats           : 1
Threshold used    : 832.9837
--- Timing (worst rank) ---
Baseline   min/med/max : 211.4674 / 212.3017 / 212.9490  ms
Baseline   GFLOPS (med): 7374.0146  (min 7351.5971, max 7403.1064)
Protected  min/med/max : 211.4674 / 212.3017 / 212.9490  ms
Protected  GFLOPS (med): 7374.0146  (min 7351.5971, max 7403.1064)
Overhead (median)      : 0.0000 %
--- Confusion Matrix (global) ---
TP / TN / FP / FN     : 0 / 640 / 0 / 0
Recall                : 0.0000
Detection precision   : 0.0000
Correction precision  : 0.0000 %
==================================================

--- sq 9216^3 F=32 ---
=== ABFT GEMM (cuBLAS, online pipelined) ===
Mode           : baseline  (inject=none)
M x K x N      : 9216 x 9216 x 9216
Process grid   : 1 x 2  (world=2)
Frags per rank : 32
Repeats        : 1
Samples        : 20
Threshold      : (per-fragment, formula)
GPUs visible   : 2


========== EXPERIMENT METRICS (global) ==========
Mode              : BASELINE
M x K x N         : 9216 x 9216 x 9216
Process grid      : 1 x 2
Frags per rank    : 32
Total fragments   : 64
Repeats           : 1
Threshold used    : 442.2332
--- Timing (worst rank) ---
Baseline   min/med/max : 265.6907 / 268.2323 / 287.1506  ms
Baseline   GFLOPS (med): 5836.4173  (min 5451.8971, max 5892.2478)
Protected  min/med/max : 265.6907 / 268.2323 / 287.1506  ms
Protected  GFLOPS (med): 5836.4173  (min 5451.8971, max 5892.2478)
Overhead (median)      : 0.0000 %
--- Confusion Matrix (global) ---
TP / TN / FP / FN     : 0 / 1280 / 0 / 0
Recall                : 0.0000
Detection precision   : 0.0000
Correction precision  : 0.0000 %
==================================================

--- sq 9472^3 F=1 ---
=== ABFT GEMM (cuBLAS, online pipelined) ===
Mode           : baseline  (inject=none)
M x K x N      : 9472 x 9472 x 9472
Process grid   : 1 x 2  (world=2)
Frags per rank : 1
Repeats        : 1
Samples        : 20
Threshold      : (per-fragment, formula)
GPUs visible   : 2


========== EXPERIMENT METRICS (global) ==========
Mode              : BASELINE
M x K x N         : 9472 x 9472 x 9472
Process grid      : 1 x 2
Frags per rank    : 1
Total fragments   : 2
Repeats           : 1
Threshold used    : 13345.7506
--- Timing (worst rank) ---
Baseline   min/med/max : 177.4556 / 177.9477 / 179.2577  ms
Baseline   GFLOPS (med): 9551.3069  (min 9481.5040, max 9577.7896)
Protected  min/med/max : 177.4556 / 177.9477 / 179.2577  ms
Protected  GFLOPS (med): 9551.3069  (min 9481.5040, max 9577.7896)
Overhead (median)      : 0.0000 %
--- Confusion Matrix (global) ---
TP / TN / FP / FN     : 0 / 40 / 0 / 0
Recall                : 0.0000
Detection precision   : 0.0000
Correction precision  : 0.0000 %
==================================================

--- sq 9472^3 F=2 ---
=== ABFT GEMM (cuBLAS, online pipelined) ===
Mode           : baseline  (inject=none)
M x K x N      : 9472 x 9472 x 9472
Process grid   : 1 x 2  (world=2)
Frags per rank : 2
Repeats        : 1
Samples        : 20
Threshold      : (per-fragment, formula)
GPUs visible   : 2


========== EXPERIMENT METRICS (global) ==========
Mode              : BASELINE
M x K x N         : 9472 x 9472 x 9472
Process grid      : 1 x 2
Frags per rank    : 2
Total fragments   : 4
Repeats           : 1
Threshold used    : 6749.7837
--- Timing (worst rank) ---
Baseline   min/med/max : 180.5187 / 181.2516 / 182.5774  ms
Baseline   GFLOPS (med): 9377.2010  (min 9309.1082, max 9415.2743)
Protected  min/med/max : 180.5187 / 181.2516 / 182.5774  ms
Protected  GFLOPS (med): 9377.2010  (min 9309.1082, max 9415.2743)
Overhead (median)      : 0.0000 %
--- Confusion Matrix (global) ---
TP / TN / FP / FN     : 0 / 80 / 0 / 0
Recall                : 0.0000
Detection precision   : 0.0000
Correction precision  : 0.0000 %
==================================================

--- sq 9472^3 F=4 ---
=== ABFT GEMM (cuBLAS, online pipelined) ===
Mode           : baseline  (inject=none)
M x K x N      : 9472 x 9472 x 9472
Process grid   : 1 x 2  (world=2)
Frags per rank : 4
Repeats        : 1
Samples        : 20
Threshold      : (per-fragment, formula)
GPUs visible   : 2


========== EXPERIMENT METRICS (global) ==========
Mode              : BASELINE
M x K x N         : 9472 x 9472 x 9472
Process grid      : 1 x 2
Frags per rank    : 4
Total fragments   : 8
Repeats           : 1
Threshold used    : 3434.1272
--- Timing (worst rank) ---
Baseline   min/med/max : 189.4721 / 190.5164 / 192.6728  ms
Baseline   GFLOPS (med): 8921.1879  (min 8821.3433, max 8970.3602)
Protected  min/med/max : 189.4721 / 190.5164 / 192.6728  ms
Protected  GFLOPS (med): 8921.1879  (min 8821.3433, max 8970.3602)
Overhead (median)      : 0.0000 %
--- Confusion Matrix (global) ---
TP / TN / FP / FN     : 0 / 160 / 0 / 0
Recall                : 0.0000
Detection precision   : 0.0000
Correction precision  : 0.0000 %
==================================================

--- sq 9472^3 F=8 ---
=== ABFT GEMM (cuBLAS, online pipelined) ===
Mode           : baseline  (inject=none)
M x K x N      : 9472 x 9472 x 9472
Process grid   : 1 x 2  (world=2)
Frags per rank : 8
Repeats        : 1
Samples        : 20
Threshold      : (per-fragment, formula)
GPUs visible   : 2


========== EXPERIMENT METRICS (global) ==========
Mode              : BASELINE
M x K x N         : 9472 x 9472 x 9472
Process grid      : 1 x 2
Frags per rank    : 8
Total fragments   : 16
Repeats           : 1
Threshold used    : 1760.0278
--- Timing (worst rank) ---
Baseline   min/med/max : 187.9368 / 189.1929 / 189.9932  ms
Baseline   GFLOPS (med): 8983.5965  (min 8945.7555, max 9043.6373)
Protected  min/med/max : 187.9368 / 189.1929 / 189.9932  ms
Protected  GFLOPS (med): 8983.5965  (min 8945.7555, max 9043.6373)
Overhead (median)      : 0.0000 %
--- Confusion Matrix (global) ---
TP / TN / FP / FN     : 0 / 320 / 0 / 0
Recall                : 0.0000
Detection precision   : 0.0000
Correction precision  : 0.0000 %
==================================================

--- sq 9472^3 F=16 ---
=== ABFT GEMM (cuBLAS, online pipelined) ===
Mode           : baseline  (inject=none)
M x K x N      : 9472 x 9472 x 9472
Process grid   : 1 x 2  (world=2)
Frags per rank : 16
Repeats        : 1
Samples        : 20
Threshold      : (per-fragment, formula)
GPUs visible   : 2


========== EXPERIMENT METRICS (global) ==========
Mode              : BASELINE
M x K x N         : 9472 x 9472 x 9472
Process grid      : 1 x 2
Frags per rank    : 16
Total fragments   : 32
Repeats           : 1
Threshold used    : 904.6447
--- Timing (worst rank) ---
Baseline   min/med/max : 222.3190 / 224.1319 / 224.8316  ms
Baseline   GFLOPS (med): 7583.1807  (min 7559.5796, max 7645.0170)
Protected  min/med/max : 222.3190 / 224.1319 / 224.8316  ms
Protected  GFLOPS (med): 7583.1807  (min 7559.5796, max 7645.0170)
Overhead (median)      : 0.0000 %
--- Confusion Matrix (global) ---
TP / TN / FP / FN     : 0 / 640 / 0 / 0
Recall                : 0.0000
Detection precision   : 0.0000
Correction precision  : 0.0000 %
==================================================

--- sq 9472^3 F=32 ---
=== ABFT GEMM (cuBLAS, online pipelined) ===
Mode           : baseline  (inject=none)
M x K x N      : 9472 x 9472 x 9472
Process grid   : 1 x 2  (world=2)
Frags per rank : 32
Repeats        : 1
Samples        : 20
Threshold      : (per-fragment, formula)
GPUs visible   : 2


========== EXPERIMENT METRICS (global) ==========
Mode              : BASELINE
M x K x N         : 9472 x 9472 x 9472
Process grid      : 1 x 2
Frags per rank    : 32
Total fragments   : 64
Repeats           : 1
Threshold used    : 487.0685
--- Timing (worst rank) ---
Baseline   min/med/max : 310.7707 / 314.3802 / 362.8183  ms
Baseline   GFLOPS (med): 5406.2971  (min 4684.5279, max 5469.0896)
Protected  min/med/max : 310.7707 / 314.3802 / 362.8183  ms
Protected  GFLOPS (med): 5406.2971  (min 4684.5279, max 5469.0896)
Overhead (median)      : 0.0000 %
--- Confusion Matrix (global) ---
TP / TN / FP / FN     : 0 / 1280 / 0 / 0
Recall                : 0.0000
Detection precision   : 0.0000
Correction precision  : 0.0000 %
==================================================

--- sq 9728^3 F=1 ---
=== ABFT GEMM (cuBLAS, online pipelined) ===
Mode           : baseline  (inject=none)
M x K x N      : 9728 x 9728 x 9728
Process grid   : 1 x 2  (world=2)
Frags per rank : 1
Repeats        : 1
Samples        : 20
Threshold      : (per-fragment, formula)
GPUs visible   : 2


========== EXPERIMENT METRICS (global) ==========
Mode              : BASELINE
M x K x N         : 9728 x 9728 x 9728
Process grid      : 1 x 2
Frags per rank    : 1
Total fragments   : 2
Repeats           : 1
Threshold used    : 14490.4286
--- Timing (worst rank) ---
Baseline   min/med/max : 191.8054 / 193.1991 / 197.2881  ms
Baseline   GFLOPS (med): 9530.0602  (min 9332.5390, max 9599.3058)
Protected  min/med/max : 191.8054 / 193.1991 / 197.2881  ms
Protected  GFLOPS (med): 9530.0602  (min 9332.5390, max 9599.3058)
Overhead (median)      : 0.0000 %
--- Confusion Matrix (global) ---
TP / TN / FP / FN     : 0 / 40 / 0 / 0
Recall                : 0.0000
Detection precision   : 0.0000
Correction precision  : 0.0000 %
==================================================

--- sq 9728^3 F=2 ---
=== ABFT GEMM (cuBLAS, online pipelined) ===
Mode           : baseline  (inject=none)
M x K x N      : 9728 x 9728 x 9728
Process grid   : 1 x 2  (world=2)
Frags per rank : 2
Repeats        : 1
Samples        : 20
Threshold      : (per-fragment, formula)
GPUs visible   : 2


========== EXPERIMENT METRICS (global) ==========
Mode              : BASELINE
M x K x N         : 9728 x 9728 x 9728
Process grid      : 1 x 2
Frags per rank    : 2
Total fragments   : 4
Repeats           : 1
Threshold used    : 7332.7883
--- Timing (worst rank) ---
Baseline   min/med/max : 189.7362 / 192.2191 / 194.9497  ms
Baseline   GFLOPS (med): 9578.6478  (min 9444.4790, max 9703.9937)
Protected  min/med/max : 189.7362 / 192.2191 / 194.9497  ms
Protected  GFLOPS (med): 9578.6478  (min 9444.4790, max 9703.9937)
Overhead (median)      : 0.0000 %
--- Confusion Matrix (global) ---
TP / TN / FP / FN     : 0 / 80 / 0 / 0
Recall                : 0.0000
Detection precision   : 0.0000
Correction precision  : 0.0000 %
==================================================

--- sq 9728^3 F=4 ---
=== ABFT GEMM (cuBLAS, online pipelined) ===
Mode           : baseline  (inject=none)
M x K x N      : 9728 x 9728 x 9728
Process grid   : 1 x 2  (world=2)
Frags per rank : 4
Repeats        : 1
Samples        : 20
Threshold      : (per-fragment, formula)
GPUs visible   : 2


========== EXPERIMENT METRICS (global) ==========
Mode              : BASELINE
M x K x N         : 9728 x 9728 x 9728
Process grid      : 1 x 2
Frags per rank    : 4
Total fragments   : 8
Repeats           : 1
Threshold used    : 3741.0965
--- Timing (worst rank) ---
Baseline   min/med/max : 200.9200 / 201.7116 / 206.5365  ms
Baseline   GFLOPS (med): 9127.8796  (min 8914.6432, max 9163.8411)
Protected  min/med/max : 200.9200 / 201.7116 / 206.5365  ms
Protected  GFLOPS (med): 9127.8796  (min 8914.6432, max 9163.8411)
Overhead (median)      : 0.0000 %
--- Confusion Matrix (global) ---
TP / TN / FP / FN     : 0 / 160 / 0 / 0
Recall                : 0.0000
Detection precision   : 0.0000
Correction precision  : 0.0000 %
==================================================

--- sq 9728^3 F=8 ---
=== ABFT GEMM (cuBLAS, online pipelined) ===
Mode           : baseline  (inject=none)
M x K x N      : 9728 x 9728 x 9728
Process grid   : 1 x 2  (world=2)
Frags per rank : 8
Repeats        : 1
Samples        : 20
Threshold      : (per-fragment, formula)
GPUs visible   : 2


========== EXPERIMENT METRICS (global) ==========
Mode              : BASELINE
M x K x N         : 9728 x 9728 x 9728
Process grid      : 1 x 2
Frags per rank    : 8
Total fragments   : 16
Repeats           : 1
Threshold used    : 1924.6185
--- Timing (worst rank) ---
Baseline   min/med/max : 198.6865 / 199.2737 / 202.1004  ms
Baseline   GFLOPS (med): 9239.5470  (min 9110.3167, max 9266.8560)
Protected  min/med/max : 198.6865 / 199.2737 / 202.1004  ms
Protected  GFLOPS (med): 9239.5470  (min 9110.3167, max 9266.8560)
Overhead (median)      : 0.0000 %
--- Confusion Matrix (global) ---
TP / TN / FP / FN     : 0 / 320 / 0 / 0
Recall                : 0.0000
Detection precision   : 0.0000
Correction precision  : 0.0000 %
==================================================

--- sq 9728^3 F=16 ---
=== ABFT GEMM (cuBLAS, online pipelined) ===
Mode           : baseline  (inject=none)
M x K x N      : 9728 x 9728 x 9728
Process grid   : 1 x 2  (world=2)
Frags per rank : 16
Repeats        : 1
Samples        : 20
Threshold      : (per-fragment, formula)
GPUs visible   : 2


========== EXPERIMENT METRICS (global) ==========
Mode              : BASELINE
M x K x N         : 9728 x 9728 x 9728
Process grid      : 1 x 2
Frags per rank    : 16
Total fragments   : 32
Repeats           : 1
Threshold used    : 991.7357
--- Timing (worst rank) ---
Baseline   min/med/max : 233.7089 / 234.7077 / 238.0828  ms
Baseline   GFLOPS (med): 7844.6457  (min 7733.4389, max 7878.1731)
Protected  min/med/max : 233.7089 / 234.7077 / 238.0828  ms
Protected  GFLOPS (med): 7844.6457  (min 7733.4389, max 7878.1731)
Overhead (median)      : 0.0000 %
--- Confusion Matrix (global) ---
TP / TN / FP / FN     : 0 / 640 / 0 / 0
Recall                : 0.0000
Detection precision   : 0.0000
Correction precision  : 0.0000 %
==================================================

--- sq 9728^3 F=32 ---
=== ABFT GEMM (cuBLAS, online pipelined) ===
Mode           : baseline  (inject=none)
M x K x N      : 9728 x 9728 x 9728
Process grid   : 1 x 2  (world=2)
Frags per rank : 32
Repeats        : 1
Samples        : 20
Threshold      : (per-fragment, formula)
GPUs visible   : 2


========== EXPERIMENT METRICS (global) ==========
Mode              : BASELINE
M x K x N         : 9728 x 9728 x 9728
Process grid      : 1 x 2
Frags per rank    : 32
Total fragments   : 64
Repeats           : 1
Threshold used    : 533.0467
--- Timing (worst rank) ---
Baseline   min/med/max : 332.4476 / 336.3029 / 390.9563  ms
Baseline   GFLOPS (med): 5474.8235  (min 4709.4742, max 5538.3127)
Protected  min/med/max : 332.4476 / 336.3029 / 390.9563  ms
Protected  GFLOPS (med): 5474.8235  (min 4709.4742, max 5538.3127)
Overhead (median)      : 0.0000 %
--- Confusion Matrix (global) ---
TP / TN / FP / FN     : 0 / 1280 / 0 / 0
Recall                : 0.0000
Detection precision   : 0.0000
Correction precision  : 0.0000 %
==================================================

--- sq 9984^3 F=1 ---
=== ABFT GEMM (cuBLAS, online pipelined) ===
Mode           : baseline  (inject=none)
M x K x N      : 9984 x 9984 x 9984
Process grid   : 1 x 2  (world=2)
Frags per rank : 1
Repeats        : 1
Samples        : 20
Threshold      : (per-fragment, formula)
GPUs visible   : 2


========== EXPERIMENT METRICS (global) ==========
Mode              : BASELINE
M x K x N         : 9984 x 9984 x 9984
Process grid      : 1 x 2
Frags per rank    : 1
Total fragments   : 2
Repeats           : 1
Threshold used    : 15692.5265
--- Timing (worst rank) ---
Baseline   min/med/max : 206.3682 / 207.7217 / 209.3406  ms
Baseline   GFLOPS (med): 9582.1266  (min 9508.0222, max 9644.9724)
Protected  min/med/max : 206.3682 / 207.7217 / 209.3406  ms
Protected  GFLOPS (med): 9582.1266  (min 9508.0222, max 9644.9724)
Overhead (median)      : 0.0000 %
--- Confusion Matrix (global) ---
TP / TN / FP / FN     : 0 / 40 / 0 / 0
Recall                : 0.0000
Detection precision   : 0.0000
Correction precision  : 0.0000 %
==================================================

--- sq 9984^3 F=2 ---
=== ABFT GEMM (cuBLAS, online pipelined) ===
Mode           : baseline  (inject=none)
M x K x N      : 9984 x 9984 x 9984
Process grid   : 1 x 2  (world=2)
Frags per rank : 2
Repeats        : 1
Samples        : 20
Threshold      : (per-fragment, formula)
GPUs visible   : 2


========== EXPERIMENT METRICS (global) ==========
Mode              : BASELINE
M x K x N         : 9984 x 9984 x 9984
Process grid      : 1 x 2
Frags per rank    : 2
Total fragments   : 4
Repeats           : 1
Threshold used    : 7934.2587
--- Timing (worst rank) ---
Baseline   min/med/max : 210.6293 / 213.5278 / 215.8582  ms
Baseline   GFLOPS (med): 9321.5726  (min 9220.9376, max 9449.8514)
Protected  min/med/max : 210.6293 / 213.5278 / 215.8582  ms
Protected  GFLOPS (med): 9321.5726  (min 9220.9376, max 9449.8514)
Overhead (median)      : 0.0000 %
--- Confusion Matrix (global) ---
TP / TN / FP / FN     : 0 / 80 / 0 / 0
Recall                : 0.0000
Detection precision   : 0.0000
Correction precision  : 0.0000 %
==================================================

--- sq 9984^3 F=4 ---
=== ABFT GEMM (cuBLAS, online pipelined) ===
Mode           : baseline  (inject=none)
M x K x N      : 9984 x 9984 x 9984
Process grid   : 1 x 2  (world=2)
Frags per rank : 4
Repeats        : 1
Samples        : 20
Threshold      : (per-fragment, formula)
GPUs visible   : 2


========== EXPERIMENT METRICS (global) ==========
Mode              : BASELINE
M x K x N         : 9984 x 9984 x 9984
Process grid      : 1 x 2
Frags per rank    : 4
Total fragments   : 8
Repeats           : 1
Threshold used    : 4021.6684
--- Timing (worst rank) ---
Baseline   min/med/max : 211.2284 / 212.5573 / 216.3032  ms
Baseline   GFLOPS (med): 9364.1356  (min 9201.9695, max 9423.0486)
Protected  min/med/max : 211.2284 / 212.5573 / 216.3032  ms
Protected  GFLOPS (med): 9364.1356  (min 9201.9695, max 9423.0486)
Overhead (median)      : 0.0000 %
--- Confusion Matrix (global) ---
TP / TN / FP / FN     : 0 / 160 / 0 / 0
Recall                : 0.0000
Detection precision   : 0.0000
Correction precision  : 0.0000 %
==================================================

--- sq 9984^3 F=8 ---
=== ABFT GEMM (cuBLAS, online pipelined) ===
Mode           : baseline  (inject=none)
M x K x N      : 9984 x 9984 x 9984
Process grid   : 1 x 2  (world=2)
Frags per rank : 8
Repeats        : 1
Samples        : 20
Threshold      : (per-fragment, formula)
GPUs visible   : 2


========== EXPERIMENT METRICS (global) ==========
Mode              : BASELINE
M x K x N         : 9984 x 9984 x 9984
Process grid      : 1 x 2
Frags per rank    : 8
Total fragments   : 16
Repeats           : 1
Threshold used    : 2058.7169
--- Timing (worst rank) ---
Baseline   min/med/max : 212.8842 / 216.1175 / 219.2895  ms
Baseline   GFLOPS (med): 9209.8748  (min 9076.6548, max 9349.7563)
Protected  min/med/max : 212.8842 / 216.1175 / 219.2895  ms
Protected  GFLOPS (med): 9209.8748  (min 9076.6548, max 9349.7563)
Overhead (median)      : 0.0000 %
--- Confusion Matrix (global) ---
TP / TN / FP / FN     : 0 / 320 / 0 / 0
Recall                : 0.0000
Detection precision   : 0.0000
Correction precision  : 0.0000 %
==================================================

--- sq 9984^3 F=16 ---
=== ABFT GEMM (cuBLAS, online pipelined) ===
Mode           : baseline  (inject=none)
M x K x N      : 9984 x 9984 x 9984
Process grid   : 1 x 2  (world=2)
Frags per rank : 16
Repeats        : 1
Samples        : 20
Threshold      : (per-fragment, formula)
GPUs visible   : 2


========== EXPERIMENT METRICS (global) ==========
Mode              : BASELINE
M x K x N         : 9984 x 9984 x 9984
Process grid      : 1 x 2
Frags per rank    : 16
Total fragments   : 32
Repeats           : 1
Threshold used    : 1068.1347
--- Timing (worst rank) ---
Baseline   min/med/max : 245.1743 / 245.9922 / 247.4264  ms
Baseline   GFLOPS (med): 8091.3771  (min 8044.4739, max 8118.3691)
Protected  min/med/max : 245.1743 / 245.9922 / 247.4264  ms
Protected  GFLOPS (med): 8091.3771  (min 8044.4739, max 8118.3691)
Overhead (median)      : 0.0000 %
--- Confusion Matrix (global) ---
TP / TN / FP / FN     : 0 / 640 / 0 / 0
Recall                : 0.0000
Detection precision   : 0.0000
Correction precision  : 0.0000 %
==================================================

--- sq 9984^3 F=32 ---
=== ABFT GEMM (cuBLAS, online pipelined) ===
Mode           : baseline  (inject=none)
M x K x N      : 9984 x 9984 x 9984
Process grid   : 1 x 2  (world=2)
Frags per rank : 32
Repeats        : 1
Samples        : 20
Threshold      : (per-fragment, formula)
GPUs visible   : 2


========== EXPERIMENT METRICS (global) ==========
Mode              : BASELINE
M x K x N         : 9984 x 9984 x 9984
Process grid      : 1 x 2
Frags per rank    : 32
Total fragments   : 64
Repeats           : 1
Threshold used    : 565.4028
--- Timing (worst rank) ---
Baseline   min/med/max : 351.5878 / 352.8760 / 407.8522  ms
Baseline   GFLOPS (med): 5640.5514  (min 4880.2373, max 5661.2189)
Protected  min/med/max : 351.5878 / 352.8760 / 407.8522  ms
Protected  GFLOPS (med): 5640.5514  (min 4880.2373, max 5661.2189)
Overhead (median)      : 0.0000 %
--- Confusion Matrix (global) ---
TP / TN / FP / FN     : 0 / 1280 / 0 / 0
Recall                : 0.0000
Detection precision   : 0.0000
Correction precision  : 0.0000 %
==================================================

--- sq 10240^3 F=1 ---
=== ABFT GEMM (cuBLAS, online pipelined) ===
Mode           : baseline  (inject=none)
M x K x N      : 10240 x 10240 x 10240
Process grid   : 1 x 2  (world=2)
Frags per rank : 1
Repeats        : 1
Samples        : 20
Threshold      : (per-fragment, formula)
GPUs visible   : 2


========== EXPERIMENT METRICS (global) ==========
Mode              : BASELINE
M x K x N         : 10240 x 10240 x 10240
Process grid      : 1 x 2
Frags per rank    : 1
Total fragments   : 2
Repeats           : 1
Threshold used    : 16832.0093
--- Timing (worst rank) ---
Baseline   min/med/max : 225.0404 / 225.7979 / 227.3206  ms
Baseline   GFLOPS (med): 9510.6434  (min 9446.9384, max 9542.6593)
Protected  min/med/max : 225.0404 / 225.7979 / 227.3206  ms
Protected  GFLOPS (med): 9510.6434  (min 9446.9384, max 9542.6593)
Overhead (median)      : 0.0000 %
--- Confusion Matrix (global) ---
TP / TN / FP / FN     : 0 / 40 / 0 / 0
Recall                : 0.0000
Detection precision   : 0.0000
Correction precision  : 0.0000 %
==================================================

--- sq 10240^3 F=2 ---
=== ABFT GEMM (cuBLAS, online pipelined) ===
Mode           : baseline  (inject=none)
M x K x N      : 10240 x 10240 x 10240
Process grid   : 1 x 2  (world=2)
Frags per rank : 2
Repeats        : 1
Samples        : 20
Threshold      : (per-fragment, formula)
GPUs visible   : 2


========== EXPERIMENT METRICS (global) ==========
Mode              : BASELINE
M x K x N         : 10240 x 10240 x 10240
Process grid      : 1 x 2
Frags per rank    : 2
Total fragments   : 4
Repeats           : 1
Threshold used    : 8543.8716
--- Timing (worst rank) ---
Baseline   min/med/max : 223.3252 / 227.2212 / 230.8325  ms
Baseline   GFLOPS (med): 9451.0726  (min 9303.2099, max 9615.9483)
Protected  min/med/max : 223.3252 / 227.2212 / 230.8325  ms
Protected  GFLOPS (med): 9451.0726  (min 9303.2099, max 9615.9483)
Overhead (median)      : 0.0000 %
--- Confusion Matrix (global) ---
TP / TN / FP / FN     : 0 / 80 / 0 / 0
Recall                : 0.0000
Detection precision   : 0.0000
Correction precision  : 0.0000 %
==================================================

--- sq 10240^3 F=4 ---
=== ABFT GEMM (cuBLAS, online pipelined) ===
Mode           : baseline  (inject=none)
M x K x N      : 10240 x 10240 x 10240
Process grid   : 1 x 2  (world=2)
Frags per rank : 4
Repeats        : 1
Samples        : 20
Threshold      : (per-fragment, formula)
GPUs visible   : 2


========== EXPERIMENT METRICS (global) ==========
Mode              : BASELINE
M x K x N         : 10240 x 10240 x 10240
Process grid      : 1 x 2
Frags per rank    : 4
Total fragments   : 8
Repeats           : 1
Threshold used    : 4342.9124
--- Timing (worst rank) ---
Baseline   min/med/max : 223.0085 / 224.9629 / 228.2674  ms
Baseline   GFLOPS (med): 9545.9468  (min 9407.7536, max 9629.6040)
Protected  min/med/max : 223.0085 / 224.9629 / 228.2674  ms
Protected  GFLOPS (med): 9545.9468  (min 9407.7536, max 9629.6040)
Overhead (median)      : 0.0000 %
--- Confusion Matrix (global) ---
TP / TN / FP / FN     : 0 / 160 / 0 / 0
Recall                : 0.0000
Detection precision   : 0.0000
Correction precision  : 0.0000 %
==================================================

--- sq 10240^3 F=8 ---
=== ABFT GEMM (cuBLAS, online pipelined) ===
Mode           : baseline  (inject=none)
M x K x N      : 10240 x 10240 x 10240
Process grid   : 1 x 2  (world=2)
Frags per rank : 8
Repeats        : 1
Samples        : 20
Threshold      : (per-fragment, formula)
GPUs visible   : 2


========== EXPERIMENT METRICS (global) ==========
Mode              : BASELINE
M x K x N         : 10240 x 10240 x 10240
Process grid      : 1 x 2
Frags per rank    : 8
Total fragments   : 16
Repeats           : 1
Threshold used    : 2226.2023
--- Timing (worst rank) ---
Baseline   min/med/max : 220.2772 / 223.3580 / 224.1522  ms
Baseline   GFLOPS (med): 9614.5367  (min 9580.4697, max 9749.0073)
Protected  min/med/max : 220.2772 / 223.3580 / 224.1522  ms
Protected  GFLOPS (med): 9614.5367  (min 9580.4697, max 9749.0073)
Overhead (median)      : 0.0000 %
--- Confusion Matrix (global) ---
TP / TN / FP / FN     : 0 / 320 / 0 / 0
Recall                : 0.0000
Detection precision   : 0.0000
Correction precision  : 0.0000 %
==================================================

--- sq 10240^3 F=16 ---
=== ABFT GEMM (cuBLAS, online pipelined) ===
Mode           : baseline  (inject=none)
M x K x N      : 10240 x 10240 x 10240
Process grid   : 1 x 2  (world=2)
Frags per rank : 16
Repeats        : 1
Samples        : 20
Threshold      : (per-fragment, formula)
GPUs visible   : 2


========== EXPERIMENT METRICS (global) ==========
Mode              : BASELINE
M x K x N         : 10240 x 10240 x 10240
Process grid      : 1 x 2
Frags per rank    : 16
Total fragments   : 32
Repeats           : 1
Threshold used    : 1142.8788
--- Timing (worst rank) ---
Baseline   min/med/max : 254.3812 / 255.3230 / 262.4850  ms
Baseline   GFLOPS (med): 8410.8513  (min 8181.3589, max 8441.9915)
Protected  min/med/max : 254.3812 / 255.3230 / 262.4850  ms
Protected  GFLOPS (med): 8410.8513  (min 8181.3589, max 8441.9915)
Overhead (median)      : 0.0000 %
--- Confusion Matrix (global) ---
TP / TN / FP / FN     : 0 / 640 / 0 / 0
Recall                : 0.0000
Detection precision   : 0.0000
Correction precision  : 0.0000 %
==================================================

--- sq 10240^3 F=32 ---
=== ABFT GEMM (cuBLAS, online pipelined) ===
Mode           : baseline  (inject=none)
M x K x N      : 10240 x 10240 x 10240
Process grid   : 1 x 2  (world=2)
Frags per rank : 32
Repeats        : 1
Samples        : 20
Threshold      : (per-fragment, formula)
GPUs visible   : 2


========== EXPERIMENT METRICS (global) ==========
Mode              : BASELINE
M x K x N         : 10240 x 10240 x 10240
Process grid      : 1 x 2
Frags per rank    : 32
Total fragments   : 64
Repeats           : 1
Threshold used    : 605.5704
--- Timing (worst rank) ---
Baseline   min/med/max : 361.4955 / 366.1869 / 420.4205  ms
Baseline   GFLOPS (med): 5864.4476  (min 5107.9420, max 5940.5538)
Protected  min/med/max : 361.4955 / 366.1869 / 420.4205  ms
Protected  GFLOPS (med): 5864.4476  (min 5107.9420, max 5940.5538)
Overhead (median)      : 0.0000 %
--- Confusion Matrix (global) ---
TP / TN / FP / FN     : 0 / 1280 / 0 / 0
Recall                : 0.0000
Detection precision   : 0.0000
Correction precision  : 0.0000 %
==================================================

############################################
###  NO CUADRADAS  K=1024 fijo
############################################
--- ns 256x1024x256 F=1 ---
=== ABFT GEMM (cuBLAS, online pipelined) ===
Mode           : baseline  (inject=none)
M x K x N      : 256 x 1024 x 256
Process grid   : 1 x 2  (world=2)
Frags per rank : 1
Repeats        : 1
Samples        : 20
Threshold      : (per-fragment, formula)
GPUs visible   : 2


========== EXPERIMENT METRICS (global) ==========
Mode              : BASELINE
M x K x N         : 256 x 1024 x 256
Process grid      : 1 x 2
Frags per rank    : 1
Total fragments   : 2
Repeats           : 1
Threshold used    : 4.9727
--- Timing (worst rank) ---
Baseline   min/med/max : 0.0434 / 0.0438 / 0.0475  ms
Baseline   GFLOPS (med): 3063.9120  (min 2822.8432, max 3092.7169)
Protected  min/med/max : 0.0434 / 0.0438 / 0.0475  ms
Protected  GFLOPS (med): 3063.9120  (min 2822.8432, max 3092.7169)
Overhead (median)      : 0.0000 %
--- Confusion Matrix (global) ---
TP / TN / FP / FN     : 0 / 40 / 0 / 0
Recall                : 0.0000
Detection precision   : 0.0000
Correction precision  : 0.0000 %
==================================================

--- ns 256x1024x256 F=2 ---
=== ABFT GEMM (cuBLAS, online pipelined) ===
Mode           : baseline  (inject=none)
M x K x N      : 256 x 1024 x 256
Process grid   : 1 x 2  (world=2)
Frags per rank : 2
Repeats        : 1
Samples        : 20
Threshold      : (per-fragment, formula)
GPUs visible   : 2


========== EXPERIMENT METRICS (global) ==========
Mode              : BASELINE
M x K x N         : 256 x 1024 x 256
Process grid      : 1 x 2
Frags per rank    : 2
Total fragments   : 4
Repeats           : 1
Threshold used    : 2.5378
--- Timing (worst rank) ---
Baseline   min/med/max : 0.0734 / 0.0753 / 0.0796  ms
Baseline   GFLOPS (med): 1782.6767  (min 1687.0001, max 1828.3054)
Protected  min/med/max : 0.0734 / 0.0753 / 0.0796  ms
Protected  GFLOPS (med): 1782.6767  (min 1687.0001, max 1828.3054)
Overhead (median)      : 0.0000 %
--- Confusion Matrix (global) ---
TP / TN / FP / FN     : 0 / 80 / 0 / 0
Recall                : 0.0000
Detection precision   : 0.0000
Correction precision  : 0.0000 %
==================================================

--- ns 256x1024x256 F=4 ---
=== ABFT GEMM (cuBLAS, online pipelined) ===
Mode           : baseline  (inject=none)
M x K x N      : 256 x 1024 x 256
Process grid   : 1 x 2  (world=2)
Frags per rank : 4
Repeats        : 1
Samples        : 20
Threshold      : (per-fragment, formula)
GPUs visible   : 2


========== EXPERIMENT METRICS (global) ==========
Mode              : BASELINE
M x K x N         : 256 x 1024 x 256
Process grid      : 1 x 2
Frags per rank    : 4
Total fragments   : 8
Repeats           : 1
Threshold used    : 1.3657
--- Timing (worst rank) ---
Baseline   min/med/max : 0.1293 / 0.1299 / 0.1332  ms
Baseline   GFLOPS (med): 1033.0321  (min 1007.9130, max 1038.0897)
Protected  min/med/max : 0.1293 / 0.1299 / 0.1332  ms
Protected  GFLOPS (med): 1033.0321  (min 1007.9130, max 1038.0897)
Overhead (median)      : 0.0000 %
--- Confusion Matrix (global) ---
TP / TN / FP / FN     : 0 / 160 / 0 / 0
Recall                : 0.0000
Detection precision   : 0.0000
Correction precision  : 0.0000 %
==================================================

--- ns 256x1024x256 F=8 ---
=== ABFT GEMM (cuBLAS, online pipelined) ===
Mode           : baseline  (inject=none)
M x K x N      : 256 x 1024 x 256
Process grid   : 1 x 2  (world=2)
Frags per rank : 8
Repeats        : 1
Samples        : 20
Threshold      : (per-fragment, formula)
GPUs visible   : 2


========== EXPERIMENT METRICS (global) ==========
Mode              : BASELINE
M x K x N         : 256 x 1024 x 256
Process grid      : 1 x 2
Frags per rank    : 8
Total fragments   : 16
Repeats           : 1
Threshold used    : 0.7566
--- Timing (worst rank) ---
Baseline   min/med/max : 0.2341 / 0.2349 / 0.2384  ms
Baseline   GFLOPS (med): 571.4189  (min 563.0529, max 573.2909)
Protected  min/med/max : 0.2341 / 0.2349 / 0.2384  ms
Protected  GFLOPS (med): 571.4189  (min 563.0529, max 573.2909)
Overhead (median)      : 0.0000 %
--- Confusion Matrix (global) ---
TP / TN / FP / FN     : 0 / 320 / 0 / 0
Recall                : 0.0000
Detection precision   : 0.0000
Correction precision  : 0.0000 %
==================================================

--- ns 256x1024x256 F=16 ---
=== ABFT GEMM (cuBLAS, online pipelined) ===
Mode           : baseline  (inject=none)
M x K x N      : 256 x 1024 x 256
Process grid   : 1 x 2  (world=2)
Frags per rank : 16
Repeats        : 1
Samples        : 20
Threshold      : (per-fragment, formula)
GPUs visible   : 2


========== EXPERIMENT METRICS (global) ==========
Mode              : BASELINE
M x K x N         : 256 x 1024 x 256
Process grid      : 1 x 2
Frags per rank    : 16
Total fragments   : 32
Repeats           : 1
Threshold used    : 0.4386
--- Timing (worst rank) ---
Baseline   min/med/max : 0.4533 / 0.4546 / 0.4570  ms
Baseline   GFLOPS (med): 295.2325  (min 293.6616, max 296.1092)
Protected  min/med/max : 0.4533 / 0.4546 / 0.4570  ms
Protected  GFLOPS (med): 295.2325  (min 293.6616, max 296.1092)
Overhead (median)      : 0.0000 %
--- Confusion Matrix (global) ---
TP / TN / FP / FN     : 0 / 640 / 0 / 0
Recall                : 0.0000
Detection precision   : 0.0000
Correction precision  : 0.0000 %
==================================================

--- ns 256x1024x256 F=32 ---
=== ABFT GEMM (cuBLAS, online pipelined) ===
Mode           : baseline  (inject=none)
M x K x N      : 256 x 1024 x 256
Process grid   : 1 x 2  (world=2)
Frags per rank : 32
Repeats        : 1
Samples        : 20
Threshold      : (per-fragment, formula)
GPUs visible   : 2


========== EXPERIMENT METRICS (global) ==========
Mode              : BASELINE
M x K x N         : 256 x 1024 x 256
Process grid      : 1 x 2
Frags per rank    : 32
Total fragments   : 64
Repeats           : 1
Threshold used    : 0.2373
--- Timing (worst rank) ---
Baseline   min/med/max : 0.8933 / 0.8966 / 0.9022  ms
Baseline   GFLOPS (med): 149.6891  (min 148.7703, max 150.2450)
Protected  min/med/max : 0.8933 / 0.8966 / 0.9022  ms
Protected  GFLOPS (med): 149.6891  (min 148.7703, max 150.2450)
Overhead (median)      : 0.0000 %
--- Confusion Matrix (global) ---
TP / TN / FP / FN     : 0 / 1280 / 0 / 0
Recall                : 0.0000
Detection precision   : 0.0000
Correction precision  : 0.0000 %
==================================================

--- ns 512x1024x512 F=1 ---
=== ABFT GEMM (cuBLAS, online pipelined) ===
Mode           : baseline  (inject=none)
M x K x N      : 512 x 1024 x 512
Process grid   : 1 x 2  (world=2)
Frags per rank : 1
Repeats        : 1
Samples        : 20
Threshold      : (per-fragment, formula)
GPUs visible   : 2


========== EXPERIMENT METRICS (global) ==========
Mode              : BASELINE
M x K x N         : 512 x 1024 x 512
Process grid      : 1 x 2
Frags per rank    : 1
Total fragments   : 2
Repeats           : 1
Threshold used    : 9.5587
--- Timing (worst rank) ---
Baseline   min/med/max : 0.0927 / 0.0935 / 0.0977  ms
Baseline   GFLOPS (med): 5741.6893  (min 5492.8475, max 5789.7389)
Protected  min/med/max : 0.0927 / 0.0935 / 0.0977  ms
Protected  GFLOPS (med): 5741.6893  (min 5492.8475, max 5789.7389)
Overhead (median)      : 0.0000 %
--- Confusion Matrix (global) ---
TP / TN / FP / FN     : 0 / 40 / 0 / 0
Recall                : 0.0000
Detection precision   : 0.0000
Correction precision  : 0.0000 %
==================================================

--- ns 512x1024x512 F=2 ---
=== ABFT GEMM (cuBLAS, online pipelined) ===
Mode           : baseline  (inject=none)
M x K x N      : 512 x 1024 x 512
Process grid   : 1 x 2  (world=2)
Frags per rank : 2
Repeats        : 1
Samples        : 20
Threshold      : (per-fragment, formula)
GPUs visible   : 2


========== EXPERIMENT METRICS (global) ==========
Mode              : BASELINE
M x K x N         : 512 x 1024 x 512
Process grid      : 1 x 2
Frags per rank    : 2
Total fragments   : 4
Repeats           : 1
Threshold used    : 5.0331
--- Timing (worst rank) ---
Baseline   min/med/max : 0.0962 / 0.0990 / 0.1045  ms
Baseline   GFLOPS (med): 5423.7055  (min 5138.4058, max 5580.5467)
Protected  min/med/max : 0.0962 / 0.0990 / 0.1045  ms
Protected  GFLOPS (med): 5423.7055  (min 5138.4058, max 5580.5467)
Overhead (median)      : 0.0000 %
--- Confusion Matrix (global) ---
TP / TN / FP / FN     : 0 / 80 / 0 / 0
Recall                : 0.0000
Detection precision   : 0.0000
Correction precision  : 0.0000 %
==================================================

--- ns 512x1024x512 F=4 ---
=== ABFT GEMM (cuBLAS, online pipelined) ===
Mode           : baseline  (inject=none)
M x K x N      : 512 x 1024 x 512
Process grid   : 1 x 2  (world=2)
Frags per rank : 4
Repeats        : 1
Samples        : 20
Threshold      : (per-fragment, formula)
GPUs visible   : 2


========== EXPERIMENT METRICS (global) ==========
Mode              : BASELINE
M x K x N         : 512 x 1024 x 512
Process grid      : 1 x 2
Frags per rank    : 4
Total fragments   : 8
Repeats           : 1
Threshold used    : 2.6158
--- Timing (worst rank) ---
Baseline   min/med/max : 0.1529 / 0.1540 / 0.1575  ms
Baseline   GFLOPS (med): 3485.6994  (min 3408.3363, max 3512.0821)
Protected  min/med/max : 0.1529 / 0.1540 / 0.1575  ms
Protected  GFLOPS (med): 3485.6994  (min 3408.3363, max 3512.0821)
Overhead (median)      : 0.0000 %
--- Confusion Matrix (global) ---
TP / TN / FP / FN     : 0 / 160 / 0 / 0
Recall                : 0.0000
Detection precision   : 0.0000
Correction precision  : 0.0000 %
==================================================

--- ns 512x1024x512 F=8 ---
=== ABFT GEMM (cuBLAS, online pipelined) ===
Mode           : baseline  (inject=none)
M x K x N      : 512 x 1024 x 512
Process grid   : 1 x 2  (world=2)
Frags per rank : 8
Repeats        : 1
Samples        : 20
Threshold      : (per-fragment, formula)
GPUs visible   : 2


========== EXPERIMENT METRICS (global) ==========
Mode              : BASELINE
M x K x N         : 512 x 1024 x 512
Process grid      : 1 x 2
Frags per rank    : 8
Total fragments   : 16
Repeats           : 1
Threshold used    : 1.3846
--- Timing (worst rank) ---
Baseline   min/med/max : 0.2834 / 0.2851 / 0.2994  ms
Baseline   GFLOPS (med): 1882.8393  (min 1793.3657, max 1894.0920)
Protected  min/med/max : 0.2834 / 0.2851 / 0.2994  ms
Protected  GFLOPS (med): 1882.8393  (min 1793.3657, max 1894.0920)
Overhead (median)      : 0.0000 %
--- Confusion Matrix (global) ---
TP / TN / FP / FN     : 0 / 320 / 0 / 0
Recall                : 0.0000
Detection precision   : 0.0000
Correction precision  : 0.0000 %
==================================================

--- ns 512x1024x512 F=16 ---
=== ABFT GEMM (cuBLAS, online pipelined) ===
Mode           : baseline  (inject=none)
M x K x N      : 512 x 1024 x 512
Process grid   : 1 x 2  (world=2)
Frags per rank : 16
Repeats        : 1
Samples        : 20
Threshold      : (per-fragment, formula)
GPUs visible   : 2


========== EXPERIMENT METRICS (global) ==========
Mode              : BASELINE
M x K x N         : 512 x 1024 x 512
Process grid      : 1 x 2
Frags per rank    : 16
Total fragments   : 32
Repeats           : 1
Threshold used    : 0.7658
--- Timing (worst rank) ---
Baseline   min/med/max : 0.5313 / 0.5335 / 0.5364  ms
Baseline   GFLOPS (med): 1006.3223  (min 1000.9582, max 1010.4512)
Protected  min/med/max : 0.5313 / 0.5335 / 0.5364  ms
Protected  GFLOPS (med): 1006.3223  (min 1000.9582, max 1010.4512)
Overhead (median)      : 0.0000 %
--- Confusion Matrix (global) ---
TP / TN / FP / FN     : 0 / 640 / 0 / 0
Recall                : 0.0000
Detection precision   : 0.0000
Correction precision  : 0.0000 %
==================================================

--- ns 512x1024x512 F=32 ---
=== ABFT GEMM (cuBLAS, online pipelined) ===
Mode           : baseline  (inject=none)
M x K x N      : 512 x 1024 x 512
Process grid   : 1 x 2  (world=2)
Frags per rank : 32
Repeats        : 1
Samples        : 20
Threshold      : (per-fragment, formula)
GPUs visible   : 2


========== EXPERIMENT METRICS (global) ==========
Mode              : BASELINE
M x K x N         : 512 x 1024 x 512
Process grid      : 1 x 2
Frags per rank    : 32
Total fragments   : 64
Repeats           : 1
Threshold used    : 0.4440
--- Timing (worst rank) ---
Baseline   min/med/max : 1.0350 / 1.0391 / 1.0421  ms
Baseline   GFLOPS (med): 516.6627  (min 515.1669, max 518.7154)
Protected  min/med/max : 1.0350 / 1.0391 / 1.0421  ms
Protected  GFLOPS (med): 516.6627  (min 515.1669, max 518.7154)
Overhead (median)      : 0.0000 %
--- Confusion Matrix (global) ---
TP / TN / FP / FN     : 0 / 1280 / 0 / 0
Recall                : 0.0000
Detection precision   : 0.0000
Correction precision  : 0.0000 %
==================================================

--- ns 768x1024x768 F=1 ---
=== ABFT GEMM (cuBLAS, online pipelined) ===
Mode           : baseline  (inject=none)
M x K x N      : 768 x 1024 x 768
Process grid   : 1 x 2  (world=2)
Frags per rank : 1
Repeats        : 1
Samples        : 20
Threshold      : (per-fragment, formula)
GPUs visible   : 2


========== EXPERIMENT METRICS (global) ==========
Mode              : BASELINE
M x K x N         : 768 x 1024 x 768
Process grid      : 1 x 2
Frags per rank    : 1
Total fragments   : 2
Repeats           : 1
Threshold used    : 13.9506
--- Timing (worst rank) ---
Baseline   min/med/max : 0.1584 / 0.1617 / 0.1727  ms
Baseline   GFLOPS (med): 7471.3910  (min 6995.6481, max 7626.5369)
Protected  min/med/max : 0.1584 / 0.1617 / 0.1727  ms
Protected  GFLOPS (med): 7471.3910  (min 6995.6481, max 7626.5369)
Overhead (median)      : 0.0000 %
--- Confusion Matrix (global) ---
TP / TN / FP / FN     : 0 / 40 / 0 / 0
Recall                : 0.0000
Detection precision   : 0.0000
Correction precision  : 0.0000 %
==================================================

--- ns 768x1024x768 F=2 ---
=== ABFT GEMM (cuBLAS, online pipelined) ===
Mode           : baseline  (inject=none)
M x K x N      : 768 x 1024 x 768
Process grid   : 1 x 2  (world=2)
Frags per rank : 2
Repeats        : 1
Samples        : 20
Threshold      : (per-fragment, formula)
GPUs visible   : 2


========== EXPERIMENT METRICS (global) ==========
Mode              : BASELINE
M x K x N         : 768 x 1024 x 768
Process grid      : 1 x 2
Frags per rank    : 2
Total fragments   : 4
Repeats           : 1
Threshold used    : 7.2036
--- Timing (worst rank) ---
Baseline   min/med/max : 0.1796 / 0.1825 / 0.1870  ms
Baseline   GFLOPS (med): 6620.4801  (min 6459.8149, max 6724.2228)
Protected  min/med/max : 0.1796 / 0.1825 / 0.1870  ms
Protected  GFLOPS (med): 6620.4801  (min 6459.8149, max 6724.2228)
Overhead (median)      : 0.0000 %
--- Confusion Matrix (global) ---
TP / TN / FP / FN     : 0 / 80 / 0 / 0
Recall                : 0.0000
Detection precision   : 0.0000
Correction precision  : 0.0000 %
==================================================

--- ns 768x1024x768 F=4 ---
=== ABFT GEMM (cuBLAS, online pipelined) ===
Mode           : baseline  (inject=none)
M x K x N      : 768 x 1024 x 768
Process grid   : 1 x 2  (world=2)
Frags per rank : 4
Repeats        : 1
Samples        : 20
Threshold      : (per-fragment, formula)
GPUs visible   : 2


========== EXPERIMENT METRICS (global) ==========
Mode              : BASELINE
M x K x N         : 768 x 1024 x 768
Process grid      : 1 x 2
Frags per rank    : 4
Total fragments   : 8
Repeats           : 1
Threshold used    : 3.7332
--- Timing (worst rank) ---
Baseline   min/med/max : 0.1899 / 0.1931 / 0.1977  ms
Baseline   GFLOPS (med): 6256.9126  (min 6110.0944, max 6362.0683)
Protected  min/med/max : 0.1899 / 0.1931 / 0.1977  ms
Protected  GFLOPS (med): 6256.9126  (min 6110.0944, max 6362.0683)
Overhead (median)      : 0.0000 %
--- Confusion Matrix (global) ---
TP / TN / FP / FN     : 0 / 160 / 0 / 0
Recall                : 0.0000
Detection precision   : 0.0000
Correction precision  : 0.0000 %
==================================================

--- ns 768x1024x768 F=8 ---
=== ABFT GEMM (cuBLAS, online pipelined) ===
Mode           : baseline  (inject=none)
M x K x N      : 768 x 1024 x 768
Process grid   : 1 x 2  (world=2)
Frags per rank : 8
Repeats        : 1
Samples        : 20
Threshold      : (per-fragment, formula)
GPUs visible   : 2


========== EXPERIMENT METRICS (global) ==========
Mode              : BASELINE
M x K x N         : 768 x 1024 x 768
Process grid      : 1 x 2
Frags per rank    : 8
Total fragments   : 16
Repeats           : 1
Threshold used    : 2.0286
--- Timing (worst rank) ---
Baseline   min/med/max : 0.3215 / 0.3238 / 0.3382  ms
Baseline   GFLOPS (med): 3730.6537  (min 3572.0799, max 3757.4601)
Protected  min/med/max : 0.3215 / 0.3238 / 0.3382  ms
Protected  GFLOPS (med): 3730.6537  (min 3572.0799, max 3757.4601)
Overhead (median)      : 0.0000 %
--- Confusion Matrix (global) ---
TP / TN / FP / FN     : 0 / 320 / 0 / 0
Recall                : 0.0000
Detection precision   : 0.0000
Correction precision  : 0.0000 %
==================================================

--- ns 768x1024x768 F=16 ---
=== ABFT GEMM (cuBLAS, online pipelined) ===
Mode           : baseline  (inject=none)
M x K x N      : 768 x 1024 x 768
Process grid   : 1 x 2  (world=2)
Frags per rank : 16
Repeats        : 1
Samples        : 20
Threshold      : (per-fragment, formula)
GPUs visible   : 2


========== EXPERIMENT METRICS (global) ==========
Mode              : BASELINE
M x K x N         : 768 x 1024 x 768
Process grid      : 1 x 2
Frags per rank    : 16
Total fragments   : 32
Repeats           : 1
Threshold used    : 1.0820
--- Timing (worst rank) ---
Baseline   min/med/max : 0.6288 / 0.6400 / 0.6453  ms
Baseline   GFLOPS (med): 1887.3277  (min 1871.9000, max 1921.1958)
Protected  min/med/max : 0.6288 / 0.6400 / 0.6453  ms
Protected  GFLOPS (med): 1887.3277  (min 1871.9000, max 1921.1958)
Overhead (median)      : 0.0000 %
--- Confusion Matrix (global) ---
TP / TN / FP / FN     : 0 / 640 / 0 / 0
Recall                : 0.0000
Detection precision   : 0.0000
Correction precision  : 0.0000 %
==================================================

--- ns 768x1024x768 F=32 ---
=== ABFT GEMM (cuBLAS, online pipelined) ===
Mode           : baseline  (inject=none)
M x K x N      : 768 x 1024 x 768
Process grid   : 1 x 2  (world=2)
Frags per rank : 32
Repeats        : 1
Samples        : 20
Threshold      : (per-fragment, formula)
GPUs visible   : 2


========== EXPERIMENT METRICS (global) ==========
Mode              : BASELINE
M x K x N         : 768 x 1024 x 768
Process grid      : 1 x 2
Frags per rank    : 32
Total fragments   : 64
Repeats           : 1
Threshold used    : 0.5771
--- Timing (worst rank) ---
Baseline   min/med/max : 1.2527 / 1.2573 / 1.2610  ms
Baseline   GFLOPS (med): 960.7285  (min 957.9492, max 964.2594)
Protected  min/med/max : 1.2527 / 1.2573 / 1.2610  ms
Protected  GFLOPS (med): 960.7285  (min 957.9492, max 964.2594)
Overhead (median)      : 0.0000 %
--- Confusion Matrix (global) ---
TP / TN / FP / FN     : 0 / 1280 / 0 / 0
Recall                : 0.0000
Detection precision   : 0.0000
Correction precision  : 0.0000 %
==================================================

--- ns 1024x1024x1024 F=1 ---
=== ABFT GEMM (cuBLAS, online pipelined) ===
Mode           : baseline  (inject=none)
M x K x N      : 1024 x 1024 x 1024
Process grid   : 1 x 2  (world=2)
Frags per rank : 1
Repeats        : 1
Samples        : 20
Threshold      : (per-fragment, formula)
GPUs visible   : 2


========== EXPERIMENT METRICS (global) ==========
Mode              : BASELINE
M x K x N         : 1024 x 1024 x 1024
Process grid      : 1 x 2
Frags per rank    : 1
Total fragments   : 2
Repeats           : 1
Threshold used    : 18.4471
--- Timing (worst rank) ---
Baseline   min/med/max : 0.2722 / 0.2771 / 0.3123  ms
Baseline   GFLOPS (med): 7749.8228  (min 6876.5907, max 7889.9392)
Protected  min/med/max : 0.2722 / 0.2771 / 0.3123  ms
Protected  GFLOPS (med): 7749.8228  (min 6876.5907, max 7889.9392)
Overhead (median)      : 0.0000 %
--- Confusion Matrix (global) ---
TP / TN / FP / FN     : 0 / 40 / 0 / 0
Recall                : 0.0000
Detection precision   : 0.0000
Correction precision  : 0.0000 %
==================================================

--- ns 1024x1024x1024 F=2 ---
=== ABFT GEMM (cuBLAS, online pipelined) ===
Mode           : baseline  (inject=none)
M x K x N      : 1024 x 1024 x 1024
Process grid   : 1 x 2  (world=2)
Frags per rank : 2
Repeats        : 1
Samples        : 20
Threshold      : (per-fragment, formula)
GPUs visible   : 2


========== EXPERIMENT METRICS (global) ==========
Mode              : BASELINE
M x K x N         : 1024 x 1024 x 1024
Process grid      : 1 x 2
Frags per rank    : 2
Total fragments   : 4
Repeats           : 1
Threshold used    : 9.5587
--- Timing (worst rank) ---
Baseline   min/med/max : 0.3140 / 0.3184 / 0.3906  ms
Baseline   GFLOPS (med): 6744.9060  (min 5497.6004, max 6839.7734)
Protected  min/med/max : 0.3140 / 0.3184 / 0.3906  ms
Protected  GFLOPS (med): 6744.9060  (min 5497.6004, max 6839.7734)
Overhead (median)      : 0.0000 %
--- Confusion Matrix (global) ---
TP / TN / FP / FN     : 0 / 80 / 0 / 0
Recall                : 0.0000
Detection precision   : 0.0000
Correction precision  : 0.0000 %
==================================================

--- ns 1024x1024x1024 F=4 ---
=== ABFT GEMM (cuBLAS, online pipelined) ===
Mode           : baseline  (inject=none)
M x K x N      : 1024 x 1024 x 1024
Process grid   : 1 x 2  (world=2)
Frags per rank : 4
Repeats        : 1
Samples        : 20
Threshold      : (per-fragment, formula)
GPUs visible   : 2


========== EXPERIMENT METRICS (global) ==========
Mode              : BASELINE
M x K x N         : 1024 x 1024 x 1024
Process grid      : 1 x 2
Frags per rank    : 4
Total fragments   : 8
Repeats           : 1
Threshold used    : 5.0522
--- Timing (worst rank) ---
Baseline   min/med/max : 0.3451 / 0.3482 / 0.3552  ms
Baseline   GFLOPS (med): 6168.2536  (min 6046.1670, max 6223.2374)
Protected  min/med/max : 0.3451 / 0.3482 / 0.3552  ms
Protected  GFLOPS (med): 6168.2536  (min 6046.1670, max 6223.2374)
Overhead (median)      : 0.0000 %
--- Confusion Matrix (global) ---
TP / TN / FP / FN     : 0 / 160 / 0 / 0
Recall                : 0.0000
Detection precision   : 0.0000
Correction precision  : 0.0000 %
==================================================

--- ns 1024x1024x1024 F=8 ---
=== ABFT GEMM (cuBLAS, online pipelined) ===
Mode           : baseline  (inject=none)
M x K x N      : 1024 x 1024 x 1024
Process grid   : 1 x 2  (world=2)
Frags per rank : 8
Repeats        : 1
Samples        : 20
Threshold      : (per-fragment, formula)
GPUs visible   : 2


========== EXPERIMENT METRICS (global) ==========
Mode              : BASELINE
M x K x N         : 1024 x 1024 x 1024
Process grid      : 1 x 2
Frags per rank    : 8
Total fragments   : 16
Repeats           : 1
Threshold used    : 2.7114
--- Timing (worst rank) ---
Baseline   min/med/max : 0.3688 / 0.3731 / 0.3831  ms
Baseline   GFLOPS (med): 5755.9246  (min 5605.7774, max 5823.0844)
Protected  min/med/max : 0.3688 / 0.3731 / 0.3831  ms
Protected  GFLOPS (med): 5755.9246  (min 5605.7774, max 5823.0844)
Overhead (median)      : 0.0000 %
--- Confusion Matrix (global) ---
TP / TN / FP / FN     : 0 / 320 / 0 / 0
Recall                : 0.0000
Detection precision   : 0.0000
Correction precision  : 0.0000 %
==================================================

--- ns 1024x1024x1024 F=16 ---
=== ABFT GEMM (cuBLAS, online pipelined) ===
Mode           : baseline  (inject=none)
M x K x N      : 1024 x 1024 x 1024
Process grid   : 1 x 2  (world=2)
Frags per rank : 16
Repeats        : 1
Samples        : 20
Threshold      : (per-fragment, formula)
GPUs visible   : 2


========== EXPERIMENT METRICS (global) ==========
Mode              : BASELINE
M x K x N         : 1024 x 1024 x 1024
Process grid      : 1 x 2
Frags per rank    : 16
Total fragments   : 32
Repeats           : 1
Threshold used    : 1.4814
--- Timing (worst rank) ---
Baseline   min/med/max : 0.6311 / 0.6433 / 0.6689  ms
Baseline   GFLOPS (med): 3338.2304  (min 3210.4224, max 3402.7305)
Protected  min/med/max : 0.6311 / 0.6433 / 0.6689  ms
Protected  GFLOPS (med): 3338.2304  (min 3210.4224, max 3402.7305)
Overhead (median)      : 0.0000 %
--- Confusion Matrix (global) ---
TP / TN / FP / FN     : 0 / 640 / 0 / 0
Recall                : 0.0000
Detection precision   : 0.0000
Correction precision  : 0.0000 %
==================================================

--- ns 1024x1024x1024 F=32 ---
=== ABFT GEMM (cuBLAS, online pipelined) ===
Mode           : baseline  (inject=none)
M x K x N      : 1024 x 1024 x 1024
Process grid   : 1 x 2  (world=2)
Frags per rank : 32
Repeats        : 1
Samples        : 20
Threshold      : (per-fragment, formula)
GPUs visible   : 2


========== EXPERIMENT METRICS (global) ==========
Mode              : BASELINE
M x K x N         : 1024 x 1024 x 1024
Process grid      : 1 x 2
Frags per rank    : 32
Total fragments   : 64
Repeats           : 1
Threshold used    : 0.8451
--- Timing (worst rank) ---
Baseline   min/med/max : 1.3645 / 1.3736 / 1.3822  ms
Baseline   GFLOPS (med): 1563.4425  (min 1553.7213, max 1573.8165)
Protected  min/med/max : 1.3645 / 1.3736 / 1.3822  ms
Protected  GFLOPS (med): 1563.4425  (min 1553.7213, max 1573.8165)
Overhead (median)      : 0.0000 %
--- Confusion Matrix (global) ---
TP / TN / FP / FN     : 0 / 1280 / 0 / 0
Recall                : 0.0000
Detection precision   : 0.0000
Correction precision  : 0.0000 %
==================================================

--- ns 1280x1024x1280 F=1 ---
=== ABFT GEMM (cuBLAS, online pipelined) ===
Mode           : baseline  (inject=none)
M x K x N      : 1280 x 1024 x 1280
Process grid   : 1 x 2  (world=2)
Frags per rank : 1
Repeats        : 1
Samples        : 20
Threshold      : (per-fragment, formula)
GPUs visible   : 2


========== EXPERIMENT METRICS (global) ==========
Mode              : BASELINE
M x K x N         : 1280 x 1024 x 1280
Process grid      : 1 x 2
Frags per rank    : 1
Total fragments   : 2
Repeats           : 1
Threshold used    : 23.4110
--- Timing (worst rank) ---
Baseline   min/med/max : 0.5606 / 0.5685 / 0.5788  ms
Baseline   GFLOPS (med): 5902.2332  (min 5797.4816, max 5985.9624)
Protected  min/med/max : 0.5606 / 0.5685 / 0.5788  ms
Protected  GFLOPS (med): 5902.2332  (min 5797.4816, max 5985.9624)
Overhead (median)      : 0.0000 %
--- Confusion Matrix (global) ---
TP / TN / FP / FN     : 0 / 40 / 0 / 0
Recall                : 0.0000
Detection precision   : 0.0000
Correction precision  : 0.0000 %
==================================================

--- ns 1280x1024x1280 F=2 ---
=== ABFT GEMM (cuBLAS, online pipelined) ===
Mode           : baseline  (inject=none)
M x K x N      : 1280 x 1024 x 1280
Process grid   : 1 x 2  (world=2)
Frags per rank : 2
Repeats        : 1
Samples        : 20
Threshold      : (per-fragment, formula)
GPUs visible   : 2


========== EXPERIMENT METRICS (global) ==========
Mode              : BASELINE
M x K x N         : 1280 x 1024 x 1280
Process grid      : 1 x 2
Frags per rank    : 2
Total fragments   : 4
Repeats           : 1
Threshold used    : 11.8502
--- Timing (worst rank) ---
Baseline   min/med/max : 0.4970 / 0.5252 / 0.5344  ms
Baseline   GFLOPS (med): 6388.5338  (min 6278.9687, max 6751.3812)
Protected  min/med/max : 0.4970 / 0.5252 / 0.5344  ms
Protected  GFLOPS (med): 6388.5338  (min 6278.9687, max 6751.3812)
Overhead (median)      : 0.0000 %
--- Confusion Matrix (global) ---
TP / TN / FP / FN     : 0 / 80 / 0 / 0
Recall                : 0.0000
Detection precision   : 0.0000
Correction precision  : 0.0000 %
==================================================

--- ns 1280x1024x1280 F=4 ---
=== ABFT GEMM (cuBLAS, online pipelined) ===
Mode           : baseline  (inject=none)
M x K x N      : 1280 x 1024 x 1280
Process grid   : 1 x 2  (world=2)
Frags per rank : 4
Repeats        : 1
Samples        : 20
Threshold      : (per-fragment, formula)
GPUs visible   : 2


========== EXPERIMENT METRICS (global) ==========
Mode              : BASELINE
M x K x N         : 1280 x 1024 x 1280
Process grid      : 1 x 2
Frags per rank    : 4
Total fragments   : 8
Repeats           : 1
Threshold used    : 6.3907
--- Timing (worst rank) ---
Baseline   min/med/max : 0.5031 / 0.5071 / 0.5117  ms
Baseline   GFLOPS (med): 6616.4041  (min 6557.3141, max 6669.1641)
Protected  min/med/max : 0.5031 / 0.5071 / 0.5117  ms
Protected  GFLOPS (med): 6616.4041  (min 6557.3141, max 6669.1641)
Overhead (median)      : 0.0000 %
--- Confusion Matrix (global) ---
TP / TN / FP / FN     : 0 / 160 / 0 / 0
Recall                : 0.0000
Detection precision   : 0.0000
Correction precision  : 0.0000 %
==================================================

--- ns 1280x1024x1280 F=8 ---
=== ABFT GEMM (cuBLAS, online pipelined) ===
Mode           : baseline  (inject=none)
M x K x N      : 1280 x 1024 x 1280
Process grid   : 1 x 2  (world=2)
Frags per rank : 8
Repeats        : 1
Samples        : 20
Threshold      : (per-fragment, formula)
GPUs visible   : 2


========== EXPERIMENT METRICS (global) ==========
Mode              : BASELINE
M x K x N         : 1280 x 1024 x 1280
Process grid      : 1 x 2
Frags per rank    : 8
Total fragments   : 16
Repeats           : 1
Threshold used    : 3.3254
--- Timing (worst rank) ---
Baseline   min/med/max : 0.6667 / 0.6732 / 0.6794  ms
Baseline   GFLOPS (med): 4984.2815  (min 4938.6005, max 5033.2529)
Protected  min/med/max : 0.6667 / 0.6732 / 0.6794  ms
Protected  GFLOPS (med): 4984.2815  (min 4938.6005, max 5033.2529)
Overhead (median)      : 0.0000 %
--- Confusion Matrix (global) ---
TP / TN / FP / FN     : 0 / 320 / 0 / 0
Recall                : 0.0000
Detection precision   : 0.0000
Correction precision  : 0.0000 %
==================================================

--- ns 1280x1024x1280 F=16 ---
=== ABFT GEMM (cuBLAS, online pipelined) ===
Mode           : baseline  (inject=none)
M x K x N      : 1280 x 1024 x 1280
Process grid   : 1 x 2  (world=2)
Frags per rank : 16
Repeats        : 1
Samples        : 20
Threshold      : (per-fragment, formula)
GPUs visible   : 2


========== EXPERIMENT METRICS (global) ==========
Mode              : BASELINE
M x K x N         : 1280 x 1024 x 1280
Process grid      : 1 x 2
Frags per rank    : 16
Total fragments   : 32
Repeats           : 1
Threshold used    : 1.7236
--- Timing (worst rank) ---
Baseline   min/med/max : 1.1585 / 1.1631 / 1.1722  ms
Baseline   GFLOPS (med): 2884.8195  (min 2862.4029, max 2896.3188)
Protected  min/med/max : 1.1585 / 1.1631 / 1.1722  ms
Protected  GFLOPS (med): 2884.8195  (min 2862.4029, max 2896.3188)
Overhead (median)      : 0.0000 %
--- Confusion Matrix (global) ---
TP / TN / FP / FN     : 0 / 640 / 0 / 0
Recall                : 0.0000
Detection precision   : 0.0000
Correction precision  : 0.0000 %
==================================================

--- ns 1280x1024x1280 F=32 ---
=== ABFT GEMM (cuBLAS, online pipelined) ===
Mode           : baseline  (inject=none)
M x K x N      : 1280 x 1024 x 1280
Process grid   : 1 x 2  (world=2)
Frags per rank : 32
Repeats        : 1
Samples        : 20
Threshold      : (per-fragment, formula)
GPUs visible   : 2


========== EXPERIMENT METRICS (global) ==========
Mode              : BASELINE
M x K x N         : 1280 x 1024 x 1280
Process grid      : 1 x 2
Frags per rank    : 32
Total fragments   : 64
Repeats           : 1
Threshold used    : 1.0573
--- Timing (worst rank) ---
Baseline   min/med/max : 1.3865 / 1.4037 / 1.4227  ms
Baseline   GFLOPS (med): 2390.4599  (min 2358.4589, max 2420.0799)
Protected  min/med/max : 1.3865 / 1.4037 / 1.4227  ms
Protected  GFLOPS (med): 2390.4599  (min 2358.4589, max 2420.0799)
Overhead (median)      : 0.0000 %
--- Confusion Matrix (global) ---
TP / TN / FP / FN     : 0 / 1280 / 0 / 0
Recall                : 0.0000
Detection precision   : 0.0000
Correction precision  : 0.0000 %
==================================================

--- ns 1536x1024x1536 F=1 ---
=== ABFT GEMM (cuBLAS, online pipelined) ===
Mode           : baseline  (inject=none)
M x K x N      : 1536 x 1024 x 1536
Process grid   : 1 x 2  (world=2)
Frags per rank : 1
Repeats        : 1
Samples        : 20
Threshold      : (per-fragment, formula)
GPUs visible   : 2


========== EXPERIMENT METRICS (global) ==========
Mode              : BASELINE
M x K x N         : 1536 x 1024 x 1536
Process grid      : 1 x 2
Frags per rank    : 1
Total fragments   : 2
Repeats           : 1
Threshold used    : 27.4374
--- Timing (worst rank) ---
Baseline   min/med/max : 0.5849 / 0.6683 / 0.6763  ms
Baseline   GFLOPS (med): 7230.1194  (min 7144.6141, max 8261.2189)
Protected  min/med/max : 0.5849 / 0.6683 / 0.6763  ms
Protected  GFLOPS (med): 7230.1194  (min 7144.6141, max 8261.2189)
Overhead (median)      : 0.0000 %
--- Confusion Matrix (global) ---
TP / TN / FP / FN     : 0 / 40 / 0 / 0
Recall                : 0.0000
Detection precision   : 0.0000
Correction precision  : 0.0000 %
==================================================

--- ns 1536x1024x1536 F=2 ---
=== ABFT GEMM (cuBLAS, online pipelined) ===
Mode           : baseline  (inject=none)
M x K x N      : 1536 x 1024 x 1536
Process grid   : 1 x 2  (world=2)
Frags per rank : 2
Repeats        : 1
Samples        : 20
Threshold      : (per-fragment, formula)
GPUs visible   : 2


========== EXPERIMENT METRICS (global) ==========
Mode              : BASELINE
M x K x N         : 1536 x 1024 x 1536
Process grid      : 1 x 2
Frags per rank    : 2
Total fragments   : 4
Repeats           : 1
Threshold used    : 13.9506
--- Timing (worst rank) ---
Baseline   min/med/max : 0.5709 / 0.5996 / 0.8449  ms
Baseline   GFLOPS (med): 8058.7585  (min 5719.1467, max 8463.5308)
Protected  min/med/max : 0.5709 / 0.5996 / 0.8449  ms
Protected  GFLOPS (med): 8058.7585  (min 5719.1467, max 8463.5308)
Overhead (median)      : 0.0000 %
--- Confusion Matrix (global) ---
TP / TN / FP / FN     : 0 / 80 / 0 / 0
Recall                : 0.0000
Detection precision   : 0.0000
Correction precision  : 0.0000 %
==================================================

--- ns 1536x1024x1536 F=4 ---
=== ABFT GEMM (cuBLAS, online pipelined) ===
Mode           : baseline  (inject=none)
M x K x N      : 1536 x 1024 x 1536
Process grid   : 1 x 2  (world=2)
Frags per rank : 4
Repeats        : 1
Samples        : 20
Threshold      : (per-fragment, formula)
GPUs visible   : 2


========== EXPERIMENT METRICS (global) ==========
Mode              : BASELINE
M x K x N         : 1536 x 1024 x 1536
Process grid      : 1 x 2
Frags per rank    : 4
Total fragments   : 8
Repeats           : 1
Threshold used    : 7.1338
--- Timing (worst rank) ---
Baseline   min/med/max : 0.6698 / 0.6761 / 0.6830  ms
Baseline   GFLOPS (med): 7146.1568  (min 7074.2472, max 7213.9599)
Protected  min/med/max : 0.6698 / 0.6761 / 0.6830  ms
Protected  GFLOPS (med): 7146.1568  (min 7074.2472, max 7213.9599)
Overhead (median)      : 0.0000 %
--- Confusion Matrix (global) ---
TP / TN / FP / FN     : 0 / 160 / 0 / 0
Recall                : 0.0000
Detection precision   : 0.0000
Correction precision  : 0.0000 %
==================================================

--- ns 1536x1024x1536 F=8 ---
=== ABFT GEMM (cuBLAS, online pipelined) ===
Mode           : baseline  (inject=none)
M x K x N      : 1536 x 1024 x 1536
Process grid   : 1 x 2  (world=2)
Frags per rank : 8
Repeats        : 1
Samples        : 20
Threshold      : (per-fragment, formula)
GPUs visible   : 2


========== EXPERIMENT METRICS (global) ==========
Mode              : BASELINE
M x K x N         : 1536 x 1024 x 1536
Process grid      : 1 x 2
Frags per rank    : 8
Total fragments   : 16
Repeats           : 1
Threshold used    : 3.8469
--- Timing (worst rank) ---
Baseline   min/med/max : 0.7030 / 0.7085 / 0.7142  ms
Baseline   GFLOPS (med): 6820.0643  (min 6765.4043, max 6873.6291)
Protected  min/med/max : 0.7030 / 0.7085 / 0.7142  ms
Protected  GFLOPS (med): 6820.0643  (min 6765.4043, max 6873.6291)
Overhead (median)      : 0.0000 %
--- Confusion Matrix (global) ---
TP / TN / FP / FN     : 0 / 320 / 0 / 0
Recall                : 0.0000
Detection precision   : 0.0000
Correction precision  : 0.0000 %
==================================================

--- ns 1536x1024x1536 F=16 ---
=== ABFT GEMM (cuBLAS, online pipelined) ===
Mode           : baseline  (inject=none)
M x K x N      : 1536 x 1024 x 1536
Process grid   : 1 x 2  (world=2)
Frags per rank : 16
Repeats        : 1
Samples        : 20
Threshold      : (per-fragment, formula)
GPUs visible   : 2


========== EXPERIMENT METRICS (global) ==========
Mode              : BASELINE
M x K x N         : 1536 x 1024 x 1536
Process grid      : 1 x 2
Frags per rank    : 16
Total fragments   : 32
Repeats           : 1
Threshold used    : 2.0286
--- Timing (worst rank) ---
Baseline   min/med/max : 1.2164 / 1.2206 / 1.2294  ms
Baseline   GFLOPS (med): 3958.7320  (min 3930.2218, max 3972.3196)
Protected  min/med/max : 1.2164 / 1.2206 / 1.2294  ms
Protected  GFLOPS (med): 3958.7320  (min 3930.2218, max 3972.3196)
Overhead (median)      : 0.0000 %
--- Confusion Matrix (global) ---
TP / TN / FP / FN     : 0 / 640 / 0 / 0
Recall                : 0.0000
Detection precision   : 0.0000
Correction precision  : 0.0000 %
==================================================

--- ns 1536x1024x1536 F=32 ---
=== ABFT GEMM (cuBLAS, online pipelined) ===
Mode           : baseline  (inject=none)
M x K x N      : 1536 x 1024 x 1536
Process grid   : 1 x 2  (world=2)
Frags per rank : 32
Repeats        : 1
Samples        : 20
Threshold      : (per-fragment, formula)
GPUs visible   : 2


========== EXPERIMENT METRICS (global) ==========
Mode              : BASELINE
M x K x N         : 1536 x 1024 x 1536
Process grid      : 1 x 2
Frags per rank    : 32
Total fragments   : 64
Repeats           : 1
Threshold used    : 1.0820
--- Timing (worst rank) ---
Baseline   min/med/max : 1.4562 / 1.4700 / 1.5118  ms
Baseline   GFLOPS (med): 3286.8865  (min 3196.0787, max 3318.1554)
Protected  min/med/max : 1.4562 / 1.4700 / 1.5118  ms
Protected  GFLOPS (med): 3286.8865  (min 3196.0787, max 3318.1554)
Overhead (median)      : 0.0000 %
--- Confusion Matrix (global) ---
TP / TN / FP / FN     : 0 / 1280 / 0 / 0
Recall                : 0.0000
Detection precision   : 0.0000
Correction precision  : 0.0000 %
==================================================

--- ns 1792x1024x1792 F=1 ---
=== ABFT GEMM (cuBLAS, online pipelined) ===
Mode           : baseline  (inject=none)
M x K x N      : 1792 x 1024 x 1792
Process grid   : 1 x 2  (world=2)
Frags per rank : 1
Repeats        : 1
Samples        : 20
Threshold      : (per-fragment, formula)
GPUs visible   : 2


========== EXPERIMENT METRICS (global) ==========
Mode              : BASELINE
M x K x N         : 1792 x 1024 x 1792
Process grid      : 1 x 2
Frags per rank    : 1
Total fragments   : 2
Repeats           : 1
Threshold used    : 31.6433
--- Timing (worst rank) ---
Baseline   min/med/max : 0.8910 / 0.9012 / 0.9105  ms
Baseline   GFLOPS (med): 7297.3231  (min 7223.1159, max 7380.9236)
Protected  min/med/max : 0.8910 / 0.9012 / 0.9105  ms
Protected  GFLOPS (med): 7297.3231  (min 7223.1159, max 7380.9236)
Overhead (median)      : 0.0000 %
--- Confusion Matrix (global) ---
TP / TN / FP / FN     : 0 / 40 / 0 / 0
Recall                : 0.0000
Detection precision   : 0.0000
Correction precision  : 0.0000 %
==================================================

--- ns 1792x1024x1792 F=2 ---
=== ABFT GEMM (cuBLAS, online pipelined) ===
Mode           : baseline  (inject=none)
M x K x N      : 1792 x 1024 x 1792
Process grid   : 1 x 2  (world=2)
Frags per rank : 2
Repeats        : 1
Samples        : 20
Threshold      : (per-fragment, formula)
GPUs visible   : 2


========== EXPERIMENT METRICS (global) ==========
Mode              : BASELINE
M x K x N         : 1792 x 1024 x 1792
Process grid      : 1 x 2
Frags per rank    : 2
Total fragments   : 4
Repeats           : 1
Threshold used    : 16.2277
--- Timing (worst rank) ---
Baseline   min/med/max : 1.1228 / 1.1342 / 1.1420  ms
Baseline   GFLOPS (med): 5798.4628  (min 5758.9497, max 5857.1526)
Protected  min/med/max : 1.1228 / 1.1342 / 1.1420  ms
Protected  GFLOPS (med): 5798.4628  (min 5758.9497, max 5857.1526)
Overhead (median)      : 0.0000 %
--- Confusion Matrix (global) ---
TP / TN / FP / FN     : 0 / 80 / 0 / 0
Recall                : 0.0000
Detection precision   : 0.0000
Correction precision  : 0.0000 %
==================================================

--- ns 1792x1024x1792 F=4 ---
=== ABFT GEMM (cuBLAS, online pipelined) ===
Mode           : baseline  (inject=none)
M x K x N      : 1792 x 1024 x 1792
Process grid   : 1 x 2  (world=2)
Frags per rank : 4
Repeats        : 1
Samples        : 20
Threshold      : (per-fragment, formula)
GPUs visible   : 2


========== EXPERIMENT METRICS (global) ==========
Mode              : BASELINE
M x K x N         : 1792 x 1024 x 1792
Process grid      : 1 x 2
Frags per rank    : 4
Total fragments   : 8
Repeats           : 1
Threshold used    : 8.2955
--- Timing (worst rank) ---
Baseline   min/med/max : 0.9282 / 0.9320 / 0.9361  ms
Baseline   GFLOPS (med): 7056.5796  (min 7025.6123, max 7085.3470)
Protected  min/med/max : 0.9282 / 0.9320 / 0.9361  ms
Protected  GFLOPS (med): 7056.5796  (min 7025.6123, max 7085.3470)
Overhead (median)      : 0.0000 %
--- Confusion Matrix (global) ---
TP / TN / FP / FN     : 0 / 160 / 0 / 0
Recall                : 0.0000
Detection precision   : 0.0000
Correction precision  : 0.0000 %
==================================================

--- ns 1792x1024x1792 F=8 ---
=== ABFT GEMM (cuBLAS, online pipelined) ===
Mode           : baseline  (inject=none)
M x K x N      : 1792 x 1024 x 1792
Process grid   : 1 x 2  (world=2)
Frags per rank : 8
Repeats        : 1
Samples        : 20
Threshold      : (per-fragment, formula)
GPUs visible   : 2


========== EXPERIMENT METRICS (global) ==========
Mode              : BASELINE
M x K x N         : 1792 x 1024 x 1792
Process grid      : 1 x 2
Frags per rank    : 8
Total fragments   : 16
Repeats           : 1
Threshold used    : 4.4055
--- Timing (worst rank) ---
Baseline   min/med/max : 1.1817 / 1.1859 / 1.2036  ms
Baseline   GFLOPS (med): 5545.6680  (min 5464.2646, max 5565.4677)
Protected  min/med/max : 1.1817 / 1.1859 / 1.2036  ms
Protected  GFLOPS (med): 5545.6680  (min 5464.2646, max 5565.4677)
Overhead (median)      : 0.0000 %
--- Confusion Matrix (global) ---
TP / TN / FP / FN     : 0 / 320 / 0 / 0
Recall                : 0.0000
Detection precision   : 0.0000
Correction precision  : 0.0000 %
==================================================

--- ns 1792x1024x1792 F=16 ---
=== ABFT GEMM (cuBLAS, online pipelined) ===
Mode           : baseline  (inject=none)
M x K x N      : 1792 x 1024 x 1792
Process grid   : 1 x 2  (world=2)
Frags per rank : 16
Repeats        : 1
Samples        : 20
Threshold      : (per-fragment, formula)
GPUs visible   : 2


========== EXPERIMENT METRICS (global) ==========
Mode              : BASELINE
M x K x N         : 1792 x 1024 x 1792
Process grid      : 1 x 2
Frags per rank    : 16
Total fragments   : 32
Repeats           : 1
Threshold used    : 2.3755
--- Timing (worst rank) ---
Baseline   min/med/max : 1.2694 / 1.2844 / 1.3040  ms
Baseline   GFLOPS (med): 5120.5406  (min 5043.6316, max 5180.7270)
Protected  min/med/max : 1.2694 / 1.2844 / 1.3040  ms
Protected  GFLOPS (med): 5120.5406  (min 5043.6316, max 5180.7270)
Overhead (median)      : 0.0000 %
--- Confusion Matrix (global) ---
TP / TN / FP / FN     : 0 / 640 / 0 / 0
Recall                : 0.0000
Detection precision   : 0.0000
Correction precision  : 0.0000 %
==================================================

--- ns 1792x1024x1792 F=32 ---
=== ABFT GEMM (cuBLAS, online pipelined) ===
Mode           : baseline  (inject=none)
M x K x N      : 1792 x 1024 x 1792
Process grid   : 1 x 2  (world=2)
Frags per rank : 32
Repeats        : 1
Samples        : 20
Threshold      : (per-fragment, formula)
GPUs visible   : 2


========== EXPERIMENT METRICS (global) ==========
Mode              : BASELINE
M x K x N         : 1792 x 1024 x 1792
Process grid      : 1 x 2
Frags per rank    : 32
Total fragments   : 64
Repeats           : 1
Threshold used    : 1.3906
--- Timing (worst rank) ---
Baseline   min/med/max : 1.5863 / 1.5979 / 1.6089  ms
Baseline   GFLOPS (med): 4115.9204  (min 4087.6700, max 4145.8572)
Protected  min/med/max : 1.5863 / 1.5979 / 1.6089  ms
Protected  GFLOPS (med): 4115.9204  (min 4087.6700, max 4145.8572)
Overhead (median)      : 0.0000 %
--- Confusion Matrix (global) ---
TP / TN / FP / FN     : 0 / 1280 / 0 / 0
Recall                : 0.0000
Detection precision   : 0.0000
Correction precision  : 0.0000 %
==================================================

--- ns 2048x1024x2048 F=1 ---
=== ABFT GEMM (cuBLAS, online pipelined) ===
Mode           : baseline  (inject=none)
M x K x N      : 2048 x 1024 x 2048
Process grid   : 1 x 2  (world=2)
Frags per rank : 1
Repeats        : 1
Samples        : 20
Threshold      : (per-fragment, formula)
GPUs visible   : 2


========== EXPERIMENT METRICS (global) ==========
Mode              : BASELINE
M x K x N         : 2048 x 1024 x 2048
Process grid      : 1 x 2
Frags per rank    : 1
Total fragments   : 2
Repeats           : 1
Threshold used    : 36.4074
--- Timing (worst rank) ---
Baseline   min/med/max : 1.0071 / 1.0098 / 1.0225  ms
Baseline   GFLOPS (med): 8506.4691  (min 8400.7990, max 8529.3167)
Protected  min/med/max : 1.0071 / 1.0098 / 1.0225  ms
Protected  GFLOPS (med): 8506.4691  (min 8400.7990, max 8529.3167)
Overhead (median)      : 0.0000 %
--- Confusion Matrix (global) ---
TP / TN / FP / FN     : 0 / 40 / 0 / 0
Recall                : 0.0000
Detection precision   : 0.0000
Correction precision  : 0.0000 %
==================================================

--- ns 2048x1024x2048 F=2 ---
=== ABFT GEMM (cuBLAS, online pipelined) ===
Mode           : baseline  (inject=none)
M x K x N      : 2048 x 1024 x 2048
Process grid   : 1 x 2  (world=2)
Frags per rank : 2
Repeats        : 1
Samples        : 20
Threshold      : (per-fragment, formula)
GPUs visible   : 2


========== EXPERIMENT METRICS (global) ==========
Mode              : BASELINE
M x K x N         : 2048 x 1024 x 2048
Process grid      : 1 x 2
Frags per rank    : 2
Total fragments   : 4
Repeats           : 1
Threshold used    : 18.4114
--- Timing (worst rank) ---
Baseline   min/med/max : 1.1353 / 1.1449 / 1.2240  ms
Baseline   GFLOPS (med): 7502.7881  (min 7017.8860, max 7566.3844)
Protected  min/med/max : 1.1353 / 1.1449 / 1.2240  ms
Protected  GFLOPS (med): 7502.7881  (min 7017.8860, max 7566.3844)
Overhead (median)      : 0.0000 %
--- Confusion Matrix (global) ---
TP / TN / FP / FN     : 0 / 80 / 0 / 0
Recall                : 0.0000
Detection precision   : 0.0000
Correction precision  : 0.0000 %
==================================================

--- ns 2048x1024x2048 F=4 ---
=== ABFT GEMM (cuBLAS, online pipelined) ===
Mode           : baseline  (inject=none)
M x K x N      : 2048 x 1024 x 2048
Process grid   : 1 x 2  (world=2)
Frags per rank : 4
Repeats        : 1
Samples        : 20
Threshold      : (per-fragment, formula)
GPUs visible   : 2


========== EXPERIMENT METRICS (global) ==========
Mode              : BASELINE
M x K x N         : 2048 x 1024 x 2048
Process grid      : 1 x 2
Frags per rank    : 4
Total fragments   : 8
Repeats           : 1
Threshold used    : 9.4121
--- Timing (worst rank) ---
Baseline   min/med/max : 1.3479 / 1.3549 / 1.3881  ms
Baseline   GFLOPS (med): 6340.0995  (min 6188.3035, max 6372.7191)
Protected  min/med/max : 1.3479 / 1.3549 / 1.3881  ms
Protected  GFLOPS (med): 6340.0995  (min 6188.3035, max 6372.7191)
Overhead (median)      : 0.0000 %
--- Confusion Matrix (global) ---
TP / TN / FP / FN     : 0 / 160 / 0 / 0
Recall                : 0.0000
Detection precision   : 0.0000
Correction precision  : 0.0000 %
==================================================

--- ns 2048x1024x2048 F=8 ---
=== ABFT GEMM (cuBLAS, online pipelined) ===
Mode           : baseline  (inject=none)
M x K x N      : 2048 x 1024 x 2048
Process grid   : 1 x 2  (world=2)
Frags per rank : 8
Repeats        : 1
Samples        : 20
Threshold      : (per-fragment, formula)
GPUs visible   : 2


========== EXPERIMENT METRICS (global) ==========
Mode              : BASELINE
M x K x N         : 2048 x 1024 x 2048
Process grid      : 1 x 2
Frags per rank    : 8
Total fragments   : 16
Repeats           : 1
Threshold used    : 4.9976
--- Timing (worst rank) ---
Baseline   min/med/max : 1.2406 / 1.2490 / 1.2628  ms
Baseline   GFLOPS (med): 6877.5928  (min 6802.3299, max 6923.8377)
Protected  min/med/max : 1.2406 / 1.2490 / 1.2628  ms
Protected  GFLOPS (med): 6877.5928  (min 6802.3299, max 6923.8377)
Overhead (median)      : 0.0000 %
--- Confusion Matrix (global) ---
TP / TN / FP / FN     : 0 / 320 / 0 / 0
Recall                : 0.0000
Detection precision   : 0.0000
Correction precision  : 0.0000 %
==================================================

--- ns 2048x1024x2048 F=16 ---
=== ABFT GEMM (cuBLAS, online pipelined) ===
Mode           : baseline  (inject=none)
M x K x N      : 2048 x 1024 x 2048
Process grid   : 1 x 2  (world=2)
Frags per rank : 16
Repeats        : 1
Samples        : 20
Threshold      : (per-fragment, formula)
GPUs visible   : 2


========== EXPERIMENT METRICS (global) ==========
Mode              : BASELINE
M x K x N         : 2048 x 1024 x 2048
Process grid      : 1 x 2
Frags per rank    : 16
Total fragments   : 32
Repeats           : 1
Threshold used    : 2.5800
--- Timing (worst rank) ---
Baseline   min/med/max : 1.3525 / 1.3626 / 1.3705  ms
Baseline   GFLOPS (med): 6304.0117  (min 6267.8567, max 6351.1907)
Protected  min/med/max : 1.3525 / 1.3626 / 1.3705  ms
Protected  GFLOPS (med): 6304.0117  (min 6267.8567, max 6351.1907)
Overhead (median)      : 0.0000 %
--- Confusion Matrix (global) ---
TP / TN / FP / FN     : 0 / 640 / 0 / 0
Recall                : 0.0000
Detection precision   : 0.0000
Correction precision  : 0.0000 %
==================================================

--- ns 2048x1024x2048 F=32 ---
=== ABFT GEMM (cuBLAS, online pipelined) ===
Mode           : baseline  (inject=none)
M x K x N      : 2048 x 1024 x 2048
Process grid   : 1 x 2  (world=2)
Frags per rank : 32
Repeats        : 1
Samples        : 20
Threshold      : (per-fragment, formula)
GPUs visible   : 2


========== EXPERIMENT METRICS (global) ==========
Mode              : BASELINE
M x K x N         : 2048 x 1024 x 2048
Process grid      : 1 x 2
Frags per rank    : 32
Total fragments   : 64
Repeats           : 1
Threshold used    : 1.3867
--- Timing (worst rank) ---
Baseline   min/med/max : 1.6976 / 1.7072 / 1.7197  ms
Baseline   GFLOPS (med): 5031.5394  (min 4994.8856, max 5060.0284)
Protected  min/med/max : 1.6976 / 1.7072 / 1.7197  ms
Protected  GFLOPS (med): 5031.5394  (min 4994.8856, max 5060.0284)
Overhead (median)      : 0.0000 %
--- Confusion Matrix (global) ---
TP / TN / FP / FN     : 0 / 1280 / 0 / 0
Recall                : 0.0000
Detection precision   : 0.0000
Correction precision  : 0.0000 %
==================================================

--- ns 2304x1024x2304 F=1 ---
=== ABFT GEMM (cuBLAS, online pipelined) ===
Mode           : baseline  (inject=none)
M x K x N      : 2304 x 1024 x 2304
Process grid   : 1 x 2  (world=2)
Frags per rank : 1
Repeats        : 1
Samples        : 20
Threshold      : (per-fragment, formula)
GPUs visible   : 2


========== EXPERIMENT METRICS (global) ==========
Mode              : BASELINE
M x K x N         : 2304 x 1024 x 2304
Process grid      : 1 x 2
Frags per rank    : 1
Total fragments   : 2
Repeats           : 1
Threshold used    : 40.6888
--- Timing (worst rank) ---
Baseline   min/med/max : 1.2440 / 1.3184 / 1.3358  ms
Baseline   GFLOPS (med): 8246.0643  (min 8138.5973, max 8739.0746)
Protected  min/med/max : 1.2440 / 1.3184 / 1.3358  ms
Protected  GFLOPS (med): 8246.0643  (min 8138.5973, max 8739.0746)
Overhead (median)      : 0.0000 %
--- Confusion Matrix (global) ---
TP / TN / FP / FN     : 0 / 40 / 0 / 0
Recall                : 0.0000
Detection precision   : 0.0000
Correction precision  : 0.0000 %
==================================================

--- ns 2304x1024x2304 F=2 ---
=== ABFT GEMM (cuBLAS, online pipelined) ===
Mode           : baseline  (inject=none)
M x K x N      : 2304 x 1024 x 2304
Process grid   : 1 x 2  (world=2)
Frags per rank : 2
Repeats        : 1
Samples        : 20
Threshold      : (per-fragment, formula)
GPUs visible   : 2


========== EXPERIMENT METRICS (global) ==========
Mode              : BASELINE
M x K x N         : 2304 x 1024 x 2304
Process grid      : 1 x 2
Frags per rank    : 2
Total fragments   : 4
Repeats           : 1
Threshold used    : 20.8094
--- Timing (worst rank) ---
Baseline   min/med/max : 1.3478 / 1.3548 / 1.3730  ms
Baseline   GFLOPS (med): 8024.4728  (min 7918.1098, max 8066.3163)
Protected  min/med/max : 1.3478 / 1.3548 / 1.3730  ms
Protected  GFLOPS (med): 8024.4728  (min 7918.1098, max 8066.3163)
Overhead (median)      : 0.0000 %
--- Confusion Matrix (global) ---
TP / TN / FP / FN     : 0 / 80 / 0 / 0
Recall                : 0.0000
Detection precision   : 0.0000
Correction precision  : 0.0000 %
==================================================

--- ns 2304x1024x2304 F=4 ---
=== ABFT GEMM (cuBLAS, online pipelined) ===
Mode           : baseline  (inject=none)
M x K x N      : 2304 x 1024 x 2304
Process grid   : 1 x 2  (world=2)
Frags per rank : 4
Repeats        : 1
Samples        : 20
Threshold      : (per-fragment, formula)
GPUs visible   : 2


========== EXPERIMENT METRICS (global) ==========
Mode              : BASELINE
M x K x N         : 2304 x 1024 x 2304
Process grid      : 1 x 2
Frags per rank    : 4
Total fragments   : 8
Repeats           : 1
Threshold used    : 10.8366
--- Timing (worst rank) ---
Baseline   min/med/max : 2.2207 / 2.2409 / 2.2531  ms
Baseline   GFLOPS (med): 4851.5095  (min 4825.1066, max 4895.6404)
Protected  min/med/max : 2.2207 / 2.2409 / 2.2531  ms
Protected  GFLOPS (med): 4851.5095  (min 4825.1066, max 4895.6404)
Overhead (median)      : 0.0000 %
--- Confusion Matrix (global) ---
TP / TN / FP / FN     : 0 / 160 / 0 / 0
Recall                : 0.0000
Detection precision   : 0.0000
Correction precision  : 0.0000 %
==================================================

--- ns 2304x1024x2304 F=8 ---
=== ABFT GEMM (cuBLAS, online pipelined) ===
Mode           : baseline  (inject=none)
M x K x N      : 2304 x 1024 x 2304
Process grid   : 1 x 2  (world=2)
Frags per rank : 8
Repeats        : 1
Samples        : 20
Threshold      : (per-fragment, formula)
GPUs visible   : 2


========== EXPERIMENT METRICS (global) ==========
Mode              : BASELINE
M x K x N         : 2304 x 1024 x 2304
Process grid      : 1 x 2
Frags per rank    : 8
Total fragments   : 16
Repeats           : 1
Threshold used    : 5.6829
--- Timing (worst rank) ---
Baseline   min/med/max : 1.6577 / 1.6629 / 1.6693  ms
Baseline   GFLOPS (med): 6537.6665  (min 6512.5316, max 6558.0870)
Protected  min/med/max : 1.6577 / 1.6629 / 1.6693  ms
Protected  GFLOPS (med): 6537.6665  (min 6512.5316, max 6558.0870)
Overhead (median)      : 0.0000 %
--- Confusion Matrix (global) ---
TP / TN / FP / FN     : 0 / 320 / 0 / 0
Recall                : 0.0000
Detection precision   : 0.0000
Correction precision  : 0.0000 %
==================================================

--- ns 2304x1024x2304 F=16 ---
=== ABFT GEMM (cuBLAS, online pipelined) ===
Mode           : baseline  (inject=none)
M x K x N      : 2304 x 1024 x 2304
Process grid   : 1 x 2  (world=2)
Frags per rank : 16
Repeats        : 1
Samples        : 20
Threshold      : (per-fragment, formula)
GPUs visible   : 2


========== EXPERIMENT METRICS (global) ==========
Mode              : BASELINE
M x K x N         : 2304 x 1024 x 2304
Process grid      : 1 x 2
Frags per rank    : 16
Total fragments   : 32
Repeats           : 1
Threshold used    : 2.8963
--- Timing (worst rank) ---
Baseline   min/med/max : 2.0159 / 2.0247 / 2.1854  ms
Baseline   GFLOPS (med): 5369.4038  (min 4974.7438, max 5392.9280)
Protected  min/med/max : 2.0159 / 2.0247 / 2.1854  ms
Protected  GFLOPS (med): 5369.4038  (min 4974.7438, max 5392.9280)
Overhead (median)      : 0.0000 %
--- Confusion Matrix (global) ---
TP / TN / FP / FN     : 0 / 640 / 0 / 0
Recall                : 0.0000
Detection precision   : 0.0000
Correction precision  : 0.0000 %
==================================================

--- ns 2304x1024x2304 F=32 ---
=== ABFT GEMM (cuBLAS, online pipelined) ===
Mode           : baseline  (inject=none)
M x K x N      : 2304 x 1024 x 2304
Process grid   : 1 x 2  (world=2)
Frags per rank : 32
Repeats        : 1
Samples        : 20
Threshold      : (per-fragment, formula)
GPUs visible   : 2


========== EXPERIMENT METRICS (global) ==========
Mode              : BASELINE
M x K x N         : 2304 x 1024 x 2304
Process grid      : 1 x 2
Frags per rank    : 32
Total fragments   : 64
Repeats           : 1
Threshold used    : 1.5834
--- Timing (worst rank) ---
Baseline   min/med/max : 2.7588 / 2.7669 / 2.7767  ms
Baseline   GFLOPS (med): 3929.1657  (min 3915.3574, max 3940.7447)
Protected  min/med/max : 2.7588 / 2.7669 / 2.7767  ms
Protected  GFLOPS (med): 3929.1657  (min 3915.3574, max 3940.7447)
Overhead (median)      : 0.0000 %
--- Confusion Matrix (global) ---
TP / TN / FP / FN     : 0 / 1280 / 0 / 0
Recall                : 0.0000
Detection precision   : 0.0000
Correction precision  : 0.0000 %
==================================================

--- ns 2560x1024x2560 F=1 ---
=== ABFT GEMM (cuBLAS, online pipelined) ===
Mode           : baseline  (inject=none)
M x K x N      : 2560 x 1024 x 2560
Process grid   : 1 x 2  (world=2)
Frags per rank : 1
Repeats        : 1
Samples        : 20
Threshold      : (per-fragment, formula)
GPUs visible   : 2


========== EXPERIMENT METRICS (global) ==========
Mode              : BASELINE
M x K x N         : 2560 x 1024 x 2560
Process grid      : 1 x 2
Frags per rank    : 1
Total fragments   : 2
Repeats           : 1
Threshold used    : 45.1717
--- Timing (worst rank) ---
Baseline   min/med/max : 1.5677 / 1.5763 / 1.5902  ms
Baseline   GFLOPS (med): 8514.5596  (min 8440.4800, max 8561.1745)
Protected  min/med/max : 1.5677 / 1.5763 / 1.5902  ms
Protected  GFLOPS (med): 8514.5596  (min 8440.4800, max 8561.1745)
Overhead (median)      : 0.0000 %
--- Confusion Matrix (global) ---
TP / TN / FP / FN     : 0 / 40 / 0 / 0
Recall                : 0.0000
Detection precision   : 0.0000
Correction precision  : 0.0000 %
==================================================

--- ns 2560x1024x2560 F=2 ---
=== ABFT GEMM (cuBLAS, online pipelined) ===
Mode           : baseline  (inject=none)
M x K x N      : 2560 x 1024 x 2560
Process grid   : 1 x 2  (world=2)
Frags per rank : 2
Repeats        : 1
Samples        : 20
Threshold      : (per-fragment, formula)
GPUs visible   : 2


========== EXPERIMENT METRICS (global) ==========
Mode              : BASELINE
M x K x N         : 2560 x 1024 x 2560
Process grid      : 1 x 2
Frags per rank    : 2
Total fragments   : 4
Repeats           : 1
Threshold used    : 23.4110
--- Timing (worst rank) ---
Baseline   min/med/max : 1.7795 / 1.7926 / 1.8090  ms
Baseline   GFLOPS (med): 7487.3551  (min 7419.5950, max 7542.5379)
Protected  min/med/max : 1.7795 / 1.7926 / 1.8090  ms
Protected  GFLOPS (med): 7487.3551  (min 7419.5950, max 7542.5379)
Overhead (median)      : 0.0000 %
--- Confusion Matrix (global) ---
TP / TN / FP / FN     : 0 / 80 / 0 / 0
Recall                : 0.0000
Detection precision   : 0.0000
Correction precision  : 0.0000 %
==================================================

--- ns 2560x1024x2560 F=4 ---
=== ABFT GEMM (cuBLAS, online pipelined) ===
Mode           : baseline  (inject=none)
M x K x N      : 2560 x 1024 x 2560
Process grid   : 1 x 2  (world=2)
Frags per rank : 4
Repeats        : 1
Samples        : 20
Threshold      : (per-fragment, formula)
GPUs visible   : 2


========== EXPERIMENT METRICS (global) ==========
Mode              : BASELINE
M x K x N         : 2560 x 1024 x 2560
Process grid      : 1 x 2
Frags per rank    : 4
Total fragments   : 8
Repeats           : 1
Threshold used    : 11.8199
--- Timing (worst rank) ---
Baseline   min/med/max : 2.2257 / 2.2441 / 2.3236  ms
Baseline   GFLOPS (med): 5980.9796  (min 5776.3533, max 6030.4009)
Protected  min/med/max : 2.2257 / 2.2441 / 2.3236  ms
Protected  GFLOPS (med): 5980.9796  (min 5776.3533, max 6030.4009)
Overhead (median)      : 0.0000 %
--- Confusion Matrix (global) ---
TP / TN / FP / FN     : 0 / 160 / 0 / 0
Recall                : 0.0000
Detection precision   : 0.0000
Correction precision  : 0.0000 %
==================================================

--- ns 2560x1024x2560 F=8 ---
=== ABFT GEMM (cuBLAS, online pipelined) ===
Mode           : baseline  (inject=none)
M x K x N      : 2560 x 1024 x 2560
Process grid   : 1 x 2  (world=2)
Frags per rank : 8
Repeats        : 1
Samples        : 20
Threshold      : (per-fragment, formula)
GPUs visible   : 2


========== EXPERIMENT METRICS (global) ==========
Mode              : BASELINE
M x K x N         : 2560 x 1024 x 2560
Process grid      : 1 x 2
Frags per rank    : 8
Total fragments   : 16
Repeats           : 1
Threshold used    : 6.3907
--- Timing (worst rank) ---
Baseline   min/med/max : 1.8640 / 1.8697 / 1.8789  ms
Baseline   GFLOPS (med): 7178.4973  (min 7143.3863, max 7200.4910)
Protected  min/med/max : 1.8640 / 1.8697 / 1.8789  ms
Protected  GFLOPS (med): 7178.4973  (min 7143.3863, max 7200.4910)
Overhead (median)      : 0.0000 %
--- Confusion Matrix (global) ---
TP / TN / FP / FN     : 0 / 320 / 0 / 0
Recall                : 0.0000
Detection precision   : 0.0000
Correction precision  : 0.0000 %
==================================================

--- ns 2560x1024x2560 F=16 ---
=== ABFT GEMM (cuBLAS, online pipelined) ===
Mode           : baseline  (inject=none)
M x K x N      : 2560 x 1024 x 2560
Process grid   : 1 x 2  (world=2)
Frags per rank : 16
Repeats        : 1
Samples        : 20
Threshold      : (per-fragment, formula)
GPUs visible   : 2


========== EXPERIMENT METRICS (global) ==========
Mode              : BASELINE
M x K x N         : 2560 x 1024 x 2560
Process grid      : 1 x 2
Frags per rank    : 16
Total fragments   : 32
Repeats           : 1
Threshold used    : 3.3254
--- Timing (worst rank) ---
Baseline   min/med/max : 2.4264 / 2.4308 / 2.4358  ms
Baseline   GFLOPS (med): 5521.6091  (min 5510.2973, max 5531.4510)
Protected  min/med/max : 2.4264 / 2.4308 / 2.4358  ms
Protected  GFLOPS (med): 5521.6091  (min 5510.2973, max 5531.4510)
Overhead (median)      : 0.0000 %
--- Confusion Matrix (global) ---
TP / TN / FP / FN     : 0 / 640 / 0 / 0
Recall                : 0.0000
Detection precision   : 0.0000
Correction precision  : 0.0000 %
==================================================

--- ns 2560x1024x2560 F=32 ---
=== ABFT GEMM (cuBLAS, online pipelined) ===
Mode           : baseline  (inject=none)
M x K x N      : 2560 x 1024 x 2560
Process grid   : 1 x 2  (world=2)
Frags per rank : 32
Repeats        : 1
Samples        : 20
Threshold      : (per-fragment, formula)
GPUs visible   : 2


========== EXPERIMENT METRICS (global) ==========
Mode              : BASELINE
M x K x N         : 2560 x 1024 x 2560
Process grid      : 1 x 2
Frags per rank    : 32
Total fragments   : 64
Repeats           : 1
Threshold used    : 1.7236
--- Timing (worst rank) ---
Baseline   min/med/max : 3.5755 / 3.5830 / 3.5931  ms
Baseline   GFLOPS (med): 3745.9657  (min 3735.3830, max 3753.8569)
Protected  min/med/max : 3.5755 / 3.5830 / 3.5931  ms
Protected  GFLOPS (med): 3745.9657  (min 3735.3830, max 3753.8569)
Overhead (median)      : 0.0000 %
--- Confusion Matrix (global) ---
TP / TN / FP / FN     : 0 / 1280 / 0 / 0
Recall                : 0.0000
Detection precision   : 0.0000
Correction precision  : 0.0000 %
==================================================

--- ns 2816x1024x2816 F=1 ---
=== ABFT GEMM (cuBLAS, online pipelined) ===
Mode           : baseline  (inject=none)
M x K x N      : 2816 x 1024 x 2816
Process grid   : 1 x 2  (world=2)
Frags per rank : 1
Repeats        : 1
Samples        : 20
Threshold      : (per-fragment, formula)
GPUs visible   : 2


========== EXPERIMENT METRICS (global) ==========
Mode              : BASELINE
M x K x N         : 2816 x 1024 x 2816
Process grid      : 1 x 2
Frags per rank    : 1
Total fragments   : 2
Repeats           : 1
Threshold used    : 48.9706
--- Timing (worst rank) ---
Baseline   min/med/max : 1.7061 / 1.7149 / 1.7258  ms
Baseline   GFLOPS (med): 9469.8761  (min 9410.1214, max 9518.7702)
Protected  min/med/max : 1.7061 / 1.7149 / 1.7258  ms
Protected  GFLOPS (med): 9469.8761  (min 9410.1214, max 9518.7702)
Overhead (median)      : 0.0000 %
--- Confusion Matrix (global) ---
TP / TN / FP / FN     : 0 / 40 / 0 / 0
Recall                : 0.0000
Detection precision   : 0.0000
Correction precision  : 0.0000 %
==================================================

--- ns 2816x1024x2816 F=2 ---
=== ABFT GEMM (cuBLAS, online pipelined) ===
Mode           : baseline  (inject=none)
M x K x N      : 2816 x 1024 x 2816
Process grid   : 1 x 2  (world=2)
Frags per rank : 2
Repeats        : 1
Samples        : 20
Threshold      : (per-fragment, formula)
GPUs visible   : 2


========== EXPERIMENT METRICS (global) ==========
Mode              : BASELINE
M x K x N         : 2816 x 1024 x 2816
Process grid      : 1 x 2
Frags per rank    : 2
Total fragments   : 4
Repeats           : 1
Threshold used    : 25.5671
--- Timing (worst rank) ---
Baseline   min/med/max : 1.8074 / 1.8106 / 1.8271  ms
Baseline   GFLOPS (med): 8969.3503  (min 8888.4113, max 8985.3543)
Protected  min/med/max : 1.8074 / 1.8106 / 1.8271  ms
Protected  GFLOPS (med): 8969.3503  (min 8888.4113, max 8985.3543)
Overhead (median)      : 0.0000 %
--- Confusion Matrix (global) ---
TP / TN / FP / FN     : 0 / 80 / 0 / 0
Recall                : 0.0000
Detection precision   : 0.0000
Correction precision  : 0.0000 %
==================================================

--- ns 2816x1024x2816 F=4 ---
=== ABFT GEMM (cuBLAS, online pipelined) ===
Mode           : baseline  (inject=none)
M x K x N      : 2816 x 1024 x 2816
Process grid   : 1 x 2  (world=2)
Frags per rank : 4
Repeats        : 1
Samples        : 20
Threshold      : (per-fragment, formula)
GPUs visible   : 2


========== EXPERIMENT METRICS (global) ==========
Mode              : BASELINE
M x K x N         : 2816 x 1024 x 2816
Process grid      : 1 x 2
Frags per rank    : 4
Total fragments   : 8
Repeats           : 1
Threshold used    : 12.9269
--- Timing (worst rank) ---
Baseline   min/med/max : 2.2471 / 2.2595 / 2.3533  ms
Baseline   GFLOPS (med): 7187.5454  (min 6901.1734, max 7227.1916)
Protected  min/med/max : 2.2471 / 2.2595 / 2.3533  ms
Protected  GFLOPS (med): 7187.5454  (min 6901.1734, max 7227.1916)
Overhead (median)      : 0.0000 %
--- Confusion Matrix (global) ---
TP / TN / FP / FN     : 0 / 160 / 0 / 0
Recall                : 0.0000
Detection precision   : 0.0000
Correction precision  : 0.0000 %
==================================================

--- ns 2816x1024x2816 F=8 ---
=== ABFT GEMM (cuBLAS, online pipelined) ===
Mode           : baseline  (inject=none)
M x K x N      : 2816 x 1024 x 2816
Process grid   : 1 x 2  (world=2)
Frags per rank : 8
Repeats        : 1
Samples        : 20
Threshold      : (per-fragment, formula)
GPUs visible   : 2


========== EXPERIMENT METRICS (global) ==========
Mode              : BASELINE
M x K x N         : 2816 x 1024 x 2816
Process grid      : 1 x 2
Frags per rank    : 8
Total fragments   : 16
Repeats           : 1
Threshold used    : 6.5980
--- Timing (worst rank) ---
Baseline   min/med/max : 2.7038 / 2.7299 / 2.7798  ms
Baseline   GFLOPS (med): 5949.1691  (min 5842.2080, max 6006.5535)
Protected  min/med/max : 2.7038 / 2.7299 / 2.7798  ms
Protected  GFLOPS (med): 5949.1691  (min 5842.2080, max 6006.5535)
Overhead (median)      : 0.0000 %
--- Confusion Matrix (global) ---
TP / TN / FP / FN     : 0 / 320 / 0 / 0
Recall                : 0.0000
Detection precision   : 0.0000
Correction precision  : 0.0000 %
==================================================

--- ns 2816x1024x2816 F=16 ---
=== ABFT GEMM (cuBLAS, online pipelined) ===
Mode           : baseline  (inject=none)
M x K x N      : 2816 x 1024 x 2816
Process grid   : 1 x 2  (world=2)
Frags per rank : 16
Repeats        : 1
Samples        : 20
Threshold      : (per-fragment, formula)
GPUs visible   : 2


========== EXPERIMENT METRICS (global) ==========
Mode              : BASELINE
M x K x N         : 2816 x 1024 x 2816
Process grid      : 1 x 2
Frags per rank    : 16
Total fragments   : 32
Repeats           : 1
Threshold used    : 3.4872
--- Timing (worst rank) ---
Baseline   min/med/max : 2.4509 / 2.4632 / 2.4717  ms
Baseline   GFLOPS (med): 6593.2781  (min 6570.6412, max 6626.3079)
Protected  min/med/max : 2.4509 / 2.4632 / 2.4717  ms
Protected  GFLOPS (med): 6593.2781  (min 6570.6412, max 6626.3079)
Overhead (median)      : 0.0000 %
--- Confusion Matrix (global) ---
TP / TN / FP / FN     : 0 / 640 / 0 / 0
Recall                : 0.0000
Detection precision   : 0.0000
Correction precision  : 0.0000 %
==================================================

--- ns 2816x1024x2816 F=32 ---
=== ABFT GEMM (cuBLAS, online pipelined) ===
Mode           : baseline  (inject=none)
M x K x N      : 2816 x 1024 x 2816
Process grid   : 1 x 2  (world=2)
Frags per rank : 32
Repeats        : 1
Samples        : 20
Threshold      : (per-fragment, formula)
GPUs visible   : 2


========== EXPERIMENT METRICS (global) ==========
Mode              : BASELINE
M x K x N         : 2816 x 1024 x 2816
Process grid      : 1 x 2
Frags per rank    : 32
Total fragments   : 64
Repeats           : 1
Threshold used    : 1.8678
--- Timing (worst rank) ---
Baseline   min/med/max : 3.5469 / 3.5547 / 3.5649  ms
Baseline   GFLOPS (med): 4568.7581  (min 4555.6741, max 4578.7331)
Protected  min/med/max : 3.5469 / 3.5547 / 3.5649  ms
Protected  GFLOPS (med): 4568.7581  (min 4555.6741, max 4578.7331)
Overhead (median)      : 0.0000 %
--- Confusion Matrix (global) ---
TP / TN / FP / FN     : 0 / 1280 / 0 / 0
Recall                : 0.0000
Detection precision   : 0.0000
Correction precision  : 0.0000 %
==================================================

--- ns 3072x1024x3072 F=1 ---
=== ABFT GEMM (cuBLAS, online pipelined) ===
Mode           : baseline  (inject=none)
M x K x N      : 3072 x 1024 x 3072
Process grid   : 1 x 2  (world=2)
Frags per rank : 1
Repeats        : 1
Samples        : 20
Threshold      : (per-fragment, formula)
GPUs visible   : 2


========== EXPERIMENT METRICS (global) ==========
Mode              : BASELINE
M x K x N         : 3072 x 1024 x 3072
Process grid      : 1 x 2
Frags per rank    : 1
Total fragments   : 2
Repeats           : 1
Threshold used    : 53.3117
--- Timing (worst rank) ---
Baseline   min/med/max : 1.9224 / 1.9315 / 1.9546  ms
Baseline   GFLOPS (med): 10006.5612  (min 9887.9601, max 10053.5689)
Protected  min/med/max : 1.9224 / 1.9315 / 1.9546  ms
Protected  GFLOPS (med): 10006.5612  (min 9887.9601, max 10053.5689)
Overhead (median)      : 0.0000 %
--- Confusion Matrix (global) ---
TP / TN / FP / FN     : 0 / 40 / 0 / 0
Recall                : 0.0000
Detection precision   : 0.0000
Correction precision  : 0.0000 %
==================================================

--- ns 3072x1024x3072 F=2 ---
=== ABFT GEMM (cuBLAS, online pipelined) ===
Mode           : baseline  (inject=none)
M x K x N      : 3072 x 1024 x 3072
Process grid   : 1 x 2  (world=2)
Frags per rank : 2
Repeats        : 1
Samples        : 20
Threshold      : (per-fragment, formula)
GPUs visible   : 2


========== EXPERIMENT METRICS (global) ==========
Mode              : BASELINE
M x K x N         : 3072 x 1024 x 3072
Process grid      : 1 x 2
Frags per rank    : 2
Total fragments   : 4
Repeats           : 1
Threshold used    : 27.2608
--- Timing (worst rank) ---
Baseline   min/med/max : 1.9193 / 1.9465 / 1.9694  ms
Baseline   GFLOPS (med): 9929.4531  (min 9813.7283, max 10069.7701)
Protected  min/med/max : 1.9193 / 1.9465 / 1.9694  ms
Protected  GFLOPS (med): 9929.4531  (min 9813.7283, max 10069.7701)
Overhead (median)      : 0.0000 %
--- Confusion Matrix (global) ---
TP / TN / FP / FN     : 0 / 80 / 0 / 0
Recall                : 0.0000
Detection precision   : 0.0000
Correction precision  : 0.0000 %
==================================================

--- ns 3072x1024x3072 F=4 ---
=== ABFT GEMM (cuBLAS, online pipelined) ===
Mode           : baseline  (inject=none)
M x K x N      : 3072 x 1024 x 3072
Process grid   : 1 x 2  (world=2)
Frags per rank : 4
Repeats        : 1
Samples        : 20
Threshold      : (per-fragment, formula)
GPUs visible   : 2


========== EXPERIMENT METRICS (global) ==========
Mode              : BASELINE
M x K x N         : 3072 x 1024 x 3072
Process grid      : 1 x 2
Frags per rank    : 4
Total fragments   : 8
Repeats           : 1
Threshold used    : 14.1074
--- Timing (worst rank) ---
Baseline   min/med/max : 2.2366 / 2.3288 / 2.5070  ms
Baseline   GFLOPS (med): 8299.2791  (min 7709.2934, max 8641.3835)
Protected  min/med/max : 2.2366 / 2.3288 / 2.5070  ms
Protected  GFLOPS (med): 8299.2791  (min 7709.2934, max 8641.3835)
Overhead (median)      : 0.0000 %
--- Confusion Matrix (global) ---
TP / TN / FP / FN     : 0 / 160 / 0 / 0
Recall                : 0.0000
Detection precision   : 0.0000
Correction precision  : 0.0000 %
==================================================

--- ns 3072x1024x3072 F=8 ---
=== ABFT GEMM (cuBLAS, online pipelined) ===
Mode           : baseline  (inject=none)
M x K x N      : 3072 x 1024 x 3072
Process grid   : 1 x 2  (world=2)
Frags per rank : 8
Repeats        : 1
Samples        : 20
Threshold      : (per-fragment, formula)
GPUs visible   : 2


========== EXPERIMENT METRICS (global) ==========
Mode              : BASELINE
M x K x N         : 3072 x 1024 x 3072
Process grid      : 1 x 2
Frags per rank    : 8
Total fragments   : 16
Repeats           : 1
Threshold used    : 7.1879
--- Timing (worst rank) ---
Baseline   min/med/max : 2.5789 / 2.6188 / 2.6644  ms
Baseline   GFLOPS (med): 7380.1648  (min 7253.8741, max 7494.3301)
Protected  min/med/max : 2.5789 / 2.6188 / 2.6644  ms
Protected  GFLOPS (med): 7380.1648  (min 7253.8741, max 7494.3301)
Overhead (median)      : 0.0000 %
--- Confusion Matrix (global) ---
TP / TN / FP / FN     : 0 / 320 / 0 / 0
Recall                : 0.0000
Detection precision   : 0.0000
Correction precision  : 0.0000 %
==================================================

--- ns 3072x1024x3072 F=16 ---
=== ABFT GEMM (cuBLAS, online pipelined) ===
Mode           : baseline  (inject=none)
M x K x N      : 3072 x 1024 x 3072
Process grid   : 1 x 2  (world=2)
Frags per rank : 16
Repeats        : 1
Samples        : 20
Threshold      : (per-fragment, formula)
GPUs visible   : 2


========== EXPERIMENT METRICS (global) ==========
Mode              : BASELINE
M x K x N         : 3072 x 1024 x 3072
Process grid      : 1 x 2
Frags per rank    : 16
Total fragments   : 32
Repeats           : 1
Threshold used    : 3.8469
--- Timing (worst rank) ---
Baseline   min/med/max : 2.5468 / 2.5547 / 2.5679  ms
Baseline   GFLOPS (med): 7565.4188  (min 7526.4915, max 7588.8893)
Protected  min/med/max : 2.5468 / 2.5547 / 2.5679  ms
Protected  GFLOPS (med): 7565.4188  (min 7526.4915, max 7588.8893)
Overhead (median)      : 0.0000 %
--- Confusion Matrix (global) ---
TP / TN / FP / FN     : 0 / 640 / 0 / 0
Recall                : 0.0000
Detection precision   : 0.0000
Correction precision  : 0.0000 %
==================================================

--- ns 3072x1024x3072 F=32 ---
=== ABFT GEMM (cuBLAS, online pipelined) ===
Mode           : baseline  (inject=none)
M x K x N      : 3072 x 1024 x 3072
Process grid   : 1 x 2  (world=2)
Frags per rank : 32
Repeats        : 1
Samples        : 20
Threshold      : (per-fragment, formula)
GPUs visible   : 2


========== EXPERIMENT METRICS (global) ==========
Mode              : BASELINE
M x K x N         : 3072 x 1024 x 3072
Process grid      : 1 x 2
Frags per rank    : 32
Total fragments   : 64
Repeats           : 1
Threshold used    : 1.9659
--- Timing (worst rank) ---
Baseline   min/med/max : 3.6613 / 3.6765 / 3.6882  ms
Baseline   GFLOPS (med): 5257.0580  (min 5240.2516, max 5278.8672)
Protected  min/med/max : 3.6613 / 3.6765 / 3.6882  ms
Protected  GFLOPS (med): 5257.0580  (min 5240.2516, max 5278.8672)
Overhead (median)      : 0.0000 %
--- Confusion Matrix (global) ---
TP / TN / FP / FN     : 0 / 1280 / 0 / 0
Recall                : 0.0000
Detection precision   : 0.0000
Correction precision  : 0.0000 %
==================================================

--- ns 3328x1024x3328 F=1 ---
=== ABFT GEMM (cuBLAS, online pipelined) ===
Mode           : baseline  (inject=none)
M x K x N      : 3328 x 1024 x 3328
Process grid   : 1 x 2  (world=2)
Frags per rank : 1
Repeats        : 1
Samples        : 20
Threshold      : (per-fragment, formula)
GPUs visible   : 2


========== EXPERIMENT METRICS (global) ==========
Mode              : BASELINE
M x K x N         : 3328 x 1024 x 3328
Process grid      : 1 x 2
Frags per rank    : 1
Total fragments   : 2
Repeats           : 1
Threshold used    : 57.8605
--- Timing (worst rank) ---
Baseline   min/med/max : 2.1839 / 2.1965 / 2.2327  ms
Baseline   GFLOPS (med): 10326.9084  (min 10159.4979, max 10386.2000)
Protected  min/med/max : 2.1839 / 2.1965 / 2.2327  ms
Protected  GFLOPS (med): 10326.9084  (min 10159.4979, max 10386.2000)
Overhead (median)      : 0.0000 %
--- Confusion Matrix (global) ---
TP / TN / FP / FN     : 0 / 40 / 0 / 0
Recall                : 0.0000
Detection precision   : 0.0000
Correction precision  : 0.0000 %
==================================================

--- ns 3328x1024x3328 F=2 ---
=== ABFT GEMM (cuBLAS, online pipelined) ===
Mode           : baseline  (inject=none)
M x K x N      : 3328 x 1024 x 3328
Process grid   : 1 x 2  (world=2)
Frags per rank : 2
Repeats        : 1
Samples        : 20
Threshold      : (per-fragment, formula)
GPUs visible   : 2


========== EXPERIMENT METRICS (global) ==========
Mode              : BASELINE
M x K x N         : 3328 x 1024 x 3328
Process grid      : 1 x 2
Frags per rank    : 2
Total fragments   : 4
Repeats           : 1
Threshold used    : 29.7631
--- Timing (worst rank) ---
Baseline   min/med/max : 2.2781 / 2.2851 / 2.3025  ms
Baseline   GFLOPS (med): 9926.5604  (min 9851.2403, max 9956.9446)
Protected  min/med/max : 2.2781 / 2.2851 / 2.3025  ms
Protected  GFLOPS (med): 9926.5604  (min 9851.2403, max 9956.9446)
Overhead (median)      : 0.0000 %
--- Confusion Matrix (global) ---
TP / TN / FP / FN     : 0 / 80 / 0 / 0
Recall                : 0.0000
Detection precision   : 0.0000
Correction precision  : 0.0000 %
==================================================

--- ns 3328x1024x3328 F=4 ---
=== ABFT GEMM (cuBLAS, online pipelined) ===
Mode           : baseline  (inject=none)
M x K x N      : 3328 x 1024 x 3328
Process grid   : 1 x 2  (world=2)
Frags per rank : 4
Repeats        : 1
Samples        : 20
Threshold      : (per-fragment, formula)
GPUs visible   : 2


========== EXPERIMENT METRICS (global) ==========
Mode              : BASELINE
M x K x N         : 3328 x 1024 x 3328
Process grid      : 1 x 2
Frags per rank    : 4
Total fragments   : 8
Repeats           : 1
Threshold used    : 15.0630
--- Timing (worst rank) ---
Baseline   min/med/max : 3.0310 / 3.0420 / 3.0608  ms
Baseline   GFLOPS (med): 7456.5306  (min 7410.8451, max 7483.5447)
Protected  min/med/max : 3.0310 / 3.0420 / 3.0608  ms
Protected  GFLOPS (med): 7456.5306  (min 7410.8451, max 7483.5447)
Overhead (median)      : 0.0000 %
--- Confusion Matrix (global) ---
TP / TN / FP / FN     : 0 / 160 / 0 / 0
Recall                : 0.0000
Detection precision   : 0.0000
Correction precision  : 0.0000 %
==================================================

--- ns 3328x1024x3328 F=8 ---
=== ABFT GEMM (cuBLAS, online pipelined) ===
Mode           : baseline  (inject=none)
M x K x N      : 3328 x 1024 x 3328
Process grid   : 1 x 2  (world=2)
Frags per rank : 8
Repeats        : 1
Samples        : 20
Threshold      : (per-fragment, formula)
GPUs visible   : 2


========== EXPERIMENT METRICS (global) ==========
Mode              : BASELINE
M x K x N         : 3328 x 1024 x 3328
Process grid      : 1 x 2
Frags per rank    : 8
Total fragments   : 16
Repeats           : 1
Threshold used    : 7.7251
--- Timing (worst rank) ---
Baseline   min/med/max : 3.8128 / 3.8252 / 3.8408  ms
Baseline   GFLOPS (med): 5929.9056  (min 5905.8077, max 5949.0631)
Protected  min/med/max : 3.8128 / 3.8252 / 3.8408  ms
Protected  GFLOPS (med): 5929.9056  (min 5905.8077, max 5949.0631)
Overhead (median)      : 0.0000 %
--- Confusion Matrix (global) ---
TP / TN / FP / FN     : 0 / 320 / 0 / 0
Recall                : 0.0000
Detection precision   : 0.0000
Correction precision  : 0.0000 %
==================================================

--- ns 3328x1024x3328 F=16 ---
=== ABFT GEMM (cuBLAS, online pipelined) ===
Mode           : baseline  (inject=none)
M x K x N      : 3328 x 1024 x 3328
Process grid   : 1 x 2  (world=2)
Frags per rank : 16
Repeats        : 1
Samples        : 20
Threshold      : (per-fragment, formula)
GPUs visible   : 2


========== EXPERIMENT METRICS (global) ==========
Mode              : BASELINE
M x K x N         : 3328 x 1024 x 3328
Process grid      : 1 x 2
Frags per rank    : 16
Total fragments   : 32
Repeats           : 1
Threshold used    : 4.1467
--- Timing (worst rank) ---
Baseline   min/med/max : 3.2931 / 3.2994 / 3.3053  ms
Baseline   GFLOPS (med): 6874.7829  (min 6862.5591, max 6887.9662)
Protected  min/med/max : 3.2931 / 3.2994 / 3.3053  ms
Protected  GFLOPS (med): 6874.7829  (min 6862.5591, max 6887.9662)
Overhead (median)      : 0.0000 %
--- Confusion Matrix (global) ---
TP / TN / FP / FN     : 0 / 640 / 0 / 0
Recall                : 0.0000
Detection precision   : 0.0000
Correction precision  : 0.0000 %
==================================================

--- ns 3328x1024x3328 F=32 ---
=== ABFT GEMM (cuBLAS, online pipelined) ===
Mode           : baseline  (inject=none)
M x K x N      : 3328 x 1024 x 3328
Process grid   : 1 x 2  (world=2)
Frags per rank : 32
Repeats        : 1
Samples        : 20
Threshold      : (per-fragment, formula)
GPUs visible   : 2


========== EXPERIMENT METRICS (global) ==========
Mode              : BASELINE
M x K x N         : 3328 x 1024 x 3328
Process grid      : 1 x 2
Frags per rank    : 32
Total fragments   : 64
Repeats           : 1
Threshold used    : 2.2052
--- Timing (worst rank) ---
Baseline   min/med/max : 3.5581 / 3.5671 / 3.5739  ms
Baseline   GFLOPS (med): 6358.8952  (min 6346.8673, max 6374.9098)
Protected  min/med/max : 3.5581 / 3.5671 / 3.5739  ms
Protected  GFLOPS (med): 6358.8952  (min 6346.8673, max 6374.9098)
Overhead (median)      : 0.0000 %
--- Confusion Matrix (global) ---
TP / TN / FP / FN     : 0 / 1280 / 0 / 0
Recall                : 0.0000
Detection precision   : 0.0000
Correction precision  : 0.0000 %
==================================================

--- ns 3584x1024x3584 F=1 ---
=== ABFT GEMM (cuBLAS, online pipelined) ===
Mode           : baseline  (inject=none)
M x K x N      : 3584 x 1024 x 3584
Process grid   : 1 x 2  (world=2)
Frags per rank : 1
Repeats        : 1
Samples        : 20
Threshold      : (per-fragment, formula)
GPUs visible   : 2


========== EXPERIMENT METRICS (global) ==========
Mode              : BASELINE
M x K x N         : 3584 x 1024 x 3584
Process grid      : 1 x 2
Frags per rank    : 1
Total fragments   : 2
Repeats           : 1
Threshold used    : 62.2436
--- Timing (worst rank) ---
Baseline   min/med/max : 2.4879 / 2.4964 / 2.5591  ms
Baseline   GFLOPS (med): 10537.6333  (min 10279.7270, max 10573.7920)
Protected  min/med/max : 2.4879 / 2.4964 / 2.5591  ms
Protected  GFLOPS (med): 10537.6333  (min 10279.7270, max 10573.7920)
Overhead (median)      : 0.0000 %
--- Confusion Matrix (global) ---
TP / TN / FP / FN     : 0 / 40 / 0 / 0
Recall                : 0.0000
Detection precision   : 0.0000
Correction precision  : 0.0000 %
==================================================

--- ns 3584x1024x3584 F=2 ---
=== ABFT GEMM (cuBLAS, online pipelined) ===
Mode           : baseline  (inject=none)
M x K x N      : 3584 x 1024 x 3584
Process grid   : 1 x 2  (world=2)
Frags per rank : 2
Repeats        : 1
Samples        : 20
Threshold      : (per-fragment, formula)
GPUs visible   : 2


========== EXPERIMENT METRICS (global) ==========
Mode              : BASELINE
M x K x N         : 3584 x 1024 x 3584
Process grid      : 1 x 2
Frags per rank    : 2
Total fragments   : 4
Repeats           : 1
Threshold used    : 31.4944
--- Timing (worst rank) ---
Baseline   min/med/max : 2.6559 / 2.6657 / 2.6762  ms
Baseline   GFLOPS (med): 9868.4508  (min 9829.7511, max 9904.8378)
Protected  min/med/max : 2.6559 / 2.6657 / 2.6762  ms
Protected  GFLOPS (med): 9868.4508  (min 9829.7511, max 9904.8378)
Overhead (median)      : 0.0000 %
--- Confusion Matrix (global) ---
TP / TN / FP / FN     : 0 / 80 / 0 / 0
Recall                : 0.0000
Detection precision   : 0.0000
Correction precision  : 0.0000 %
==================================================

--- ns 3584x1024x3584 F=4 ---
=== ABFT GEMM (cuBLAS, online pipelined) ===
Mode           : baseline  (inject=none)
M x K x N      : 3584 x 1024 x 3584
Process grid   : 1 x 2  (world=2)
Frags per rank : 4
Repeats        : 1
Samples        : 20
Threshold      : (per-fragment, formula)
GPUs visible   : 2


========== EXPERIMENT METRICS (global) ==========
Mode              : BASELINE
M x K x N         : 3584 x 1024 x 3584
Process grid      : 1 x 2
Frags per rank    : 4
Total fragments   : 8
Repeats           : 1
Threshold used    : 16.3052
--- Timing (worst rank) ---
Baseline   min/med/max : 3.0393 / 3.0521 / 3.2088  ms
Baseline   GFLOPS (med): 8619.1821  (min 8198.4055, max 8655.3678)
Protected  min/med/max : 3.0393 / 3.0521 / 3.2088  ms
Protected  GFLOPS (med): 8619.1821  (min 8198.4055, max 8655.3678)
Overhead (median)      : 0.0000 %
--- Confusion Matrix (global) ---
TP / TN / FP / FN     : 0 / 160 / 0 / 0
Recall                : 0.0000
Detection precision   : 0.0000
Correction precision  : 0.0000 %
==================================================

--- ns 3584x1024x3584 F=8 ---
=== ABFT GEMM (cuBLAS, online pipelined) ===
Mode           : baseline  (inject=none)
M x K x N      : 3584 x 1024 x 3584
Process grid   : 1 x 2  (world=2)
Frags per rank : 8
Repeats        : 1
Samples        : 20
Threshold      : (per-fragment, formula)
GPUs visible   : 2


========== EXPERIMENT METRICS (global) ==========
Mode              : BASELINE
M x K x N         : 3584 x 1024 x 3584
Process grid      : 1 x 2
Frags per rank    : 8
Total fragments   : 16
Repeats           : 1
Threshold used    : 8.2955
--- Timing (worst rank) ---
Baseline   min/med/max : 3.8307 / 3.8367 / 3.8478  ms
Baseline   GFLOPS (med): 6856.5907  (min 6836.8768, max 6867.2979)
Protected  min/med/max : 3.8307 / 3.8367 / 3.8478  ms
Protected  GFLOPS (med): 6856.5907  (min 6836.8768, max 6867.2979)
Overhead (median)      : 0.0000 %
--- Confusion Matrix (global) ---
TP / TN / FP / FN     : 0 / 320 / 0 / 0
Recall                : 0.0000
Detection precision   : 0.0000
Correction precision  : 0.0000 %
==================================================

--- ns 3584x1024x3584 F=16 ---
=== ABFT GEMM (cuBLAS, online pipelined) ===
Mode           : baseline  (inject=none)
M x K x N      : 3584 x 1024 x 3584
Process grid   : 1 x 2  (world=2)
Frags per rank : 16
Repeats        : 1
Samples        : 20
Threshold      : (per-fragment, formula)
GPUs visible   : 2


========== EXPERIMENT METRICS (global) ==========
Mode              : BASELINE
M x K x N         : 3584 x 1024 x 3584
Process grid      : 1 x 2
Frags per rank    : 16
Total fragments   : 32
Repeats           : 1
Threshold used    : 4.4071
--- Timing (worst rank) ---
Baseline   min/med/max : 3.6442 / 3.6540 / 3.6599  ms
Baseline   GFLOPS (med): 7199.3356  (min 7187.7712, max 7218.6880)
Protected  min/med/max : 3.6442 / 3.6540 / 3.6599  ms
Protected  GFLOPS (med): 7199.3356  (min 7187.7712, max 7218.6880)
Overhead (median)      : 0.0000 %
--- Confusion Matrix (global) ---
TP / TN / FP / FN     : 0 / 640 / 0 / 0
Recall                : 0.0000
Detection precision   : 0.0000
Correction precision  : 0.0000 %
==================================================

--- ns 3584x1024x3584 F=32 ---
=== ABFT GEMM (cuBLAS, online pipelined) ===
Mode           : baseline  (inject=none)
M x K x N      : 3584 x 1024 x 3584
Process grid   : 1 x 2  (world=2)
Frags per rank : 32
Repeats        : 1
Samples        : 20
Threshold      : (per-fragment, formula)
GPUs visible   : 2


========== EXPERIMENT METRICS (global) ==========
Mode              : BASELINE
M x K x N         : 3584 x 1024 x 3584
Process grid      : 1 x 2
Frags per rank    : 32
Total fragments   : 64
Repeats           : 1
Threshold used    : 2.3755
--- Timing (worst rank) ---
Baseline   min/med/max : 4.2727 / 4.2789 / 4.2848  ms
Baseline   GFLOPS (med): 6147.9606  (min 6139.5353, max 6156.9581)
Protected  min/med/max : 4.2727 / 4.2789 / 4.2848  ms
Protected  GFLOPS (med): 6147.9606  (min 6139.5353, max 6156.9581)
Overhead (median)      : 0.0000 %
--- Confusion Matrix (global) ---
TP / TN / FP / FN     : 0 / 1280 / 0 / 0
Recall                : 0.0000
Detection precision   : 0.0000
Correction precision  : 0.0000 %
==================================================

--- ns 3840x1024x3840 F=1 ---
=== ABFT GEMM (cuBLAS, online pipelined) ===
Mode           : baseline  (inject=none)
M x K x N      : 3840 x 1024 x 3840
Process grid   : 1 x 2  (world=2)
Frags per rank : 1
Repeats        : 1
Samples        : 20
Threshold      : (per-fragment, formula)
GPUs visible   : 2


========== EXPERIMENT METRICS (global) ==========
Mode              : BASELINE
M x K x N         : 3840 x 1024 x 3840
Process grid      : 1 x 2
Frags per rank    : 1
Total fragments   : 2
Repeats           : 1
Threshold used    : 66.8706
--- Timing (worst rank) ---
Baseline   min/med/max : 2.7887 / 2.8548 / 2.8687  ms
Baseline   GFLOPS (med): 10578.2128  (min 10527.0458, max 10829.1493)
Protected  min/med/max : 2.7887 / 2.8548 / 2.8687  ms
Protected  GFLOPS (med): 10578.2128  (min 10527.0458, max 10829.1493)
Overhead (median)      : 0.0000 %
--- Confusion Matrix (global) ---
TP / TN / FP / FN     : 0 / 40 / 0 / 0
Recall                : 0.0000
Detection precision   : 0.0000
Correction precision  : 0.0000 %
==================================================

--- ns 3840x1024x3840 F=2 ---
=== ABFT GEMM (cuBLAS, online pipelined) ===
Mode           : baseline  (inject=none)
M x K x N      : 3840 x 1024 x 3840
Process grid   : 1 x 2  (world=2)
Frags per rank : 2
Repeats        : 1
Samples        : 20
Threshold      : (per-fragment, formula)
GPUs visible   : 2


========== EXPERIMENT METRICS (global) ==========
Mode              : BASELINE
M x K x N         : 3840 x 1024 x 3840
Process grid      : 1 x 2
Frags per rank    : 2
Total fragments   : 4
Repeats           : 1
Threshold used    : 34.0968
--- Timing (worst rank) ---
Baseline   min/med/max : 2.8730 / 2.8885 / 2.9165  ms
Baseline   GFLOPS (med): 10454.9976  (min 10354.6621, max 10511.2242)
Protected  min/med/max : 2.8730 / 2.8885 / 2.9165  ms
Protected  GFLOPS (med): 10454.9976  (min 10354.6621, max 10511.2242)
Overhead (median)      : 0.0000 %
--- Confusion Matrix (global) ---
TP / TN / FP / FN     : 0 / 80 / 0 / 0
Recall                : 0.0000
Detection precision   : 0.0000
Correction precision  : 0.0000 %
==================================================

--- ns 3840x1024x3840 F=4 ---
=== ABFT GEMM (cuBLAS, online pipelined) ===
Mode           : baseline  (inject=none)
M x K x N      : 3840 x 1024 x 3840
Process grid   : 1 x 2  (world=2)
Frags per rank : 4
Repeats        : 1
Samples        : 20
Threshold      : (per-fragment, formula)
GPUs visible   : 2


========== EXPERIMENT METRICS (global) ==========
Mode              : BASELINE
M x K x N         : 3840 x 1024 x 3840
Process grid      : 1 x 2
Frags per rank    : 4
Total fragments   : 8
Repeats           : 1
Threshold used    : 17.5153
--- Timing (worst rank) ---
Baseline   min/med/max : 3.2035 / 3.3714 / 3.3861  ms
Baseline   GFLOPS (med): 8957.4908  (min 8918.5323, max 9426.8616)
Protected  min/med/max : 3.2035 / 3.3714 / 3.3861  ms
Protected  GFLOPS (med): 8957.4908  (min 8918.5323, max 9426.8616)
Overhead (median)      : 0.0000 %
--- Confusion Matrix (global) ---
TP / TN / FP / FN     : 0 / 160 / 0 / 0
Recall                : 0.0000
Detection precision   : 0.0000
Correction precision  : 0.0000 %
==================================================

--- ns 3840x1024x3840 F=8 ---
=== ABFT GEMM (cuBLAS, online pipelined) ===
Mode           : baseline  (inject=none)
M x K x N      : 3840 x 1024 x 3840
Process grid   : 1 x 2  (world=2)
Frags per rank : 8
Repeats        : 1
Samples        : 20
Threshold      : (per-fragment, formula)
GPUs visible   : 2


========== EXPERIMENT METRICS (global) ==========
Mode              : BASELINE
M x K x N         : 3840 x 1024 x 3840
Process grid      : 1 x 2
Frags per rank    : 8
Total fragments   : 16
Repeats           : 1
Threshold used    : 8.9648
--- Timing (worst rank) ---
Baseline   min/med/max : 3.8386 / 3.8510 / 3.9132  ms
Baseline   GFLOPS (med): 7841.7586  (min 7717.2600, max 7867.1124)
Protected  min/med/max : 3.8386 / 3.8510 / 3.9132  ms
Protected  GFLOPS (med): 7841.7586  (min 7717.2600, max 7867.1124)
Overhead (median)      : 0.0000 %
--- Confusion Matrix (global) ---
TP / TN / FP / FN     : 0 / 320 / 0 / 0
Recall                : 0.0000
Detection precision   : 0.0000
Correction precision  : 0.0000 %
==================================================

--- ns 3840x1024x3840 F=16 ---
=== ABFT GEMM (cuBLAS, online pipelined) ===
Mode           : baseline  (inject=none)
M x K x N      : 3840 x 1024 x 3840
Process grid   : 1 x 2  (world=2)
Frags per rank : 16
Repeats        : 1
Samples        : 20
Threshold      : (per-fragment, formula)
GPUs visible   : 2


========== EXPERIMENT METRICS (global) ==========
Mode              : BASELINE
M x K x N         : 3840 x 1024 x 3840
Process grid      : 1 x 2
Frags per rank    : 16
Total fragments   : 32
Repeats           : 1
Threshold used    : 4.6360
--- Timing (worst rank) ---
Baseline   min/med/max : 3.7988 / 3.8115 / 3.8227  ms
Baseline   GFLOPS (med): 7923.1993  (min 7899.8942, max 7949.5269)
Protected  min/med/max : 3.7988 / 3.8115 / 3.8227  ms
Protected  GFLOPS (med): 7923.1993  (min 7899.8942, max 7949.5269)
Overhead (median)      : 0.0000 %
--- Confusion Matrix (global) ---
TP / TN / FP / FN     : 0 / 640 / 0 / 0
Recall                : 0.0000
Detection precision   : 0.0000
Correction precision  : 0.0000 %
==================================================

--- ns 3840x1024x3840 F=32 ---
=== ABFT GEMM (cuBLAS, online pipelined) ===
Mode           : baseline  (inject=none)
M x K x N      : 3840 x 1024 x 3840
Process grid   : 1 x 2  (world=2)
Frags per rank : 32
Repeats        : 1
Samples        : 20
Threshold      : (per-fragment, formula)
GPUs visible   : 2


========== EXPERIMENT METRICS (global) ==========
Mode              : BASELINE
M x K x N         : 3840 x 1024 x 3840
Process grid      : 1 x 2
Frags per rank    : 32
Total fragments   : 64
Repeats           : 1
Threshold used    : 2.4707
--- Timing (worst rank) ---
Baseline   min/med/max : 4.4410 / 4.4482 / 4.4653  ms
Baseline   GFLOPS (med): 6788.9747  (min 6763.0233, max 6800.0119)
Protected  min/med/max : 4.4410 / 4.4482 / 4.4653  ms
Protected  GFLOPS (med): 6788.9747  (min 6763.0233, max 6800.0119)
Overhead (median)      : 0.0000 %
--- Confusion Matrix (global) ---
TP / TN / FP / FN     : 0 / 1280 / 0 / 0
Recall                : 0.0000
Detection precision   : 0.0000
Correction precision  : 0.0000 %
==================================================

--- ns 4096x1024x4096 F=1 ---
=== ABFT GEMM (cuBLAS, online pipelined) ===
Mode           : baseline  (inject=none)
M x K x N      : 4096 x 1024 x 4096
Process grid   : 1 x 2  (world=2)
Frags per rank : 1
Repeats        : 1
Samples        : 20
Threshold      : (per-fragment, formula)
GPUs visible   : 2


========== EXPERIMENT METRICS (global) ==========
Mode              : BASELINE
M x K x N         : 4096 x 1024 x 4096
Process grid      : 1 x 2
Frags per rank    : 1
Total fragments   : 2
Repeats           : 1
Threshold used    : 70.8074
--- Timing (worst rank) ---
Baseline   min/med/max : 3.1596 / 3.1680 / 3.1750  ms
Baseline   GFLOPS (med): 10845.9352  (min 10821.9137, max 10874.8044)
Protected  min/med/max : 3.1596 / 3.1680 / 3.1750  ms
Protected  GFLOPS (med): 10845.9352  (min 10821.9137, max 10874.8044)
Overhead (median)      : 0.0000 %
--- Confusion Matrix (global) ---
TP / TN / FP / FN     : 0 / 40 / 0 / 0
Recall                : 0.0000
Detection precision   : 0.0000
Correction precision  : 0.0000 %
==================================================

--- ns 4096x1024x4096 F=2 ---
=== ABFT GEMM (cuBLAS, online pipelined) ===
Mode           : baseline  (inject=none)
M x K x N      : 4096 x 1024 x 4096
Process grid   : 1 x 2  (world=2)
Frags per rank : 2
Repeats        : 1
Samples        : 20
Threshold      : (per-fragment, formula)
GPUs visible   : 2


========== EXPERIMENT METRICS (global) ==========
Mode              : BASELINE
M x K x N         : 4096 x 1024 x 4096
Process grid      : 1 x 2
Frags per rank    : 2
Total fragments   : 4
Repeats           : 1
Threshold used    : 35.8955
--- Timing (worst rank) ---
Baseline   min/med/max : 3.2477 / 3.3128 / 3.3841  ms
Baseline   GFLOPS (med): 10371.9308  (min 10153.1879, max 10579.7730)
Protected  min/med/max : 3.2477 / 3.3128 / 3.3841  ms
Protected  GFLOPS (med): 10371.9308  (min 10153.1879, max 10579.7730)
Overhead (median)      : 0.0000 %
--- Confusion Matrix (global) ---
TP / TN / FP / FN     : 0 / 80 / 0 / 0
Recall                : 0.0000
Detection precision   : 0.0000
Correction precision  : 0.0000 %
==================================================

--- ns 4096x1024x4096 F=4 ---
=== ABFT GEMM (cuBLAS, online pipelined) ===
Mode           : baseline  (inject=none)
M x K x N      : 4096 x 1024 x 4096
Process grid   : 1 x 2  (world=2)
Frags per rank : 4
Repeats        : 1
Samples        : 20
Threshold      : (per-fragment, formula)
GPUs visible   : 2


========== EXPERIMENT METRICS (global) ==========
Mode              : BASELINE
M x K x N         : 4096 x 1024 x 4096
Process grid      : 1 x 2
Frags per rank    : 4
Total fragments   : 8
Repeats           : 1
Threshold used    : 18.3255
--- Timing (worst rank) ---
Baseline   min/med/max : 3.4032 / 3.4115 / 3.4336  ms
Baseline   GFLOPS (med): 10071.8219  (min 10007.0039, max 10096.4246)
Protected  min/med/max : 3.4032 / 3.4115 / 3.4336  ms
Protected  GFLOPS (med): 10071.8219  (min 10007.0039, max 10096.4246)
Overhead (median)      : 0.0000 %
--- Confusion Matrix (global) ---
TP / TN / FP / FN     : 0 / 160 / 0 / 0
Recall                : 0.0000
Detection precision   : 0.0000
Correction precision  : 0.0000 %
==================================================

--- ns 4096x1024x4096 F=8 ---
=== ABFT GEMM (cuBLAS, online pipelined) ===
Mode           : baseline  (inject=none)
M x K x N      : 4096 x 1024 x 4096
Process grid   : 1 x 2  (world=2)
Frags per rank : 8
Repeats        : 1
Samples        : 20
Threshold      : (per-fragment, formula)
GPUs visible   : 2


========== EXPERIMENT METRICS (global) ==========
Mode              : BASELINE
M x K x N         : 4096 x 1024 x 4096
Process grid      : 1 x 2
Frags per rank    : 8
Total fragments   : 16
Repeats           : 1
Threshold used    : 9.4121
--- Timing (worst rank) ---
Baseline   min/med/max : 3.8577 / 3.8751 / 3.9498  ms
Baseline   GFLOPS (med): 8866.7821  (min 8699.1436, max 8906.8400)
Protected  min/med/max : 3.8577 / 3.8751 / 3.9498  ms
Protected  GFLOPS (med): 8866.7821  (min 8699.1436, max 8906.8400)
Overhead (median)      : 0.0000 %
--- Confusion Matrix (global) ---
TP / TN / FP / FN     : 0 / 320 / 0 / 0
Recall                : 0.0000
Detection precision   : 0.0000
Correction precision  : 0.0000 %
==================================================

--- ns 4096x1024x4096 F=16 ---
=== ABFT GEMM (cuBLAS, online pipelined) ===
Mode           : baseline  (inject=none)
M x K x N      : 4096 x 1024 x 4096
Process grid   : 1 x 2  (world=2)
Frags per rank : 16
Repeats        : 1
Samples        : 20
Threshold      : (per-fragment, formula)
GPUs visible   : 2


========== EXPERIMENT METRICS (global) ==========
Mode              : BASELINE
M x K x N         : 4096 x 1024 x 4096
Process grid      : 1 x 2
Frags per rank    : 16
Total fragments   : 32
Repeats           : 1
Threshold used    : 4.8900
--- Timing (worst rank) ---
Baseline   min/med/max : 4.1818 / 4.1888 / 4.1925  ms
Baseline   GFLOPS (med): 8202.6995  (min 8195.5543, max 8216.4851)
Protected  min/med/max : 4.1818 / 4.1888 / 4.1925  ms
Protected  GFLOPS (med): 8202.6995  (min 8195.5543, max 8216.4851)
Overhead (median)      : 0.0000 %
--- Confusion Matrix (global) ---
TP / TN / FP / FN     : 0 / 640 / 0 / 0
Recall                : 0.0000
Detection precision   : 0.0000
Correction precision  : 0.0000 %
==================================================

--- ns 4096x1024x4096 F=32 ---
=== ABFT GEMM (cuBLAS, online pipelined) ===
Mode           : baseline  (inject=none)
M x K x N      : 4096 x 1024 x 4096
Process grid   : 1 x 2  (world=2)
Frags per rank : 32
Repeats        : 1
Samples        : 20
Threshold      : (per-fragment, formula)
GPUs visible   : 2


========== EXPERIMENT METRICS (global) ==========
Mode              : BASELINE
M x K x N         : 4096 x 1024 x 4096
Process grid      : 1 x 2
Frags per rank    : 32
Total fragments   : 64
Repeats           : 1
Threshold used    : 2.5686
--- Timing (worst rank) ---
Baseline   min/med/max : 4.4115 / 4.4215 / 4.4310  ms
Baseline   GFLOPS (med): 7770.9766  (min 7754.3229, max 7788.6094)
Protected  min/med/max : 4.4115 / 4.4215 / 4.4310  ms
Protected  GFLOPS (med): 7770.9766  (min 7754.3229, max 7788.6094)
Overhead (median)      : 0.0000 %
--- Confusion Matrix (global) ---
TP / TN / FP / FN     : 0 / 1280 / 0 / 0
Recall                : 0.0000
Detection precision   : 0.0000
Correction precision  : 0.0000 %
==================================================

--- ns 4352x1024x4352 F=1 ---
=== ABFT GEMM (cuBLAS, online pipelined) ===
Mode           : baseline  (inject=none)
M x K x N      : 4352 x 1024 x 4352
Process grid   : 1 x 2  (world=2)
Frags per rank : 1
Repeats        : 1
Samples        : 20
Threshold      : (per-fragment, formula)
GPUs visible   : 2


========== EXPERIMENT METRICS (global) ==========
Mode              : BASELINE
M x K x N         : 4352 x 1024 x 4352
Process grid      : 1 x 2
Frags per rank    : 1
Total fragments   : 2
Repeats           : 1
Threshold used    : 75.6756
--- Timing (worst rank) ---
Baseline   min/med/max : 3.6249 / 3.6357 / 3.6497  ms
Baseline   GFLOPS (med): 10669.0008  (min 10627.9438, max 10700.6908)
Protected  min/med/max : 3.6249 / 3.6357 / 3.6497  ms
Protected  GFLOPS (med): 10669.0008  (min 10627.9438, max 10700.6908)
Overhead (median)      : 0.0000 %
--- Confusion Matrix (global) ---
TP / TN / FP / FN     : 0 / 40 / 0 / 0
Recall                : 0.0000
Detection precision   : 0.0000
Correction precision  : 0.0000 %
==================================================

--- ns 4352x1024x4352 F=2 ---
=== ABFT GEMM (cuBLAS, online pipelined) ===
Mode           : baseline  (inject=none)
M x K x N      : 4352 x 1024 x 4352
Process grid   : 1 x 2  (world=2)
Frags per rank : 2
Repeats        : 1
Samples        : 20
Threshold      : (per-fragment, formula)
GPUs visible   : 2


========== EXPERIMENT METRICS (global) ==========
Mode              : BASELINE
M x K x N         : 4352 x 1024 x 4352
Process grid      : 1 x 2
Frags per rank    : 2
Total fragments   : 4
Repeats           : 1
Threshold used    : 38.4874
--- Timing (worst rank) ---
Baseline   min/med/max : 3.8164 / 3.8916 / 3.9650  ms
Baseline   GFLOPS (med): 9967.2793  (min 9782.7615, max 10163.6962)
Protected  min/med/max : 3.8164 / 3.8916 / 3.9650  ms
Protected  GFLOPS (med): 9967.2793  (min 9782.7615, max 10163.6962)
Overhead (median)      : 0.0000 %
--- Confusion Matrix (global) ---
TP / TN / FP / FN     : 0 / 80 / 0 / 0
Recall                : 0.0000
Detection precision   : 0.0000
Correction precision  : 0.0000 %
==================================================

--- ns 4352x1024x4352 F=4 ---
=== ABFT GEMM (cuBLAS, online pipelined) ===
Mode           : baseline  (inject=none)
M x K x N      : 4352 x 1024 x 4352
Process grid   : 1 x 2  (world=2)
Frags per rank : 4
Repeats        : 1
Samples        : 20
Threshold      : (per-fragment, formula)
GPUs visible   : 2


========== EXPERIMENT METRICS (global) ==========
Mode              : BASELINE
M x K x N         : 4352 x 1024 x 4352
Process grid      : 1 x 2
Frags per rank    : 4
Total fragments   : 8
Repeats           : 1
Threshold used    : 19.8092
--- Timing (worst rank) ---
Baseline   min/med/max : 4.4915 / 4.5052 / 4.5273  ms
Baseline   GFLOPS (med): 8609.8116  (min 8567.7980, max 8636.0887)
Protected  min/med/max : 4.4915 / 4.5052 / 4.5273  ms
Protected  GFLOPS (med): 8609.8116  (min 8567.7980, max 8636.0887)
Overhead (median)      : 0.0000 %
--- Confusion Matrix (global) ---
TP / TN / FP / FN     : 0 / 160 / 0 / 0
Recall                : 0.0000
Detection precision   : 0.0000
Correction precision  : 0.0000 %
==================================================

--- ns 4352x1024x4352 F=8 ---
=== ABFT GEMM (cuBLAS, online pipelined) ===
Mode           : baseline  (inject=none)
M x K x N      : 4352 x 1024 x 4352
Process grid   : 1 x 2  (world=2)
Frags per rank : 8
Repeats        : 1
Samples        : 20
Threshold      : (per-fragment, formula)
GPUs visible   : 2


========== EXPERIMENT METRICS (global) ==========
Mode              : BASELINE
M x K x N         : 4352 x 1024 x 4352
Process grid      : 1 x 2
Frags per rank    : 8
Total fragments   : 16
Repeats           : 1
Threshold used    : 10.0780
--- Timing (worst rank) ---
Baseline   min/med/max : 6.0425 / 6.0576 / 6.0684  ms
Baseline   GFLOPS (med): 6403.3854  (min 6391.9965, max 6419.3608)
Protected  min/med/max : 6.0425 / 6.0576 / 6.0684  ms
Protected  GFLOPS (med): 6403.3854  (min 6391.9965, max 6419.3608)
Overhead (median)      : 0.0000 %
--- Confusion Matrix (global) ---
TP / TN / FP / FN     : 0 / 320 / 0 / 0
Recall                : 0.0000
Detection precision   : 0.0000
Correction precision  : 0.0000 %
==================================================

--- ns 4352x1024x4352 F=16 ---
=== ABFT GEMM (cuBLAS, online pipelined) ===
Mode           : baseline  (inject=none)
M x K x N      : 4352 x 1024 x 4352
Process grid   : 1 x 2  (world=2)
Frags per rank : 16
Repeats        : 1
Samples        : 20
Threshold      : (per-fragment, formula)
GPUs visible   : 2


========== EXPERIMENT METRICS (global) ==========
Mode              : BASELINE
M x K x N         : 4352 x 1024 x 4352
Process grid      : 1 x 2
Frags per rank    : 16
Total fragments   : 32
Repeats           : 1
Threshold used    : 5.1854
--- Timing (worst rank) ---
Baseline   min/med/max : 7.6506 / 7.8275 / 8.1610  ms
Baseline   GFLOPS (med): 4955.4544  (min 4752.9347, max 5070.0671)
Protected  min/med/max : 7.6506 / 7.8275 / 8.1610  ms
Protected  GFLOPS (med): 4955.4544  (min 4752.9347, max 5070.0671)
Overhead (median)      : 0.0000 %
--- Confusion Matrix (global) ---
TP / TN / FP / FN     : 0 / 640 / 0 / 0
Recall                : 0.0000
Detection precision   : 0.0000
Correction precision  : 0.0000 %
==================================================

--- ns 4352x1024x4352 F=32 ---
=== ABFT GEMM (cuBLAS, online pipelined) ===
Mode           : baseline  (inject=none)
M x K x N      : 4352 x 1024 x 4352
Process grid   : 1 x 2  (world=2)
Frags per rank : 32
Repeats        : 1
Samples        : 20
Threshold      : (per-fragment, formula)
GPUs visible   : 2


========== EXPERIMENT METRICS (global) ==========
Mode              : BASELINE
M x K x N         : 4352 x 1024 x 4352
Process grid      : 1 x 2
Frags per rank    : 32
Total fragments   : 64
Repeats           : 1
Threshold used    : 2.7550
--- Timing (worst rank) ---
Baseline   min/med/max : 6.5212 / 6.5370 / 6.5522  ms
Baseline   GFLOPS (med): 5933.7763  (min 5919.9855, max 5948.0819)
Protected  min/med/max : 6.5212 / 6.5370 / 6.5522  ms
Protected  GFLOPS (med): 5933.7763  (min 5919.9855, max 5948.0819)
Overhead (median)      : 0.0000 %
--- Confusion Matrix (global) ---
TP / TN / FP / FN     : 0 / 1280 / 0 / 0
Recall                : 0.0000
Detection precision   : 0.0000
Correction precision  : 0.0000 %
==================================================

--- ns 4608x1024x4608 F=1 ---
=== ABFT GEMM (cuBLAS, online pipelined) ===
Mode           : baseline  (inject=none)
M x K x N      : 4608 x 1024 x 4608
Process grid   : 1 x 2  (world=2)
Frags per rank : 1
Repeats        : 1
Samples        : 20
Threshold      : (per-fragment, formula)
GPUs visible   : 2


========== EXPERIMENT METRICS (global) ==========
Mode              : BASELINE
M x K x N         : 4608 x 1024 x 4608
Process grid      : 1 x 2
Frags per rank    : 1
Total fragments   : 2
Repeats           : 1
Threshold used    : 79.8842
--- Timing (worst rank) ---
Baseline   min/med/max : 4.0215 / 4.0306 / 4.0466  ms
Baseline   GFLOPS (med): 10789.1823  (min 10746.4957, max 10813.4703)
Protected  min/med/max : 4.0215 / 4.0306 / 4.0466  ms
Protected  GFLOPS (med): 10789.1823  (min 10746.4957, max 10813.4703)
Overhead (median)      : 0.0000 %
--- Confusion Matrix (global) ---
TP / TN / FP / FN     : 0 / 40 / 0 / 0
Recall                : 0.0000
Detection precision   : 0.0000
Correction precision  : 0.0000 %
==================================================

--- ns 4608x1024x4608 F=2 ---
=== ABFT GEMM (cuBLAS, online pipelined) ===
Mode           : baseline  (inject=none)
M x K x N      : 4608 x 1024 x 4608
Process grid   : 1 x 2  (world=2)
Frags per rank : 2
Repeats        : 1
Samples        : 20
Threshold      : (per-fragment, formula)
GPUs visible   : 2


========== EXPERIMENT METRICS (global) ==========
Mode              : BASELINE
M x K x N         : 4608 x 1024 x 4608
Process grid      : 1 x 2
Frags per rank    : 2
Total fragments   : 4
Repeats           : 1
Threshold used    : 40.6888
--- Timing (worst rank) ---
Baseline   min/med/max : 3.9885 / 4.0001 / 4.0204  ms
Baseline   GFLOPS (med): 10871.4729  (min 10816.5204, max 10903.0258)
Protected  min/med/max : 3.9885 / 4.0001 / 4.0204  ms
Protected  GFLOPS (med): 10871.4729  (min 10816.5204, max 10903.0258)
Overhead (median)      : 0.0000 %
--- Confusion Matrix (global) ---
TP / TN / FP / FN     : 0 / 80 / 0 / 0
Recall                : 0.0000
Detection precision   : 0.0000
Correction precision  : 0.0000 %
==================================================

--- ns 4608x1024x4608 F=4 ---
=== ABFT GEMM (cuBLAS, online pipelined) ===
Mode           : baseline  (inject=none)
M x K x N      : 4608 x 1024 x 4608
Process grid   : 1 x 2  (world=2)
Frags per rank : 4
Repeats        : 1
Samples        : 20
Threshold      : (per-fragment, formula)
GPUs visible   : 2


========== EXPERIMENT METRICS (global) ==========
Mode              : BASELINE
M x K x N         : 4608 x 1024 x 4608
Process grid      : 1 x 2
Frags per rank    : 4
Total fragments   : 8
Repeats           : 1
Threshold used    : 20.8094
--- Timing (worst rank) ---
Baseline   min/med/max : 4.5402 / 4.5538 / 4.5802  ms
Baseline   GFLOPS (med): 9549.5235  (min 9494.5552, max 9578.2027)
Protected  min/med/max : 4.5402 / 4.5538 / 4.5802  ms
Protected  GFLOPS (med): 9549.5235  (min 9494.5552, max 9578.2027)
Overhead (median)      : 0.0000 %
--- Confusion Matrix (global) ---
TP / TN / FP / FN     : 0 / 160 / 0 / 0
Recall                : 0.0000
Detection precision   : 0.0000
Correction precision  : 0.0000 %
==================================================

--- ns 4608x1024x4608 F=8 ---
=== ABFT GEMM (cuBLAS, online pipelined) ===
Mode           : baseline  (inject=none)
M x K x N      : 4608 x 1024 x 4608
Process grid   : 1 x 2  (world=2)
Frags per rank : 8
Repeats        : 1
Samples        : 20
Threshold      : (per-fragment, formula)
GPUs visible   : 2


========== EXPERIMENT METRICS (global) ==========
Mode              : BASELINE
M x K x N         : 4608 x 1024 x 4608
Process grid      : 1 x 2
Frags per rank    : 8
Total fragments   : 16
Repeats           : 1
Threshold used    : 10.6594
--- Timing (worst rank) ---
Baseline   min/med/max : 6.0506 / 6.0723 / 6.1525  ms
Baseline   GFLOPS (med): 7161.4546  (min 7068.1038, max 7187.1231)
Protected  min/med/max : 6.0506 / 6.0723 / 6.1525  ms
Protected  GFLOPS (med): 7161.4546  (min 7068.1038, max 7187.1231)
Overhead (median)      : 0.0000 %
--- Confusion Matrix (global) ---
TP / TN / FP / FN     : 0 / 320 / 0 / 0
Recall                : 0.0000
Detection precision   : 0.0000
Correction precision  : 0.0000 %
==================================================

--- ns 4608x1024x4608 F=16 ---
=== ABFT GEMM (cuBLAS, online pipelined) ===
Mode           : baseline  (inject=none)
M x K x N      : 4608 x 1024 x 4608
Process grid   : 1 x 2  (world=2)
Frags per rank : 16
Repeats        : 1
Samples        : 20
Threshold      : (per-fragment, formula)
GPUs visible   : 2


========== EXPERIMENT METRICS (global) ==========
Mode              : BASELINE
M x K x N         : 4608 x 1024 x 4608
Process grid      : 1 x 2
Frags per rank    : 16
Total fragments   : 32
Repeats           : 1
Threshold used    : 5.4718
--- Timing (worst rank) ---
Baseline   min/med/max : 8.3319 / 8.5972 / 8.8597  ms
Baseline   GFLOPS (med): 5058.2158  (min 4908.3385, max 5219.2886)
Protected  min/med/max : 8.3319 / 8.5972 / 8.8597  ms
Protected  GFLOPS (med): 5058.2158  (min 4908.3385, max 5219.2886)
Overhead (median)      : 0.0000 %
--- Confusion Matrix (global) ---
TP / TN / FP / FN     : 0 / 640 / 0 / 0
Recall                : 0.0000
Detection precision   : 0.0000
Correction precision  : 0.0000 %
==================================================

--- ns 4608x1024x4608 F=32 ---
=== ABFT GEMM (cuBLAS, online pipelined) ===
Mode           : baseline  (inject=none)
M x K x N      : 4608 x 1024 x 4608
Process grid   : 1 x 2  (world=2)
Frags per rank : 32
Repeats        : 1
Samples        : 20
Threshold      : (per-fragment, formula)
GPUs visible   : 2


========== EXPERIMENT METRICS (global) ==========
Mode              : BASELINE
M x K x N         : 4608 x 1024 x 4608
Process grid      : 1 x 2
Frags per rank    : 32
Total fragments   : 64
Repeats           : 1
Threshold used    : 2.8488
--- Timing (worst rank) ---
Baseline   min/med/max : 6.7098 / 6.7209 / 6.7321  ms
Baseline   GFLOPS (med): 6470.3290  (min 6459.5597, max 6481.0260)
Protected  min/med/max : 6.7098 / 6.7209 / 6.7321  ms
Protected  GFLOPS (med): 6470.3290  (min 6459.5597, max 6481.0260)
Overhead (median)      : 0.0000 %
--- Confusion Matrix (global) ---
TP / TN / FP / FN     : 0 / 1280 / 0 / 0
Recall                : 0.0000
Detection precision   : 0.0000
Correction precision  : 0.0000 %
==================================================

--- ns 4864x1024x4864 F=1 ---
=== ABFT GEMM (cuBLAS, online pipelined) ===
Mode           : baseline  (inject=none)
M x K x N      : 4864 x 1024 x 4864
Process grid   : 1 x 2  (world=2)
Frags per rank : 1
Repeats        : 1
Samples        : 20
Threshold      : (per-fragment, formula)
GPUs visible   : 2


========== EXPERIMENT METRICS (global) ==========
Mode              : BASELINE
M x K x N         : 4864 x 1024 x 4864
Process grid      : 1 x 2
Frags per rank    : 1
Total fragments   : 2
Repeats           : 1
Threshold used    : 83.9442
--- Timing (worst rank) ---
Baseline   min/med/max : 4.4986 / 4.5050 / 4.5199  ms
Baseline   GFLOPS (med): 10755.1938  (min 10719.9551, max 10770.6336)
Protected  min/med/max : 4.4986 / 4.5050 / 4.5199  ms
Protected  GFLOPS (med): 10755.1938  (min 10719.9551, max 10770.6336)
Overhead (median)      : 0.0000 %
--- Confusion Matrix (global) ---
TP / TN / FP / FN     : 0 / 40 / 0 / 0
Recall                : 0.0000
Detection precision   : 0.0000
Correction precision  : 0.0000 %
==================================================

--- ns 4864x1024x4864 F=2 ---
=== ABFT GEMM (cuBLAS, online pipelined) ===
Mode           : baseline  (inject=none)
M x K x N      : 4864 x 1024 x 4864
Process grid   : 1 x 2  (world=2)
Frags per rank : 2
Repeats        : 1
Samples        : 20
Threshold      : (per-fragment, formula)
GPUs visible   : 2


========== EXPERIMENT METRICS (global) ==========
Mode              : BASELINE
M x K x N         : 4864 x 1024 x 4864
Process grid      : 1 x 2
Frags per rank    : 2
Total fragments   : 4
Repeats           : 1
Threshold used    : 42.6905
--- Timing (worst rank) ---
Baseline   min/med/max : 4.5834 / 4.5952 / 4.6164  ms
Baseline   GFLOPS (med): 10544.2912  (min 10495.8315, max 10571.2280)
Protected  min/med/max : 4.5834 / 4.5952 / 4.6164  ms
Protected  GFLOPS (med): 10544.2912  (min 10495.8315, max 10571.2280)
Overhead (median)      : 0.0000 %
--- Confusion Matrix (global) ---
TP / TN / FP / FN     : 0 / 80 / 0 / 0
Recall                : 0.0000
Detection precision   : 0.0000
Correction precision  : 0.0000 %
==================================================

--- ns 4864x1024x4864 F=4 ---
=== ABFT GEMM (cuBLAS, online pipelined) ===
Mode           : baseline  (inject=none)
M x K x N      : 4864 x 1024 x 4864
Process grid   : 1 x 2  (world=2)
Frags per rank : 4
Repeats        : 1
Samples        : 20
Threshold      : (per-fragment, formula)
GPUs visible   : 2


========== EXPERIMENT METRICS (global) ==========
Mode              : BASELINE
M x K x N         : 4864 x 1024 x 4864
Process grid      : 1 x 2
Frags per rank    : 4
Total fragments   : 8
Repeats           : 1
Threshold used    : 21.8898
--- Timing (worst rank) ---
Baseline   min/med/max : 4.5960 / 4.6222 / 4.6577  ms
Baseline   GFLOPS (med): 10482.4956  (min 10402.5785, max 10542.4512)
Protected  min/med/max : 4.5960 / 4.6222 / 4.6577  ms
Protected  GFLOPS (med): 10482.4956  (min 10402.5785, max 10542.4512)
Overhead (median)      : 0.0000 %
--- Confusion Matrix (global) ---
TP / TN / FP / FN     : 0 / 160 / 0 / 0
Recall                : 0.0000
Detection precision   : 0.0000
Correction precision  : 0.0000 %
==================================================

--- ns 4864x1024x4864 F=8 ---
=== ABFT GEMM (cuBLAS, online pipelined) ===
Mode           : baseline  (inject=none)
M x K x N      : 4864 x 1024 x 4864
Process grid   : 1 x 2  (world=2)
Frags per rank : 8
Repeats        : 1
Samples        : 20
Threshold      : (per-fragment, formula)
GPUs visible   : 2


========== EXPERIMENT METRICS (global) ==========
Mode              : BASELINE
M x K x N         : 4864 x 1024 x 4864
Process grid      : 1 x 2
Frags per rank    : 8
Total fragments   : 16
Repeats           : 1
Threshold used    : 11.3691
--- Timing (worst rank) ---
Baseline   min/med/max : 6.0699 / 6.2475 / 6.4513  ms
Baseline   GFLOPS (med): 7755.4847  (min 7510.5079, max 7982.4852)
Protected  min/med/max : 6.0699 / 6.2475 / 6.4513  ms
Protected  GFLOPS (med): 7755.4847  (min 7510.5079, max 7982.4852)
Overhead (median)      : 0.0000 %
--- Confusion Matrix (global) ---
TP / TN / FP / FN     : 0 / 320 / 0 / 0
Recall                : 0.0000
Detection precision   : 0.0000
Correction precision  : 0.0000 %
==================================================

--- ns 4864x1024x4864 F=16 ---
=== ABFT GEMM (cuBLAS, online pipelined) ===
Mode           : baseline  (inject=none)
M x K x N      : 4864 x 1024 x 4864
Process grid   : 1 x 2  (world=2)
Frags per rank : 16
Repeats        : 1
Samples        : 20
Threshold      : (per-fragment, formula)
GPUs visible   : 2


========== EXPERIMENT METRICS (global) ==========
Mode              : BASELINE
M x K x N         : 4864 x 1024 x 4864
Process grid      : 1 x 2
Frags per rank    : 16
Total fragments   : 32
Repeats           : 1
Threshold used    : 6.1346
--- Timing (worst rank) ---
Baseline   min/med/max : 8.9874 / 9.0100 / 9.0367  ms
Baseline   GFLOPS (med): 5377.6733  (min 5361.7380, max 5391.1770)
Protected  min/med/max : 8.9874 / 9.0100 / 9.0367  ms
Protected  GFLOPS (med): 5377.6733  (min 5361.7380, max 5391.1770)
Overhead (median)      : 0.0000 %
--- Confusion Matrix (global) ---
TP / TN / FP / FN     : 0 / 640 / 0 / 0
Recall                : 0.0000
Detection precision   : 0.0000
Correction precision  : 0.0000 %
==================================================

--- ns 4864x1024x4864 F=32 ---
=== ABFT GEMM (cuBLAS, online pipelined) ===
Mode           : baseline  (inject=none)
M x K x N      : 4864 x 1024 x 4864
Process grid   : 1 x 2  (world=2)
Frags per rank : 32
Repeats        : 1
Samples        : 20
Threshold      : (per-fragment, formula)
GPUs visible   : 2


========== EXPERIMENT METRICS (global) ==========
Mode              : BASELINE
M x K x N         : 4864 x 1024 x 4864
Process grid      : 1 x 2
Frags per rank    : 32
Total fragments   : 64
Repeats           : 1
Threshold used    : 3.1709
--- Timing (worst rank) ---
Baseline   min/med/max : 7.4500 / 7.4588 / 7.4637  ms
Baseline   GFLOPS (med): 6496.0724  (min 6491.7424, max 6503.6820)
Protected  min/med/max : 7.4500 / 7.4588 / 7.4637  ms
Protected  GFLOPS (med): 6496.0724  (min 6491.7424, max 6503.6820)
Overhead (median)      : 0.0000 %
--- Confusion Matrix (global) ---
TP / TN / FP / FN     : 0 / 1280 / 0 / 0
Recall                : 0.0000
Detection precision   : 0.0000
Correction precision  : 0.0000 %
==================================================

--- ns 5120x1024x5120 F=1 ---
=== ABFT GEMM (cuBLAS, online pipelined) ===
Mode           : baseline  (inject=none)
M x K x N      : 5120 x 1024 x 5120
Process grid   : 1 x 2  (world=2)
Frags per rank : 1
Repeats        : 1
Samples        : 20
Threshold      : (per-fragment, formula)
GPUs visible   : 2


========== EXPERIMENT METRICS (global) ==========
Mode              : BASELINE
M x K x N         : 5120 x 1024 x 5120
Process grid      : 1 x 2
Frags per rank    : 1
Total fragments   : 2
Repeats           : 1
Threshold used    : 88.9867
--- Timing (worst rank) ---
Baseline   min/med/max : 4.9066 / 4.9126 / 4.9363  ms
Baseline   GFLOPS (med): 10928.4408  (min 10876.0113, max 10941.7020)
Protected  min/med/max : 4.9066 / 4.9126 / 4.9363  ms
Protected  GFLOPS (med): 10928.4408  (min 10876.0113, max 10941.7020)
Overhead (median)      : 0.0000 %
--- Confusion Matrix (global) ---
TP / TN / FP / FN     : 0 / 40 / 0 / 0
Recall                : 0.0000
Detection precision   : 0.0000
Correction precision  : 0.0000 %
==================================================

--- ns 5120x1024x5120 F=2 ---
=== ABFT GEMM (cuBLAS, online pipelined) ===
Mode           : baseline  (inject=none)
M x K x N      : 5120 x 1024 x 5120
Process grid   : 1 x 2  (world=2)
Frags per rank : 2
Repeats        : 1
Samples        : 20
Threshold      : (per-fragment, formula)
GPUs visible   : 2


========== EXPERIMENT METRICS (global) ==========
Mode              : BASELINE
M x K x N         : 5120 x 1024 x 5120
Process grid      : 1 x 2
Frags per rank    : 2
Total fragments   : 4
Repeats           : 1
Threshold used    : 45.1717
--- Timing (worst rank) ---
Baseline   min/med/max : 4.9751 / 5.0436 / 5.1086  ms
Baseline   GFLOPS (med): 10644.5741  (min 10509.1120, max 10791.1018)
Protected  min/med/max : 4.9751 / 5.0436 / 5.1086  ms
Protected  GFLOPS (med): 10644.5741  (min 10509.1120, max 10791.1018)
Overhead (median)      : 0.0000 %
--- Confusion Matrix (global) ---
TP / TN / FP / FN     : 0 / 80 / 0 / 0
Recall                : 0.0000
Detection precision   : 0.0000
Correction precision  : 0.0000 %
==================================================

--- ns 5120x1024x5120 F=4 ---
=== ABFT GEMM (cuBLAS, online pipelined) ===
Mode           : baseline  (inject=none)
M x K x N      : 5120 x 1024 x 5120
Process grid   : 1 x 2  (world=2)
Frags per rank : 4
Repeats        : 1
Samples        : 20
Threshold      : (per-fragment, formula)
GPUs visible   : 2


========== EXPERIMENT METRICS (global) ==========
Mode              : BASELINE
M x K x N         : 5120 x 1024 x 5120
Process grid      : 1 x 2
Frags per rank    : 4
Total fragments   : 8
Repeats           : 1
Threshold used    : 22.9380
--- Timing (worst rank) ---
Baseline   min/med/max : 5.3189 / 5.3359 / 5.3953  ms
Baseline   GFLOPS (med): 10061.4272  (min 9950.7221, max 10093.6038)
Protected  min/med/max : 5.3189 / 5.3359 / 5.3953  ms
Protected  GFLOPS (med): 10061.4272  (min 9950.7221, max 10093.6038)
Overhead (median)      : 0.0000 %
--- Confusion Matrix (global) ---
TP / TN / FP / FN     : 0 / 160 / 0 / 0
Recall                : 0.0000
Detection precision   : 0.0000
Correction precision  : 0.0000 %
==================================================

--- ns 5120x1024x5120 F=8 ---
=== ABFT GEMM (cuBLAS, online pipelined) ===
Mode           : baseline  (inject=none)
M x K x N      : 5120 x 1024 x 5120
Process grid   : 1 x 2  (world=2)
Frags per rank : 8
Repeats        : 1
Samples        : 20
Threshold      : (per-fragment, formula)
GPUs visible   : 2


========== EXPERIMENT METRICS (global) ==========
Mode              : BASELINE
M x K x N         : 5120 x 1024 x 5120
Process grid      : 1 x 2
Frags per rank    : 8
Total fragments   : 16
Repeats           : 1
Threshold used    : 11.6964
--- Timing (worst rank) ---
Baseline   min/med/max : 6.4829 / 6.6492 / 6.7439  ms
Baseline   GFLOPS (med): 8074.1951  (min 7960.8940, max 8281.3860)
Protected  min/med/max : 6.4829 / 6.6492 / 6.7439  ms
Protected  GFLOPS (med): 8074.1951  (min 7960.8940, max 8281.3860)
Overhead (median)      : 0.0000 %
--- Confusion Matrix (global) ---
TP / TN / FP / FN     : 0 / 320 / 0 / 0
Recall                : 0.0000
Detection precision   : 0.0000
Correction precision  : 0.0000 %
==================================================

--- ns 5120x1024x5120 F=16 ---
=== ABFT GEMM (cuBLAS, online pipelined) ===
Mode           : baseline  (inject=none)
M x K x N      : 5120 x 1024 x 5120
Process grid   : 1 x 2  (world=2)
Frags per rank : 16
Repeats        : 1
Samples        : 20
Threshold      : (per-fragment, formula)
GPUs visible   : 2


========== EXPERIMENT METRICS (global) ==========
Mode              : BASELINE
M x K x N         : 5120 x 1024 x 5120
Process grid      : 1 x 2
Frags per rank    : 16
Total fragments   : 32
Repeats           : 1
Threshold used    : 6.3907
--- Timing (worst rank) ---
Baseline   min/med/max : 9.0329 / 9.0613 / 9.0877  ms
Baseline   GFLOPS (med): 5924.8911  (min 5907.6687, max 5943.5365)
Protected  min/med/max : 9.0329 / 9.0613 / 9.0877  ms
Protected  GFLOPS (med): 5924.8911  (min 5907.6687, max 5943.5365)
Overhead (median)      : 0.0000 %
--- Confusion Matrix (global) ---
TP / TN / FP / FN     : 0 / 640 / 0 / 0
Recall                : 0.0000
Detection precision   : 0.0000
Correction precision  : 0.0000 %
==================================================

--- ns 5120x1024x5120 F=32 ---
=== ABFT GEMM (cuBLAS, online pipelined) ===
Mode           : baseline  (inject=none)
M x K x N      : 5120 x 1024 x 5120
Process grid   : 1 x 2  (world=2)
Frags per rank : 32
Repeats        : 1
Samples        : 20
Threshold      : (per-fragment, formula)
GPUs visible   : 2


========== EXPERIMENT METRICS (global) ==========
Mode              : BASELINE
M x K x N         : 5120 x 1024 x 5120
Process grid      : 1 x 2
Frags per rank    : 32
Total fragments   : 64
Repeats           : 1
Threshold used    : 3.3254
--- Timing (worst rank) ---
Baseline   min/med/max : 7.5401 / 7.5503 / 7.5734  ms
Baseline   GFLOPS (med): 7110.6253  (min 7088.9236, max 7120.2491)
Protected  min/med/max : 7.5401 / 7.5503 / 7.5734  ms
Protected  GFLOPS (med): 7110.6253  (min 7088.9236, max 7120.2491)
Overhead (median)      : 0.0000 %
--- Confusion Matrix (global) ---
TP / TN / FP / FN     : 0 / 1280 / 0 / 0
Recall                : 0.0000
Detection precision   : 0.0000
Correction precision  : 0.0000 %
==================================================

--- ns 5376x1024x5376 F=1 ---
=== ABFT GEMM (cuBLAS, online pipelined) ===
Mode           : baseline  (inject=none)
M x K x N      : 5376 x 1024 x 5376
Process grid   : 1 x 2  (world=2)
Frags per rank : 1
Repeats        : 1
Samples        : 20
Threshold      : (per-fragment, formula)
GPUs visible   : 2


========== EXPERIMENT METRICS (global) ==========
Mode              : BASELINE
M x K x N         : 5376 x 1024 x 5376
Process grid      : 1 x 2
Frags per rank    : 1
Total fragments   : 2
Repeats           : 1
Threshold used    : 92.4937
--- Timing (worst rank) ---
Baseline   min/med/max : 5.4605 / 5.4731 / 5.4848  ms
Baseline   GFLOPS (med): 10814.7014  (min 10791.6870, max 10839.6601)
Protected  min/med/max : 5.4605 / 5.4731 / 5.4848  ms
Protected  GFLOPS (med): 10814.7014  (min 10791.6870, max 10839.6601)
Overhead (median)      : 0.0000 %
--- Confusion Matrix (global) ---
TP / TN / FP / FN     : 0 / 40 / 0 / 0
Recall                : 0.0000
Detection precision   : 0.0000
Correction precision  : 0.0000 %
==================================================

--- ns 5376x1024x5376 F=2 ---
=== ABFT GEMM (cuBLAS, online pipelined) ===
Mode           : baseline  (inject=none)
M x K x N      : 5376 x 1024 x 5376
Process grid   : 1 x 2  (world=2)
Frags per rank : 2
Repeats        : 1
Samples        : 20
Threshold      : (per-fragment, formula)
GPUs visible   : 2


========== EXPERIMENT METRICS (global) ==========
Mode              : BASELINE
M x K x N         : 5376 x 1024 x 5376
Process grid      : 1 x 2
Frags per rank    : 2
Total fragments   : 4
Repeats           : 1
Threshold used    : 46.9453
--- Timing (worst rank) ---
Baseline   min/med/max : 5.6990 / 5.7121 / 5.7264  ms
Baseline   GFLOPS (med): 10362.2838  (min 10336.2986, max 10386.0540)
Protected  min/med/max : 5.6990 / 5.7121 / 5.7264  ms
Protected  GFLOPS (med): 10362.2838  (min 10336.2986, max 10386.0540)
Overhead (median)      : 0.0000 %
--- Confusion Matrix (global) ---
TP / TN / FP / FN     : 0 / 80 / 0 / 0
Recall                : 0.0000
Detection precision   : 0.0000
Correction precision  : 0.0000 %
==================================================

--- ns 5376x1024x5376 F=4 ---
=== ABFT GEMM (cuBLAS, online pipelined) ===
Mode           : baseline  (inject=none)
M x K x N      : 5376 x 1024 x 5376
Process grid   : 1 x 2  (world=2)
Frags per rank : 4
Repeats        : 1
Samples        : 20
Threshold      : (per-fragment, formula)
GPUs visible   : 2


========== EXPERIMENT METRICS (global) ==========
Mode              : BASELINE
M x K x N         : 5376 x 1024 x 5376
Process grid      : 1 x 2
Frags per rank    : 4
Total fragments   : 8
Repeats           : 1
Threshold used    : 24.2377
--- Timing (worst rank) ---
Baseline   min/med/max : 6.4395 / 6.4534 / 6.5254  ms
Baseline   GFLOPS (med): 9171.8695  (min 9070.6680, max 9191.7245)
Protected  min/med/max : 6.4395 / 6.4534 / 6.5254  ms
Protected  GFLOPS (med): 9171.8695  (min 9070.6680, max 9191.7245)
Overhead (median)      : 0.0000 %
--- Confusion Matrix (global) ---
TP / TN / FP / FN     : 0 / 160 / 0 / 0
Recall                : 0.0000
Detection precision   : 0.0000
Correction precision  : 0.0000 %
==================================================

--- ns 5376x1024x5376 F=8 ---
=== ABFT GEMM (cuBLAS, online pipelined) ===
Mode           : baseline  (inject=none)
M x K x N      : 5376 x 1024 x 5376
Process grid   : 1 x 2  (world=2)
Frags per rank : 8
Repeats        : 1
Samples        : 20
Threshold      : (per-fragment, formula)
GPUs visible   : 2


========== EXPERIMENT METRICS (global) ==========
Mode              : BASELINE
M x K x N         : 5376 x 1024 x 5376
Process grid      : 1 x 2
Frags per rank    : 8
Total fragments   : 16
Repeats           : 1
Threshold used    : 12.3105
--- Timing (worst rank) ---
Baseline   min/med/max : 6.7804 / 6.7931 / 6.8275  ms
Baseline   GFLOPS (med): 8713.2160  (min 8669.3253, max 8729.5195)
Protected  min/med/max : 6.7804 / 6.7931 / 6.8275  ms
Protected  GFLOPS (med): 8713.2160  (min 8669.3253, max 8729.5195)
Overhead (median)      : 0.0000 %
--- Confusion Matrix (global) ---
TP / TN / FP / FN     : 0 / 320 / 0 / 0
Recall                : 0.0000
Detection precision   : 0.0000
Correction precision  : 0.0000 %
==================================================

--- ns 5376x1024x5376 F=16 ---
=== ABFT GEMM (cuBLAS, online pipelined) ===
Mode           : baseline  (inject=none)
M x K x N      : 5376 x 1024 x 5376
Process grid   : 1 x 2  (world=2)
Frags per rank : 16
Repeats        : 1
Samples        : 20
Threshold      : (per-fragment, formula)
GPUs visible   : 2


========== EXPERIMENT METRICS (global) ==========
Mode              : BASELINE
M x K x N         : 5376 x 1024 x 5376
Process grid      : 1 x 2
Frags per rank    : 16
Total fragments   : 32
Repeats           : 1
Threshold used    : 6.2699
--- Timing (worst rank) ---
Baseline   min/med/max : 9.0994 / 9.1405 / 9.1896  ms
Baseline   GFLOPS (med): 6475.5947  (min 6440.9808, max 6504.8243)
Protected  min/med/max : 9.0994 / 9.1405 / 9.1896  ms
Protected  GFLOPS (med): 6475.5947  (min 6440.9808, max 6504.8243)
Overhead (median)      : 0.0000 %
--- Confusion Matrix (global) ---
TP / TN / FP / FN     : 0 / 640 / 0 / 0
Recall                : 0.0000
Detection precision   : 0.0000
Correction precision  : 0.0000 %
==================================================

--- ns 5376x1024x5376 F=32 ---
=== ABFT GEMM (cuBLAS, online pipelined) ===
Mode           : baseline  (inject=none)
M x K x N      : 5376 x 1024 x 5376
Process grid   : 1 x 2  (world=2)
Frags per rank : 32
Repeats        : 1
Samples        : 20
Threshold      : (per-fragment, formula)
GPUs visible   : 2


========== EXPERIMENT METRICS (global) ==========
Mode              : BASELINE
M x K x N         : 5376 x 1024 x 5376
Process grid      : 1 x 2
Frags per rank    : 32
Total fragments   : 64
Repeats           : 1
Threshold used    : 3.3421
--- Timing (worst rank) ---
Baseline   min/med/max : 7.9867 / 7.9970 / 8.0058  ms
Baseline   GFLOPS (med): 7401.5195  (min 7393.3791, max 7411.1186)
Protected  min/med/max : 7.9867 / 7.9970 / 8.0058  ms
Protected  GFLOPS (med): 7401.5195  (min 7393.3791, max 7411.1186)
Overhead (median)      : 0.0000 %
--- Confusion Matrix (global) ---
TP / TN / FP / FN     : 0 / 1280 / 0 / 0
Recall                : 0.0000
Detection precision   : 0.0000
Correction precision  : 0.0000 %
==================================================

--- ns 5632x1024x5632 F=1 ---
=== ABFT GEMM (cuBLAS, online pipelined) ===
Mode           : baseline  (inject=none)
M x K x N      : 5632 x 1024 x 5632
Process grid   : 1 x 2  (world=2)
Frags per rank : 1
Repeats        : 1
Samples        : 20
Threshold      : (per-fragment, formula)
GPUs visible   : 2


========== EXPERIMENT METRICS (global) ==========
Mode              : BASELINE
M x K x N         : 5632 x 1024 x 5632
Process grid      : 1 x 2
Frags per rank    : 1
Total fragments   : 2
Repeats           : 1
Threshold used    : 96.7934
--- Timing (worst rank) ---
Baseline   min/med/max : 5.9687 / 6.0090 / 6.0455  ms
Baseline   GFLOPS (med): 10810.6033  (min 10745.3823, max 10883.7370)
Protected  min/med/max : 5.9687 / 6.0090 / 6.0455  ms
Protected  GFLOPS (med): 10810.6033  (min 10745.3823, max 10883.7370)
Overhead (median)      : 0.0000 %
--- Confusion Matrix (global) ---
TP / TN / FP / FN     : 0 / 40 / 0 / 0
Recall                : 0.0000
Detection precision   : 0.0000
Correction precision  : 0.0000 %
==================================================

--- ns 5632x1024x5632 F=2 ---
=== ABFT GEMM (cuBLAS, online pipelined) ===
Mode           : baseline  (inject=none)
M x K x N      : 5632 x 1024 x 5632
Process grid   : 1 x 2  (world=2)
Frags per rank : 2
Repeats        : 1
Samples        : 20
Threshold      : (per-fragment, formula)
GPUs visible   : 2


========== EXPERIMENT METRICS (global) ==========
Mode              : BASELINE
M x K x N         : 5632 x 1024 x 5632
Process grid      : 1 x 2
Frags per rank    : 2
Total fragments   : 4
Repeats           : 1
Threshold used    : 48.9706
--- Timing (worst rank) ---
Baseline   min/med/max : 6.0889 / 6.0996 / 6.1186  ms
Baseline   GFLOPS (med): 10650.1155  (min 10617.0247, max 10668.8414)
Protected  min/med/max : 6.0889 / 6.0996 / 6.1186  ms
Protected  GFLOPS (med): 10650.1155  (min 10617.0247, max 10668.8414)
Overhead (median)      : 0.0000 %
--- Confusion Matrix (global) ---
TP / TN / FP / FN     : 0 / 80 / 0 / 0
Recall                : 0.0000
Detection precision   : 0.0000
Correction precision  : 0.0000 %
==================================================

--- ns 5632x1024x5632 F=4 ---
=== ABFT GEMM (cuBLAS, online pipelined) ===
Mode           : baseline  (inject=none)
M x K x N      : 5632 x 1024 x 5632
Process grid   : 1 x 2  (world=2)
Frags per rank : 4
Repeats        : 1
Samples        : 20
Threshold      : (per-fragment, formula)
GPUs visible   : 2


========== EXPERIMENT METRICS (global) ==========
Mode              : BASELINE
M x K x N         : 5632 x 1024 x 5632
Process grid      : 1 x 2
Frags per rank    : 4
Total fragments   : 8
Repeats           : 1
Threshold used    : 25.5671
--- Timing (worst rank) ---
Baseline   min/med/max : 6.6937 / 6.7713 / 6.7836  ms
Baseline   GFLOPS (med): 9593.6080  (min 9576.2666, max 9704.8307)
Protected  min/med/max : 6.6937 / 6.7713 / 6.7836  ms
Protected  GFLOPS (med): 9593.6080  (min 9576.2666, max 9704.8307)
Overhead (median)      : 0.0000 %
--- Confusion Matrix (global) ---
TP / TN / FP / FN     : 0 / 160 / 0 / 0
Recall                : 0.0000
Detection precision   : 0.0000
Correction precision  : 0.0000 %
==================================================

--- ns 5632x1024x5632 F=8 ---
=== ABFT GEMM (cuBLAS, online pipelined) ===
Mode           : baseline  (inject=none)
M x K x N      : 5632 x 1024 x 5632
Process grid   : 1 x 2  (world=2)
Frags per rank : 8
Repeats        : 1
Samples        : 20
Threshold      : (per-fragment, formula)
GPUs visible   : 2


========== EXPERIMENT METRICS (global) ==========
Mode              : BASELINE
M x K x N         : 5632 x 1024 x 5632
Process grid      : 1 x 2
Frags per rank    : 8
Total fragments   : 16
Repeats           : 1
Threshold used    : 12.9269
--- Timing (worst rank) ---
Baseline   min/med/max : 6.8312 / 6.8633 / 6.8821  ms
Baseline   GFLOPS (med): 9465.0813  (min 9439.2238, max 9509.4524)
Protected  min/med/max : 6.8312 / 6.8633 / 6.8821  ms
Protected  GFLOPS (med): 9465.0813  (min 9439.2238, max 9509.4524)
Overhead (median)      : 0.0000 %
--- Confusion Matrix (global) ---
TP / TN / FP / FN     : 0 / 320 / 0 / 0
Recall                : 0.0000
Detection precision   : 0.0000
Correction precision  : 0.0000 %
==================================================

--- ns 5632x1024x5632 F=16 ---
=== ABFT GEMM (cuBLAS, online pipelined) ===
Mode           : baseline  (inject=none)
M x K x N      : 5632 x 1024 x 5632
Process grid   : 1 x 2  (world=2)
Frags per rank : 16
Repeats        : 1
Samples        : 20
Threshold      : (per-fragment, formula)
GPUs visible   : 2


========== EXPERIMENT METRICS (global) ==========
Mode              : BASELINE
M x K x N         : 5632 x 1024 x 5632
Process grid      : 1 x 2
Frags per rank    : 16
Total fragments   : 32
Repeats           : 1
Threshold used    : 6.5980
--- Timing (worst rank) ---
Baseline   min/med/max : 9.1503 / 9.1901 / 9.2595  ms
Baseline   GFLOPS (med): 7068.6384  (min 7015.6247, max 7099.3941)
Protected  min/med/max : 9.1503 / 9.1901 / 9.2595  ms
Protected  GFLOPS (med): 7068.6384  (min 7015.6247, max 7099.3941)
Overhead (median)      : 0.0000 %
--- Confusion Matrix (global) ---
TP / TN / FP / FN     : 0 / 640 / 0 / 0
Recall                : 0.0000
Detection precision   : 0.0000
Correction precision  : 0.0000 %
==================================================

--- ns 5632x1024x5632 F=32 ---
=== ABFT GEMM (cuBLAS, online pipelined) ===
Mode           : baseline  (inject=none)
M x K x N      : 5632 x 1024 x 5632
Process grid   : 1 x 2  (world=2)
Frags per rank : 32
Repeats        : 1
Samples        : 20
Threshold      : (per-fragment, formula)
GPUs visible   : 2


========== EXPERIMENT METRICS (global) ==========
Mode              : BASELINE
M x K x N         : 5632 x 1024 x 5632
Process grid      : 1 x 2
Frags per rank    : 32
Total fragments   : 64
Repeats           : 1
Threshold used    : 3.4872
--- Timing (worst rank) ---
Baseline   min/med/max : 8.5930 / 8.6611 / 9.1544  ms
Baseline   GFLOPS (med): 7500.3848  (min 7096.1610, max 7559.7855)
Protected  min/med/max : 8.5930 / 8.6611 / 9.1544  ms
Protected  GFLOPS (med): 7500.3848  (min 7096.1610, max 7559.7855)
Overhead (median)      : 0.0000 %
--- Confusion Matrix (global) ---
TP / TN / FP / FN     : 0 / 1280 / 0 / 0
Recall                : 0.0000
Detection precision   : 0.0000
Correction precision  : 0.0000 %
==================================================

--- ns 5888x1024x5888 F=1 ---
=== ABFT GEMM (cuBLAS, online pipelined) ===
Mode           : baseline  (inject=none)
M x K x N      : 5888 x 1024 x 5888
Process grid   : 1 x 2  (world=2)
Frags per rank : 1
Repeats        : 1
Samples        : 20
Threshold      : (per-fragment, formula)
GPUs visible   : 2


========== EXPERIMENT METRICS (global) ==========
Mode              : BASELINE
M x K x N         : 5888 x 1024 x 5888
Process grid      : 1 x 2
Frags per rank    : 1
Total fragments   : 2
Repeats           : 1
Threshold used    : 100.9152
--- Timing (worst rank) ---
Baseline   min/med/max : 6.5845 / 6.5989 / 6.6303  ms
Baseline   GFLOPS (med): 10759.5573  (min 10708.5194, max 10783.0913)
Protected  min/med/max : 6.5845 / 6.5989 / 6.6303  ms
Protected  GFLOPS (med): 10759.5573  (min 10708.5194, max 10783.0913)
Overhead (median)      : 0.0000 %
--- Confusion Matrix (global) ---
TP / TN / FP / FN     : 0 / 40 / 0 / 0
Recall                : 0.0000
Detection precision   : 0.0000
Correction precision  : 0.0000 %
==================================================

--- ns 5888x1024x5888 F=2 ---
=== ABFT GEMM (cuBLAS, online pipelined) ===
Mode           : baseline  (inject=none)
M x K x N      : 5888 x 1024 x 5888
Process grid   : 1 x 2  (world=2)
Frags per rank : 2
Repeats        : 1
Samples        : 20
Threshold      : (per-fragment, formula)
GPUs visible   : 2


========== EXPERIMENT METRICS (global) ==========
Mode              : BASELINE
M x K x N         : 5888 x 1024 x 5888
Process grid      : 1 x 2
Frags per rank    : 2
Total fragments   : 4
Repeats           : 1
Threshold used    : 51.3678
--- Timing (worst rank) ---
Baseline   min/med/max : 6.8366 / 6.8494 / 6.8710  ms
Baseline   GFLOPS (med): 10366.0556  (min 10333.5194, max 10385.3771)
Protected  min/med/max : 6.8366 / 6.8494 / 6.8710  ms
Protected  GFLOPS (med): 10366.0556  (min 10333.5194, max 10385.3771)
Overhead (median)      : 0.0000 %
--- Confusion Matrix (global) ---
TP / TN / FP / FN     : 0 / 80 / 0 / 0
Recall                : 0.0000
Detection precision   : 0.0000
Correction precision  : 0.0000 %
==================================================

--- ns 5888x1024x5888 F=4 ---
=== ABFT GEMM (cuBLAS, online pipelined) ===
Mode           : baseline  (inject=none)
M x K x N      : 5888 x 1024 x 5888
Process grid   : 1 x 2  (world=2)
Frags per rank : 4
Repeats        : 1
Samples        : 20
Threshold      : (per-fragment, formula)
GPUs visible   : 2


========== EXPERIMENT METRICS (global) ==========
Mode              : BASELINE
M x K x N         : 5888 x 1024 x 5888
Process grid      : 1 x 2
Frags per rank    : 4
Total fragments   : 8
Repeats           : 1
Threshold used    : 26.1510
--- Timing (worst rank) ---
Baseline   min/med/max : 6.8254 / 6.8346 / 6.8620  ms
Baseline   GFLOPS (med): 10388.4694  (min 10346.9551, max 10402.4873)
Protected  min/med/max : 6.8254 / 6.8346 / 6.8620  ms
Protected  GFLOPS (med): 10388.4694  (min 10346.9551, max 10402.4873)
Overhead (median)      : 0.0000 %
--- Confusion Matrix (global) ---
TP / TN / FP / FN     : 0 / 160 / 0 / 0
Recall                : 0.0000
Detection precision   : 0.0000
Correction precision  : 0.0000 %
==================================================

--- ns 5888x1024x5888 F=8 ---
=== ABFT GEMM (cuBLAS, online pipelined) ===
Mode           : baseline  (inject=none)
M x K x N      : 5888 x 1024 x 5888
Process grid   : 1 x 2  (world=2)
Frags per rank : 8
Repeats        : 1
Samples        : 20
Threshold      : (per-fragment, formula)
GPUs visible   : 2


========== EXPERIMENT METRICS (global) ==========
Mode              : BASELINE
M x K x N         : 5888 x 1024 x 5888
Process grid      : 1 x 2
Frags per rank    : 8
Total fragments   : 16
Repeats           : 1
Threshold used    : 13.4861
--- Timing (worst rank) ---
Baseline   min/med/max : 6.8728 / 6.9051 / 6.9417  ms
Baseline   GFLOPS (med): 10282.3573  (min 10228.2546, max 10330.7755)
Protected  min/med/max : 6.8728 / 6.9051 / 6.9417  ms
Protected  GFLOPS (med): 10282.3573  (min 10228.2546, max 10330.7755)
Overhead (median)      : 0.0000 %
--- Confusion Matrix (global) ---
TP / TN / FP / FN     : 0 / 320 / 0 / 0
Recall                : 0.0000
Detection precision   : 0.0000
Correction precision  : 0.0000 %
==================================================

--- ns 5888x1024x5888 F=16 ---
=== ABFT GEMM (cuBLAS, online pipelined) ===
Mode           : baseline  (inject=none)
M x K x N      : 5888 x 1024 x 5888
Process grid   : 1 x 2  (world=2)
Frags per rank : 16
Repeats        : 1
Samples        : 20
Threshold      : (per-fragment, formula)
GPUs visible   : 2


========== EXPERIMENT METRICS (global) ==========
Mode              : BASELINE
M x K x N         : 5888 x 1024 x 5888
Process grid      : 1 x 2
Frags per rank    : 16
Total fragments   : 32
Repeats           : 1
Threshold used    : 7.0035
--- Timing (worst rank) ---
Baseline   min/med/max : 9.2331 / 9.2883 / 9.9072  ms
Baseline   GFLOPS (med): 7644.1496  (min 7166.6480, max 7689.8326)
Protected  min/med/max : 9.2331 / 9.2883 / 9.9072  ms
Protected  GFLOPS (med): 7644.1496  (min 7166.6480, max 7689.8326)
Overhead (median)      : 0.0000 %
--- Confusion Matrix (global) ---
TP / TN / FP / FN     : 0 / 640 / 0 / 0
Recall                : 0.0000
Detection precision   : 0.0000
Correction precision  : 0.0000 %
==================================================

--- ns 5888x1024x5888 F=32 ---
=== ABFT GEMM (cuBLAS, online pipelined) ===
Mode           : baseline  (inject=none)
M x K x N      : 5888 x 1024 x 5888
Process grid   : 1 x 2  (world=2)
Frags per rank : 32
Repeats        : 1
Samples        : 20
Threshold      : (per-fragment, formula)
GPUs visible   : 2


========== EXPERIMENT METRICS (global) ==========
Mode              : BASELINE
M x K x N         : 5888 x 1024 x 5888
Process grid      : 1 x 2
Frags per rank    : 32
Total fragments   : 64
Repeats           : 1
Threshold used    : 3.6032
--- Timing (worst rank) ---
Baseline   min/med/max : 9.0672 / 9.0817 / 9.0908  ms
Baseline   GFLOPS (med): 7818.0734  (min 7810.1967, max 7830.5508)
Protected  min/med/max : 9.0672 / 9.0817 / 9.0908  ms
Protected  GFLOPS (med): 7818.0734  (min 7810.1967, max 7830.5508)
Overhead (median)      : 0.0000 %
--- Confusion Matrix (global) ---
TP / TN / FP / FN     : 0 / 1280 / 0 / 0
Recall                : 0.0000
Detection precision   : 0.0000
Correction precision  : 0.0000 %
==================================================

--- ns 6144x1024x6144 F=1 ---
=== ABFT GEMM (cuBLAS, online pipelined) ===
Mode           : baseline  (inject=none)
M x K x N      : 6144 x 1024 x 6144
Process grid   : 1 x 2  (world=2)
Frags per rank : 1
Repeats        : 1
Samples        : 20
Threshold      : (per-fragment, formula)
GPUs visible   : 2


========== EXPERIMENT METRICS (global) ==========
Mode              : BASELINE
M x K x N         : 6144 x 1024 x 6144
Process grid      : 1 x 2
Frags per rank    : 1
Total fragments   : 2
Repeats           : 1
Threshold used    : 105.7136
--- Timing (worst rank) ---
Baseline   min/med/max : 7.0077 / 7.2483 / 7.6178  ms
Baseline   GFLOPS (med): 10665.8989  (min 10148.4581, max 11032.0632)
Protected  min/med/max : 7.0077 / 7.2483 / 7.6178  ms
Protected  GFLOPS (med): 10665.8989  (min 10148.4581, max 11032.0632)
Overhead (median)      : 0.0000 %
--- Confusion Matrix (global) ---
TP / TN / FP / FN     : 0 / 40 / 0 / 0
Recall                : 0.0000
Detection precision   : 0.0000
Correction precision  : 0.0000 %
==================================================

--- ns 6144x1024x6144 F=2 ---
=== ABFT GEMM (cuBLAS, online pipelined) ===
Mode           : baseline  (inject=none)
M x K x N      : 6144 x 1024 x 6144
Process grid   : 1 x 2  (world=2)
Frags per rank : 2
Repeats        : 1
Samples        : 20
Threshold      : (per-fragment, formula)
GPUs visible   : 2


========== EXPERIMENT METRICS (global) ==========
Mode              : BASELINE
M x K x N         : 6144 x 1024 x 6144
Process grid      : 1 x 2
Frags per rank    : 2
Total fragments   : 4
Repeats           : 1
Threshold used    : 53.5015
--- Timing (worst rank) ---
Baseline   min/med/max : 6.9074 / 6.9306 / 7.3773  ms
Baseline   GFLOPS (med): 11154.8079  (min 10479.3383, max 11192.2463)
Protected  min/med/max : 6.9074 / 6.9306 / 7.3773  ms
Protected  GFLOPS (med): 11154.8079  (min 10479.3383, max 11192.2463)
Overhead (median)      : 0.0000 %
--- Confusion Matrix (global) ---
TP / TN / FP / FN     : 0 / 80 / 0 / 0
Recall                : 0.0000
Detection precision   : 0.0000
Correction precision  : 0.0000 %
==================================================

--- ns 6144x1024x6144 F=4 ---
=== ABFT GEMM (cuBLAS, online pipelined) ===
Mode           : baseline  (inject=none)
M x K x N      : 6144 x 1024 x 6144
Process grid   : 1 x 2  (world=2)
Frags per rank : 4
Repeats        : 1
Samples        : 20
Threshold      : (per-fragment, formula)
GPUs visible   : 2


========== EXPERIMENT METRICS (global) ==========
Mode              : BASELINE
M x K x N         : 6144 x 1024 x 6144
Process grid      : 1 x 2
Frags per rank    : 4
Total fragments   : 8
Repeats           : 1
Threshold used    : 27.2714
--- Timing (worst rank) ---
Baseline   min/med/max : 6.9297 / 6.9556 / 7.0093  ms
Baseline   GFLOPS (med): 11114.7517  (min 11029.5544, max 11156.2228)
Protected  min/med/max : 6.9297 / 6.9556 / 7.0093  ms
Protected  GFLOPS (med): 11114.7517  (min 11029.5544, max 11156.2228)
Overhead (median)      : 0.0000 %
--- Confusion Matrix (global) ---
TP / TN / FP / FN     : 0 / 160 / 0 / 0
Recall                : 0.0000
Detection precision   : 0.0000
Correction precision  : 0.0000 %
==================================================

--- ns 6144x1024x6144 F=8 ---
=== ABFT GEMM (cuBLAS, online pipelined) ===
Mode           : baseline  (inject=none)
M x K x N      : 6144 x 1024 x 6144
Process grid   : 1 x 2  (world=2)
Frags per rank : 8
Repeats        : 1
Samples        : 20
Threshold      : (per-fragment, formula)
GPUs visible   : 2


========== EXPERIMENT METRICS (global) ==========
Mode              : BASELINE
M x K x N         : 6144 x 1024 x 6144
Process grid      : 1 x 2
Frags per rank    : 8
Total fragments   : 16
Repeats           : 1
Threshold used    : 14.1074
--- Timing (worst rank) ---
Baseline   min/med/max : 6.9646 / 7.0538 / 7.6134  ms
Baseline   GFLOPS (med): 10960.0410  (min 10154.4352, max 11100.3249)
Protected  min/med/max : 6.9646 / 7.0538 / 7.6134  ms
Protected  GFLOPS (med): 10960.0410  (min 10154.4352, max 11100.3249)
Overhead (median)      : 0.0000 %
--- Confusion Matrix (global) ---
TP / TN / FP / FN     : 0 / 320 / 0 / 0
Recall                : 0.0000
Detection precision   : 0.0000
Correction precision  : 0.0000 %
==================================================

--- ns 6144x1024x6144 F=16 ---
=== ABFT GEMM (cuBLAS, online pipelined) ===
Mode           : baseline  (inject=none)
M x K x N      : 6144 x 1024 x 6144
Process grid   : 1 x 2  (world=2)
Frags per rank : 16
Repeats        : 1
Samples        : 20
Threshold      : (per-fragment, formula)
GPUs visible   : 2


========== EXPERIMENT METRICS (global) ==========
Mode              : BASELINE
M x K x N         : 6144 x 1024 x 6144
Process grid      : 1 x 2
Frags per rank    : 16
Total fragments   : 32
Repeats           : 1
Threshold used    : 7.1879
--- Timing (worst rank) ---
Baseline   min/med/max : 9.4487 / 9.5146 / 10.1079  ms
Baseline   GFLOPS (med): 8125.3377  (min 7648.4503, max 8181.9810)
Protected  min/med/max : 9.4487 / 9.5146 / 10.1079  ms
Protected  GFLOPS (med): 8125.3377  (min 7648.4503, max 8181.9810)
Overhead (median)      : 0.0000 %
--- Confusion Matrix (global) ---
TP / TN / FP / FN     : 0 / 640 / 0 / 0
Recall                : 0.0000
Detection precision   : 0.0000
Correction precision  : 0.0000 %
==================================================

--- ns 6144x1024x6144 F=32 ---
=== ABFT GEMM (cuBLAS, online pipelined) ===
Mode           : baseline  (inject=none)
M x K x N      : 6144 x 1024 x 6144
Process grid   : 1 x 2  (world=2)
Frags per rank : 32
Repeats        : 1
Samples        : 20
Threshold      : (per-fragment, formula)
GPUs visible   : 2


========== EXPERIMENT METRICS (global) ==========
Mode              : BASELINE
M x K x N         : 6144 x 1024 x 6144
Process grid      : 1 x 2
Frags per rank    : 32
Total fragments   : 64
Repeats           : 1
Threshold used    : 3.8469
--- Timing (worst rank) ---
Baseline   min/med/max : 9.1969 / 9.2128 / 9.6652  ms
Baseline   GFLOPS (med): 8391.5317  (min 7998.7762, max 8406.0696)
Protected  min/med/max : 9.1969 / 9.2128 / 9.6652  ms
Protected  GFLOPS (med): 8391.5317  (min 7998.7762, max 8406.0696)
Overhead (median)      : 0.0000 %
--- Confusion Matrix (global) ---
TP / TN / FP / FN     : 0 / 1280 / 0 / 0
Recall                : 0.0000
Detection precision   : 0.0000
Correction precision  : 0.0000 %
==================================================

--- ns 6400x1024x6400 F=1 ---
=== ABFT GEMM (cuBLAS, online pipelined) ===
Mode           : baseline  (inject=none)
M x K x N      : 6400 x 1024 x 6400
Process grid   : 1 x 2  (world=2)
Frags per rank : 1
Repeats        : 1
Samples        : 20
Threshold      : (per-fragment, formula)
GPUs visible   : 2


========== EXPERIMENT METRICS (global) ==========
Mode              : BASELINE
M x K x N         : 6400 x 1024 x 6400
Process grid      : 1 x 2
Frags per rank    : 1
Total fragments   : 2
Repeats           : 1
Threshold used    : 110.9567
--- Timing (worst rank) ---
Baseline   min/med/max : 8.1040 / 8.1217 / 8.1596  ms
Baseline   GFLOPS (med): 10328.6127  (min 10280.7087, max 10351.1536)
Protected  min/med/max : 8.1040 / 8.1217 / 8.1596  ms
Protected  GFLOPS (med): 10328.6127  (min 10280.7087, max 10351.1536)
Overhead (median)      : 0.0000 %
--- Confusion Matrix (global) ---
TP / TN / FP / FN     : 0 / 40 / 0 / 0
Recall                : 0.0000
Detection precision   : 0.0000
Correction precision  : 0.0000 %
==================================================

--- ns 6400x1024x6400 F=2 ---
=== ABFT GEMM (cuBLAS, online pipelined) ===
Mode           : baseline  (inject=none)
M x K x N      : 6400 x 1024 x 6400
Process grid   : 1 x 2  (world=2)
Frags per rank : 2
Repeats        : 1
Samples        : 20
Threshold      : (per-fragment, formula)
GPUs visible   : 2


========== EXPERIMENT METRICS (global) ==========
Mode              : BASELINE
M x K x N         : 6400 x 1024 x 6400
Process grid      : 1 x 2
Frags per rank    : 2
Total fragments   : 4
Repeats           : 1
Threshold used    : 55.7299
--- Timing (worst rank) ---
Baseline   min/med/max : 7.9999 / 8.0148 / 8.5457  ms
Baseline   GFLOPS (med): 10466.3515  (min 9816.1283, max 10485.9461)
Protected  min/med/max : 7.9999 / 8.0148 / 8.5457  ms
Protected  GFLOPS (med): 10466.3515  (min 9816.1283, max 10485.9461)
Overhead (median)      : 0.0000 %
--- Confusion Matrix (global) ---
TP / TN / FP / FN     : 0 / 80 / 0 / 0
Recall                : 0.0000
Detection precision   : 0.0000
Correction precision  : 0.0000 %
==================================================

--- ns 6400x1024x6400 F=4 ---
=== ABFT GEMM (cuBLAS, online pipelined) ===
Mode           : baseline  (inject=none)
M x K x N      : 6400 x 1024 x 6400
Process grid   : 1 x 2  (world=2)
Frags per rank : 4
Repeats        : 1
Samples        : 20
Threshold      : (per-fragment, formula)
GPUs visible   : 2


========== EXPERIMENT METRICS (global) ==========
Mode              : BASELINE
M x K x N         : 6400 x 1024 x 6400
Process grid      : 1 x 2
Frags per rank    : 4
Total fragments   : 8
Repeats           : 1
Threshold used    : 28.8942
--- Timing (worst rank) ---
Baseline   min/med/max : 8.8080 / 9.1291 / 9.5021  ms
Baseline   GFLOPS (med): 9188.8271  (min 8828.1185, max 9523.8262)
Protected  min/med/max : 8.8080 / 9.1291 / 9.5021  ms
Protected  GFLOPS (med): 9188.8271  (min 8828.1185, max 9523.8262)
Overhead (median)      : 0.0000 %
--- Confusion Matrix (global) ---
TP / TN / FP / FN     : 0 / 160 / 0 / 0
Recall                : 0.0000
Detection precision   : 0.0000
Correction precision  : 0.0000 %
==================================================

--- ns 6400x1024x6400 F=8 ---
=== ABFT GEMM (cuBLAS, online pipelined) ===
Mode           : baseline  (inject=none)
M x K x N      : 6400 x 1024 x 6400
Process grid   : 1 x 2  (world=2)
Frags per rank : 8
Repeats        : 1
Samples        : 20
Threshold      : (per-fragment, formula)
GPUs visible   : 2


========== EXPERIMENT METRICS (global) ==========
Mode              : BASELINE
M x K x N         : 6400 x 1024 x 6400
Process grid      : 1 x 2
Frags per rank    : 8
Total fragments   : 16
Repeats           : 1
Threshold used    : 14.5704
--- Timing (worst rank) ---
Baseline   min/med/max : 10.5695 / 10.5897 / 11.1393  ms
Baseline   GFLOPS (med): 7921.4477  (min 7530.6731, max 7936.6236)
Protected  min/med/max : 10.5695 / 10.5897 / 11.1393  ms
Protected  GFLOPS (med): 7921.4477  (min 7530.6731, max 7936.6236)
Overhead (median)      : 0.0000 %
--- Confusion Matrix (global) ---
TP / TN / FP / FN     : 0 / 320 / 0 / 0
Recall                : 0.0000
Detection precision   : 0.0000
Correction precision  : 0.0000 %
==================================================

--- ns 6400x1024x6400 F=16 ---
=== ABFT GEMM (cuBLAS, online pipelined) ===
Mode           : baseline  (inject=none)
M x K x N      : 6400 x 1024 x 6400
Process grid   : 1 x 2  (world=2)
Frags per rank : 16
Repeats        : 1
Samples        : 20
Threshold      : (per-fragment, formula)
GPUs visible   : 2


========== EXPERIMENT METRICS (global) ==========
Mode              : BASELINE
M x K x N         : 6400 x 1024 x 6400
Process grid      : 1 x 2
Frags per rank    : 16
Total fragments   : 32
Repeats           : 1
Threshold used    : 7.7496
--- Timing (worst rank) ---
Baseline   min/med/max : 12.1186 / 12.1344 / 12.5617  ms
Baseline   GFLOPS (med): 6913.0830  (min 6677.9236, max 6922.1190)
Protected  min/med/max : 12.1186 / 12.1344 / 12.5617  ms
Protected  GFLOPS (med): 6913.0830  (min 6677.9236, max 6922.1190)
Overhead (median)      : 0.0000 %
--- Confusion Matrix (global) ---
TP / TN / FP / FN     : 0 / 640 / 0 / 0
Recall                : 0.0000
Detection precision   : 0.0000
Correction precision  : 0.0000 %
==================================================

--- ns 6400x1024x6400 F=32 ---
=== ABFT GEMM (cuBLAS, online pipelined) ===
Mode           : baseline  (inject=none)
M x K x N      : 6400 x 1024 x 6400
Process grid   : 1 x 2  (world=2)
Frags per rank : 32
Repeats        : 1
Samples        : 20
Threshold      : (per-fragment, formula)
GPUs visible   : 2


========== EXPERIMENT METRICS (global) ==========
Mode              : BASELINE
M x K x N         : 6400 x 1024 x 6400
Process grid      : 1 x 2
Frags per rank    : 32
Total fragments   : 64
Repeats           : 1
Threshold used    : 4.0495
--- Timing (worst rank) ---
Baseline   min/med/max : 12.5881 / 12.6002 / 13.5107  ms
Baseline   GFLOPS (med): 6657.4991  (min 6208.8658, max 6663.9090)
Protected  min/med/max : 12.5881 / 12.6002 / 13.5107  ms
Protected  GFLOPS (med): 6657.4991  (min 6208.8658, max 6663.9090)
Overhead (median)      : 0.0000 %
--- Confusion Matrix (global) ---
TP / TN / FP / FN     : 0 / 1280 / 0 / 0
Recall                : 0.0000
Detection precision   : 0.0000
Correction precision  : 0.0000 %
==================================================

--- ns 6656x1024x6656 F=1 ---
=== ABFT GEMM (cuBLAS, online pipelined) ===
Mode           : baseline  (inject=none)
M x K x N      : 6656 x 1024 x 6656
Process grid   : 1 x 2  (world=2)
Frags per rank : 1
Repeats        : 1
Samples        : 20
Threshold      : (per-fragment, formula)
GPUs visible   : 2


========== EXPERIMENT METRICS (global) ==========
Mode              : BASELINE
M x K x N         : 6656 x 1024 x 6656
Process grid      : 1 x 2
Frags per rank    : 1
Total fragments   : 2
Repeats           : 1
Threshold used    : 115.0467
--- Timing (worst rank) ---
Baseline   min/med/max : 8.3648 / 8.9395 / 9.3364  ms
Baseline   GFLOPS (med): 10149.4140  (min 9718.0302, max 10846.7626)
Protected  min/med/max : 8.3648 / 8.9395 / 9.3364  ms
Protected  GFLOPS (med): 10149.4140  (min 9718.0302, max 10846.7626)
Overhead (median)      : 0.0000 %
--- Confusion Matrix (global) ---
TP / TN / FP / FN     : 0 / 40 / 0 / 0
Recall                : 0.0000
Detection precision   : 0.0000
Correction precision  : 0.0000 %
==================================================

--- ns 6656x1024x6656 F=2 ---
=== ABFT GEMM (cuBLAS, online pipelined) ===
Mode           : baseline  (inject=none)
M x K x N      : 6656 x 1024 x 6656
Process grid   : 1 x 2  (world=2)
Frags per rank : 2
Repeats        : 1
Samples        : 20
Threshold      : (per-fragment, formula)
GPUs visible   : 2


========== EXPERIMENT METRICS (global) ==========
Mode              : BASELINE
M x K x N         : 6656 x 1024 x 6656
Process grid      : 1 x 2
Frags per rank    : 2
Total fragments   : 4
Repeats           : 1
Threshold used    : 58.3655
--- Timing (worst rank) ---
Baseline   min/med/max : 8.4690 / 8.4790 / 8.9332  ms
Baseline   GFLOPS (med): 10700.6978  (min 10156.5797, max 10713.3101)
Protected  min/med/max : 8.4690 / 8.4790 / 8.9332  ms
Protected  GFLOPS (med): 10700.6978  (min 10156.5797, max 10713.3101)
Overhead (median)      : 0.0000 %
--- Confusion Matrix (global) ---
TP / TN / FP / FN     : 0 / 80 / 0 / 0
Recall                : 0.0000
Detection precision   : 0.0000
Correction precision  : 0.0000 %
==================================================

--- ns 6656x1024x6656 F=4 ---
=== ABFT GEMM (cuBLAS, online pipelined) ===
Mode           : baseline  (inject=none)
M x K x N      : 6656 x 1024 x 6656
Process grid   : 1 x 2  (world=2)
Frags per rank : 4
Repeats        : 1
Samples        : 20
Threshold      : (per-fragment, formula)
GPUs visible   : 2


========== EXPERIMENT METRICS (global) ==========
Mode              : BASELINE
M x K x N         : 6656 x 1024 x 6656
Process grid      : 1 x 2
Frags per rank    : 4
Total fragments   : 8
Repeats           : 1
Threshold used    : 29.5976
--- Timing (worst rank) ---
Baseline   min/med/max : 9.1282 / 9.1545 / 9.7329  ms
Baseline   GFLOPS (med): 9911.1292  (min 9322.1542, max 9939.7024)
Protected  min/med/max : 9.1282 / 9.1545 / 9.7329  ms
Protected  GFLOPS (med): 9911.1292  (min 9322.1542, max 9939.7024)
Overhead (median)      : 0.0000 %
--- Confusion Matrix (global) ---
TP / TN / FP / FN     : 0 / 160 / 0 / 0
Recall                : 0.0000
Detection precision   : 0.0000
Correction precision  : 0.0000 %
==================================================

--- ns 6656x1024x6656 F=8 ---
=== ABFT GEMM (cuBLAS, online pipelined) ===
Mode           : baseline  (inject=none)
M x K x N      : 6656 x 1024 x 6656
Process grid   : 1 x 2  (world=2)
Frags per rank : 8
Repeats        : 1
Samples        : 20
Threshold      : (per-fragment, formula)
GPUs visible   : 2


========== EXPERIMENT METRICS (global) ==========
Mode              : BASELINE
M x K x N         : 6656 x 1024 x 6656
Process grid      : 1 x 2
Frags per rank    : 8
Total fragments   : 16
Repeats           : 1
Threshold used    : 15.2031
--- Timing (worst rank) ---
Baseline   min/med/max : 10.6678 / 11.0331 / 11.3852  ms
Baseline   GFLOPS (med): 8223.5344  (min 7969.2421, max 8505.1074)
Protected  min/med/max : 10.6678 / 11.0331 / 11.3852  ms
Protected  GFLOPS (med): 8223.5344  (min 7969.2421, max 8505.1074)
Overhead (median)      : 0.0000 %
--- Confusion Matrix (global) ---
TP / TN / FP / FN     : 0 / 320 / 0 / 0
Recall                : 0.0000
Detection precision   : 0.0000
Correction precision  : 0.0000 %
==================================================

--- ns 6656x1024x6656 F=16 ---
=== ABFT GEMM (cuBLAS, online pipelined) ===
Mode           : baseline  (inject=none)
M x K x N      : 6656 x 1024 x 6656
Process grid   : 1 x 2  (world=2)
Frags per rank : 16
Repeats        : 1
Samples        : 20
Threshold      : (per-fragment, formula)
GPUs visible   : 2


========== EXPERIMENT METRICS (global) ==========
Mode              : BASELINE
M x K x N         : 6656 x 1024 x 6656
Process grid      : 1 x 2
Frags per rank    : 16
Total fragments   : 32
Repeats           : 1
Threshold used    : 7.8143
--- Timing (worst rank) ---
Baseline   min/med/max : 12.2437 / 12.2777 / 12.3579  ms
Baseline   GFLOPS (med): 7389.9224  (min 7341.9860, max 7410.4614)
Protected  min/med/max : 12.2437 / 12.2777 / 12.3579  ms
Protected  GFLOPS (med): 7389.9224  (min 7341.9860, max 7410.4614)
Overhead (median)      : 0.0000 %
--- Confusion Matrix (global) ---
TP / TN / FP / FN     : 0 / 640 / 0 / 0
Recall                : 0.0000
Detection precision   : 0.0000
Correction precision  : 0.0000 %
==================================================

--- ns 6656x1024x6656 F=32 ---
=== ABFT GEMM (cuBLAS, online pipelined) ===
Mode           : baseline  (inject=none)
M x K x N      : 6656 x 1024 x 6656
Process grid   : 1 x 2  (world=2)
Frags per rank : 32
Repeats        : 1
Samples        : 20
Threshold      : (per-fragment, formula)
GPUs visible   : 2


========== EXPERIMENT METRICS (global) ==========
Mode              : BASELINE
M x K x N         : 6656 x 1024 x 6656
Process grid      : 1 x 2
Frags per rank    : 32
Total fragments   : 64
Repeats           : 1
Threshold used    : 4.3334
--- Timing (worst rank) ---
Baseline   min/med/max : 12.8034 / 12.8138 / 13.6239  ms
Baseline   GFLOPS (med): 7080.7669  (min 6659.6915, max 7086.4787)
Protected  min/med/max : 12.8034 / 12.8138 / 13.6239  ms
Protected  GFLOPS (med): 7080.7669  (min 6659.6915, max 7086.4787)
Overhead (median)      : 0.0000 %
--- Confusion Matrix (global) ---
TP / TN / FP / FN     : 0 / 1280 / 0 / 0
Recall                : 0.0000
Detection precision   : 0.0000
Correction precision  : 0.0000 %
==================================================

--- ns 6912x1024x6912 F=1 ---
=== ABFT GEMM (cuBLAS, online pipelined) ===
Mode           : baseline  (inject=none)
M x K x N      : 6912 x 1024 x 6912
Process grid   : 1 x 2  (world=2)
Frags per rank : 1
Repeats        : 1
Samples        : 20
Threshold      : (per-fragment, formula)
GPUs visible   : 2


========== EXPERIMENT METRICS (global) ==========
Mode              : BASELINE
M x K x N         : 6912 x 1024 x 6912
Process grid      : 1 x 2
Frags per rank    : 1
Total fragments   : 2
Repeats           : 1
Threshold used    : 119.1512
--- Timing (worst rank) ---
Baseline   min/med/max : 9.0284 / 9.1267 / 9.6430  ms
Baseline   GFLOPS (med): 10720.6898  (min 10146.7404, max 10837.4906)
Protected  min/med/max : 9.0284 / 9.1267 / 9.6430  ms
Protected  GFLOPS (med): 10720.6898  (min 10146.7404, max 10837.4906)
Overhead (median)      : 0.0000 %
--- Confusion Matrix (global) ---
TP / TN / FP / FN     : 0 / 40 / 0 / 0
Recall                : 0.0000
Detection precision   : 0.0000
Correction precision  : 0.0000 %
==================================================

--- ns 6912x1024x6912 F=2 ---
=== ABFT GEMM (cuBLAS, online pipelined) ===
Mode           : baseline  (inject=none)
M x K x N      : 6912 x 1024 x 6912
Process grid   : 1 x 2  (world=2)
Frags per rank : 2
Repeats        : 1
Samples        : 20
Threshold      : (per-fragment, formula)
GPUs visible   : 2


========== EXPERIMENT METRICS (global) ==========
Mode              : BASELINE
M x K x N         : 6912 x 1024 x 6912
Process grid      : 1 x 2
Frags per rank    : 2
Total fragments   : 4
Repeats           : 1
Threshold used    : 60.8379
--- Timing (worst rank) ---
Baseline   min/med/max : 9.1953 / 9.5153 / 9.9368  ms
Baseline   GFLOPS (med): 10282.8805  (min 9846.7134, max 10640.7633)
Protected  min/med/max : 9.1953 / 9.5153 / 9.9368  ms
Protected  GFLOPS (med): 10282.8805  (min 9846.7134, max 10640.7633)
Overhead (median)      : 0.0000 %
--- Confusion Matrix (global) ---
TP / TN / FP / FN     : 0 / 80 / 0 / 0
Recall                : 0.0000
Detection precision   : 0.0000
Correction precision  : 0.0000 %
==================================================

--- ns 6912x1024x6912 F=4 ---
=== ABFT GEMM (cuBLAS, online pipelined) ===
Mode           : baseline  (inject=none)
M x K x N      : 6912 x 1024 x 6912
Process grid   : 1 x 2  (world=2)
Frags per rank : 4
Repeats        : 1
Samples        : 20
Threshold      : (per-fragment, formula)
GPUs visible   : 2


========== EXPERIMENT METRICS (global) ==========
Mode              : BASELINE
M x K x N         : 6912 x 1024 x 6912
Process grid      : 1 x 2
Frags per rank    : 4
Total fragments   : 8
Repeats           : 1
Threshold used    : 30.9071
--- Timing (worst rank) ---
Baseline   min/med/max : 9.1573 / 9.2573 / 9.9496  ms
Baseline   GFLOPS (med): 10569.4587  (min 9834.0339, max 10684.9310)
Protected  min/med/max : 9.1573 / 9.2573 / 9.9496  ms
Protected  GFLOPS (med): 10569.4587  (min 9834.0339, max 10684.9310)
Overhead (median)      : 0.0000 %
--- Confusion Matrix (global) ---
TP / TN / FP / FN     : 0 / 160 / 0 / 0
Recall                : 0.0000
Detection precision   : 0.0000
Correction precision  : 0.0000 %
==================================================

--- ns 6912x1024x6912 F=8 ---
=== ABFT GEMM (cuBLAS, online pipelined) ===
Mode           : baseline  (inject=none)
M x K x N      : 6912 x 1024 x 6912
Process grid   : 1 x 2  (world=2)
Frags per rank : 8
Repeats        : 1
Samples        : 20
Threshold      : (per-fragment, formula)
GPUs visible   : 2


========== EXPERIMENT METRICS (global) ==========
Mode              : BASELINE
M x K x N         : 6912 x 1024 x 6912
Process grid      : 1 x 2
Frags per rank    : 8
Total fragments   : 16
Repeats           : 1
Threshold used    : 15.9246
--- Timing (worst rank) ---
Baseline   min/med/max : 11.2334 / 11.2659 / 11.7024  ms
Baseline   GFLOPS (med): 8685.0201  (min 8361.1125, max 8710.1254)
Protected  min/med/max : 11.2334 / 11.2659 / 11.7024  ms
Protected  GFLOPS (med): 8685.0201  (min 8361.1125, max 8710.1254)
Overhead (median)      : 0.0000 %
--- Confusion Matrix (global) ---
TP / TN / FP / FN     : 0 / 320 / 0 / 0
Recall                : 0.0000
Detection precision   : 0.0000
Correction precision  : 0.0000 %
==================================================

--- ns 6912x1024x6912 F=16 ---
=== ABFT GEMM (cuBLAS, online pipelined) ===
Mode           : baseline  (inject=none)
M x K x N      : 6912 x 1024 x 6912
Process grid   : 1 x 2  (world=2)
Frags per rank : 16
Repeats        : 1
Samples        : 20
Threshold      : (per-fragment, formula)
GPUs visible   : 2


========== EXPERIMENT METRICS (global) ==========
Mode              : BASELINE
M x K x N         : 6912 x 1024 x 6912
Process grid      : 1 x 2
Frags per rank    : 16
Total fragments   : 32
Repeats           : 1
Threshold used    : 8.1117
--- Timing (worst rank) ---
Baseline   min/med/max : 12.1666 / 12.1872 / 12.6249  ms
Baseline   GFLOPS (med): 8028.4800  (min 7750.1201, max 8042.0444)
Protected  min/med/max : 12.1666 / 12.1872 / 12.6249  ms
Protected  GFLOPS (med): 8028.4800  (min 7750.1201, max 8042.0444)
Overhead (median)      : 0.0000 %
--- Confusion Matrix (global) ---
TP / TN / FP / FN     : 0 / 640 / 0 / 0
Recall                : 0.0000
Detection precision   : 0.0000
Correction precision  : 0.0000 %
==================================================

--- ns 6912x1024x6912 F=32 ---
=== ABFT GEMM (cuBLAS, online pipelined) ===
Mode           : baseline  (inject=none)
M x K x N      : 6912 x 1024 x 6912
Process grid   : 1 x 2  (world=2)
Frags per rank : 32
Repeats        : 1
Samples        : 20
Threshold      : (per-fragment, formula)
GPUs visible   : 2


========== EXPERIMENT METRICS (global) ==========
Mode              : BASELINE
M x K x N         : 6912 x 1024 x 6912
Process grid      : 1 x 2
Frags per rank    : 32
Total fragments   : 64
Repeats           : 1
Threshold used    : 4.2172
--- Timing (worst rank) ---
Baseline   min/med/max : 13.4149 / 13.4297 / 15.1511  ms
Baseline   GFLOPS (med): 7285.7143  (min 6457.9428, max 7293.7289)
Protected  min/med/max : 13.4149 / 13.4297 / 15.1511  ms
Protected  GFLOPS (med): 7285.7143  (min 6457.9428, max 7293.7289)
Overhead (median)      : 0.0000 %
--- Confusion Matrix (global) ---
TP / TN / FP / FN     : 0 / 1280 / 0 / 0
Recall                : 0.0000
Detection precision   : 0.0000
Correction precision  : 0.0000 %
==================================================

--- ns 7168x1024x7168 F=1 ---
=== ABFT GEMM (cuBLAS, online pipelined) ===
Mode           : baseline  (inject=none)
M x K x N      : 7168 x 1024 x 7168
Process grid   : 1 x 2  (world=2)
Frags per rank : 1
Repeats        : 1
Samples        : 20
Threshold      : (per-fragment, formula)
GPUs visible   : 2


========== EXPERIMENT METRICS (global) ==========
Mode              : BASELINE
M x K x N         : 7168 x 1024 x 7168
Process grid      : 1 x 2
Frags per rank    : 1
Total fragments   : 2
Repeats           : 1
Threshold used    : 124.2405
--- Timing (worst rank) ---
Baseline   min/med/max : 9.6378 / 9.6973 / 10.7841  ms
Baseline   GFLOPS (med): 10851.1225  (min 9757.5673, max 10918.1527)
Protected  min/med/max : 9.6378 / 9.6973 / 10.7841  ms
Protected  GFLOPS (med): 10851.1225  (min 9757.5673, max 10918.1527)
Overhead (median)      : 0.0000 %
--- Confusion Matrix (global) ---
TP / TN / FP / FN     : 0 / 40 / 0 / 0
Recall                : 0.0000
Detection precision   : 0.0000
Correction precision  : 0.0000 %
==================================================

--- ns 7168x1024x7168 F=2 ---
=== ABFT GEMM (cuBLAS, online pipelined) ===
Mode           : baseline  (inject=none)
M x K x N      : 7168 x 1024 x 7168
Process grid   : 1 x 2  (world=2)
Frags per rank : 2
Repeats        : 1
Samples        : 20
Threshold      : (per-fragment, formula)
GPUs visible   : 2


========== EXPERIMENT METRICS (global) ==========
Mode              : BASELINE
M x K x N         : 7168 x 1024 x 7168
Process grid      : 1 x 2
Frags per rank    : 2
Total fragments   : 4
Repeats           : 1
Threshold used    : 62.9105
--- Timing (worst rank) ---
Baseline   min/med/max : 9.6665 / 9.7471 / 10.4246  ms
Baseline   GFLOPS (med): 10795.6830  (min 10094.0871, max 10885.6688)
Protected  min/med/max : 9.6665 / 9.7471 / 10.4246  ms
Protected  GFLOPS (med): 10795.6830  (min 10094.0871, max 10885.6688)
Overhead (median)      : 0.0000 %
--- Confusion Matrix (global) ---
TP / TN / FP / FN     : 0 / 80 / 0 / 0
Recall                : 0.0000
Detection precision   : 0.0000
Correction precision  : 0.0000 %
==================================================

--- ns 7168x1024x7168 F=4 ---
=== ABFT GEMM (cuBLAS, online pipelined) ===
Mode           : baseline  (inject=none)
M x K x N      : 7168 x 1024 x 7168
Process grid   : 1 x 2  (world=2)
Frags per rank : 4
Repeats        : 1
Samples        : 20
Threshold      : (per-fragment, formula)
GPUs visible   : 2


========== EXPERIMENT METRICS (global) ==========
Mode              : BASELINE
M x K x N         : 7168 x 1024 x 7168
Process grid      : 1 x 2
Frags per rank    : 4
Total fragments   : 8
Repeats           : 1
Threshold used    : 32.0476
--- Timing (worst rank) ---
Baseline   min/med/max : 10.0979 / 10.3482 / 10.8524  ms
Baseline   GFLOPS (med): 10168.6189  (min 9696.1944, max 10420.6816)
Protected  min/med/max : 10.0979 / 10.3482 / 10.8524  ms
Protected  GFLOPS (med): 10168.6189  (min 9696.1944, max 10420.6816)
Overhead (median)      : 0.0000 %
--- Confusion Matrix (global) ---
TP / TN / FP / FN     : 0 / 160 / 0 / 0
Recall                : 0.0000
Detection precision   : 0.0000
Correction precision  : 0.0000 %
==================================================

--- ns 7168x1024x7168 F=8 ---
=== ABFT GEMM (cuBLAS, online pipelined) ===
Mode           : baseline  (inject=none)
M x K x N      : 7168 x 1024 x 7168
Process grid   : 1 x 2  (world=2)
Frags per rank : 8
Repeats        : 1
Samples        : 20
Threshold      : (per-fragment, formula)
GPUs visible   : 2


========== EXPERIMENT METRICS (global) ==========
Mode              : BASELINE
M x K x N         : 7168 x 1024 x 7168
Process grid      : 1 x 2
Frags per rank    : 8
Total fragments   : 16
Repeats           : 1
Threshold used    : 16.4116
--- Timing (worst rank) ---
Baseline   min/med/max : 11.3498 / 11.4649 / 12.0446  ms
Baseline   GFLOPS (med): 9178.1274  (min 8736.4103, max 9271.2194)
Protected  min/med/max : 11.3498 / 11.4649 / 12.0446  ms
Protected  GFLOPS (med): 9178.1274  (min 8736.4103, max 9271.2194)
Overhead (median)      : 0.0000 %
--- Confusion Matrix (global) ---
TP / TN / FP / FN     : 0 / 320 / 0 / 0
Recall                : 0.0000
Detection precision   : 0.0000
Correction precision  : 0.0000 %
==================================================

--- ns 7168x1024x7168 F=16 ---
=== ABFT GEMM (cuBLAS, online pipelined) ===
Mode           : baseline  (inject=none)
M x K x N      : 7168 x 1024 x 7168
Process grid   : 1 x 2  (world=2)
Frags per rank : 16
Repeats        : 1
Samples        : 20
Threshold      : (per-fragment, formula)
GPUs visible   : 2


========== EXPERIMENT METRICS (global) ==========
Mode              : BASELINE
M x K x N         : 7168 x 1024 x 7168
Process grid      : 1 x 2
Frags per rank    : 16
Total fragments   : 32
Repeats           : 1
Threshold used    : 8.3435
--- Timing (worst rank) ---
Baseline   min/med/max : 12.2994 / 12.5797 / 13.3655  ms
Baseline   GFLOPS (med): 8364.7953  (min 7873.0276, max 8555.4300)
Protected  min/med/max : 12.2994 / 12.5797 / 13.3655  ms
Protected  GFLOPS (med): 8364.7953  (min 7873.0276, max 8555.4300)
Overhead (median)      : 0.0000 %
--- Confusion Matrix (global) ---
TP / TN / FP / FN     : 0 / 640 / 0 / 0
Recall                : 0.0000
Detection precision   : 0.0000
Correction precision  : 0.0000 %
==================================================

--- ns 7168x1024x7168 F=32 ---
=== ABFT GEMM (cuBLAS, online pipelined) ===
Mode           : baseline  (inject=none)
M x K x N      : 7168 x 1024 x 7168
Process grid   : 1 x 2  (world=2)
Frags per rank : 32
Repeats        : 1
Samples        : 20
Threshold      : (per-fragment, formula)
GPUs visible   : 2


========== EXPERIMENT METRICS (global) ==========
Mode              : BASELINE
M x K x N         : 7168 x 1024 x 7168
Process grid      : 1 x 2
Frags per rank    : 32
Total fragments   : 64
Repeats           : 1
Threshold used    : 4.4562
--- Timing (worst rank) ---
Baseline   min/med/max : 13.8909 / 14.0039 / 15.0780  ms
Baseline   GFLOPS (med): 7514.0856  (min 6978.8294, max 7575.2320)
Protected  min/med/max : 13.8909 / 14.0039 / 15.0780  ms
Protected  GFLOPS (med): 7514.0856  (min 6978.8294, max 7575.2320)
Overhead (median)      : 0.0000 %
--- Confusion Matrix (global) ---
TP / TN / FP / FN     : 0 / 1280 / 0 / 0
Recall                : 0.0000
Detection precision   : 0.0000
Correction precision  : 0.0000 %
==================================================

--- ns 7424x1024x7424 F=1 ---
=== ABFT GEMM (cuBLAS, online pipelined) ===
Mode           : baseline  (inject=none)
M x K x N      : 7424 x 1024 x 7424
Process grid   : 1 x 2  (world=2)
Frags per rank : 1
Repeats        : 1
Samples        : 20
Threshold      : (per-fragment, formula)
GPUs visible   : 2


========== EXPERIMENT METRICS (global) ==========
Mode              : BASELINE
M x K x N         : 7424 x 1024 x 7424
Process grid      : 1 x 2
Frags per rank    : 1
Total fragments   : 2
Repeats           : 1
Threshold used    : 127.6519
--- Timing (worst rank) ---
Baseline   min/med/max : 10.7184 / 11.3207 / 11.3525  ms
Baseline   GFLOPS (med): 9970.8974  (min 9942.9095, max 10531.1647)
Protected  min/med/max : 10.7184 / 11.3207 / 11.3525  ms
Protected  GFLOPS (med): 9970.8974  (min 9942.9095, max 10531.1647)
Overhead (median)      : 0.0000 %
--- Confusion Matrix (global) ---
TP / TN / FP / FN     : 0 / 40 / 0 / 0
Recall                : 0.0000
Detection precision   : 0.0000
Correction precision  : 0.0000 %
==================================================

--- ns 7424x1024x7424 F=2 ---
=== ABFT GEMM (cuBLAS, online pipelined) ===
Mode           : baseline  (inject=none)
M x K x N      : 7424 x 1024 x 7424
Process grid   : 1 x 2  (world=2)
Frags per rank : 2
Repeats        : 1
Samples        : 20
Threshold      : (per-fragment, formula)
GPUs visible   : 2


========== EXPERIMENT METRICS (global) ==========
Mode              : BASELINE
M x K x N         : 7424 x 1024 x 7424
Process grid      : 1 x 2
Frags per rank    : 2
Total fragments   : 4
Repeats           : 1
Threshold used    : 64.7378
--- Timing (worst rank) ---
Baseline   min/med/max : 10.7166 / 11.0936 / 11.3484  ms
Baseline   GFLOPS (med): 10174.9820  (min 9946.5570, max 10532.9601)
Protected  min/med/max : 10.7166 / 11.0936 / 11.3484  ms
Protected  GFLOPS (med): 10174.9820  (min 9946.5570, max 10532.9601)
Overhead (median)      : 0.0000 %
--- Confusion Matrix (global) ---
TP / TN / FP / FN     : 0 / 80 / 0 / 0
Recall                : 0.0000
Detection precision   : 0.0000
Correction precision  : 0.0000 %
==================================================

--- ns 7424x1024x7424 F=4 ---
=== ABFT GEMM (cuBLAS, online pipelined) ===
Mode           : baseline  (inject=none)
M x K x N      : 7424 x 1024 x 7424
Process grid   : 1 x 2  (world=2)
Frags per rank : 4
Repeats        : 1
Samples        : 20
Threshold      : (per-fragment, formula)
GPUs visible   : 2


========== EXPERIMENT METRICS (global) ==========
Mode              : BASELINE
M x K x N         : 7424 x 1024 x 7424
Process grid      : 1 x 2
Frags per rank    : 4
Total fragments   : 8
Repeats           : 1
Threshold used    : 33.3946
--- Timing (worst rank) ---
Baseline   min/med/max : 11.3995 / 11.5372 / 11.9469  ms
Baseline   GFLOPS (med): 9783.7296  (min 9448.2421, max 9901.9594)
Protected  min/med/max : 11.3995 / 11.5372 / 11.9469  ms
Protected  GFLOPS (med): 9783.7296  (min 9448.2421, max 9901.9594)
Overhead (median)      : 0.0000 %
--- Confusion Matrix (global) ---
TP / TN / FP / FN     : 0 / 160 / 0 / 0
Recall                : 0.0000
Detection precision   : 0.0000
Correction precision  : 0.0000 %
==================================================

--- ns 7424x1024x7424 F=8 ---
=== ABFT GEMM (cuBLAS, online pipelined) ===
Mode           : baseline  (inject=none)
M x K x N      : 7424 x 1024 x 7424
Process grid   : 1 x 2  (world=2)
Frags per rank : 8
Repeats        : 1
Samples        : 20
Threshold      : (per-fragment, formula)
GPUs visible   : 2


========== EXPERIMENT METRICS (global) ==========
Mode              : BASELINE
M x K x N         : 7424 x 1024 x 7424
Process grid      : 1 x 2
Frags per rank    : 8
Total fragments   : 16
Repeats           : 1
Threshold used    : 16.6155
--- Timing (worst rank) ---
Baseline   min/med/max : 11.4205 / 11.7202 / 11.9857  ms
Baseline   GFLOPS (med): 9631.0089  (min 9417.6540, max 9883.7127)
Protected  min/med/max : 11.4205 / 11.7202 / 11.9857  ms
Protected  GFLOPS (med): 9631.0089  (min 9417.6540, max 9883.7127)
Overhead (median)      : 0.0000 %
--- Confusion Matrix (global) ---
TP / TN / FP / FN     : 0 / 320 / 0 / 0
Recall                : 0.0000
Detection precision   : 0.0000
Correction precision  : 0.0000 %
==================================================

--- ns 7424x1024x7424 F=16 ---
=== ABFT GEMM (cuBLAS, online pipelined) ===
Mode           : baseline  (inject=none)
M x K x N      : 7424 x 1024 x 7424
Process grid   : 1 x 2  (world=2)
Frags per rank : 16
Repeats        : 1
Samples        : 20
Threshold      : (per-fragment, formula)
GPUs visible   : 2


========== EXPERIMENT METRICS (global) ==========
Mode              : BASELINE
M x K x N         : 7424 x 1024 x 7424
Process grid      : 1 x 2
Frags per rank    : 16
Total fragments   : 32
Repeats           : 1
Threshold used    : 8.6239
--- Timing (worst rank) ---
Baseline   min/med/max : 12.5766 / 13.1936 / 13.6021  ms
Baseline   GFLOPS (med): 8555.4300  (min 8298.4859, max 8975.1482)
Protected  min/med/max : 12.5766 / 13.1936 / 13.6021  ms
Protected  GFLOPS (med): 8555.4300  (min 8298.4859, max 8975.1482)
Overhead (median)      : 0.0000 %
--- Confusion Matrix (global) ---
TP / TN / FP / FN     : 0 / 640 / 0 / 0
Recall                : 0.0000
Detection precision   : 0.0000
Correction precision  : 0.0000 %
==================================================

--- ns 7424x1024x7424 F=32 ---
=== ABFT GEMM (cuBLAS, online pipelined) ===
Mode           : baseline  (inject=none)
M x K x N      : 7424 x 1024 x 7424
Process grid   : 1 x 2  (world=2)
Frags per rank : 32
Repeats        : 1
Samples        : 20
Threshold      : (per-fragment, formula)
GPUs visible   : 2


========== EXPERIMENT METRICS (global) ==========
Mode              : BASELINE
M x K x N         : 7424 x 1024 x 7424
Process grid      : 1 x 2
Frags per rank    : 32
Total fragments   : 64
Repeats           : 1
Threshold used    : 4.4825
--- Timing (worst rank) ---
Baseline   min/med/max : 14.8615 / 14.8854 / 15.7456  ms
Baseline   GFLOPS (med): 7583.0957  (min 7168.8001, max 7595.2871)
Protected  min/med/max : 14.8615 / 14.8854 / 15.7456  ms
Protected  GFLOPS (med): 7583.0957  (min 7168.8001, max 7595.2871)
Overhead (median)      : 0.0000 %
--- Confusion Matrix (global) ---
TP / TN / FP / FN     : 0 / 1280 / 0 / 0
Recall                : 0.0000
Detection precision   : 0.0000
Correction precision  : 0.0000 %
==================================================

--- ns 7680x1024x7680 F=1 ---
=== ABFT GEMM (cuBLAS, online pipelined) ===
Mode           : baseline  (inject=none)
M x K x N      : 7680 x 1024 x 7680
Process grid   : 1 x 2  (world=2)
Frags per rank : 1
Repeats        : 1
Samples        : 20
Threshold      : (per-fragment, formula)
GPUs visible   : 2


========== EXPERIMENT METRICS (global) ==========
Mode              : BASELINE
M x K x N         : 7680 x 1024 x 7680
Process grid      : 1 x 2
Frags per rank    : 1
Total fragments   : 2
Repeats           : 1
Threshold used    : 132.9446
--- Timing (worst rank) ---
Baseline   min/med/max : 11.3778 / 12.6293 / 12.6588  ms
Baseline   GFLOPS (med): 9564.7584  (min 9542.4115, max 10616.8187)
Protected  min/med/max : 11.3778 / 12.6293 / 12.6588  ms
Protected  GFLOPS (med): 9564.7584  (min 9542.4115, max 10616.8187)
Overhead (median)      : 0.0000 %
--- Confusion Matrix (global) ---
TP / TN / FP / FN     : 0 / 40 / 0 / 0
Recall                : 0.0000
Detection precision   : 0.0000
Correction precision  : 0.0000 %
==================================================

--- ns 7680x1024x7680 F=2 ---
=== ABFT GEMM (cuBLAS, online pipelined) ===
Mode           : baseline  (inject=none)
M x K x N      : 7680 x 1024 x 7680
Process grid   : 1 x 2  (world=2)
Frags per rank : 2
Repeats        : 1
Samples        : 20
Threshold      : (per-fragment, formula)
GPUs visible   : 2


========== EXPERIMENT METRICS (global) ==========
Mode              : BASELINE
M x K x N         : 7680 x 1024 x 7680
Process grid      : 1 x 2
Frags per rank    : 2
Total fragments   : 4
Repeats           : 1
Threshold used    : 67.1275
--- Timing (worst rank) ---
Baseline   min/med/max : 11.3343 / 11.3515 / 11.8856  ms
Baseline   GFLOPS (med): 10641.4335  (min 10163.2438, max 10657.5689)
Protected  min/med/max : 11.3343 / 11.3515 / 11.8856  ms
Protected  GFLOPS (med): 10641.4335  (min 10163.2438, max 10657.5689)
Overhead (median)      : 0.0000 %
--- Confusion Matrix (global) ---
TP / TN / FP / FN     : 0 / 80 / 0 / 0
Recall                : 0.0000
Detection precision   : 0.0000
Correction precision  : 0.0000 %
==================================================

--- ns 7680x1024x7680 F=4 ---
=== ABFT GEMM (cuBLAS, online pipelined) ===
Mode           : baseline  (inject=none)
M x K x N      : 7680 x 1024 x 7680
Process grid   : 1 x 2  (world=2)
Frags per rank : 4
Repeats        : 1
Samples        : 20
Threshold      : (per-fragment, formula)
GPUs visible   : 2


========== EXPERIMENT METRICS (global) ==========
Mode              : BASELINE
M x K x N         : 7680 x 1024 x 7680
Process grid      : 1 x 2
Frags per rank    : 4
Total fragments   : 8
Repeats           : 1
Threshold used    : 34.0544
--- Timing (worst rank) ---
Baseline   min/med/max : 11.6474 / 11.9756 / 12.4813  ms
Baseline   GFLOPS (med): 10086.8690  (min 9678.1720, max 10371.0403)
Protected  min/med/max : 11.6474 / 11.9756 / 12.4813  ms
Protected  GFLOPS (med): 10086.8690  (min 9678.1720, max 10371.0403)
Overhead (median)      : 0.0000 %
--- Confusion Matrix (global) ---
TP / TN / FP / FN     : 0 / 160 / 0 / 0
Recall                : 0.0000
Detection precision   : 0.0000
Correction precision  : 0.0000 %
==================================================

--- ns 7680x1024x7680 F=8 ---
=== ABFT GEMM (cuBLAS, online pipelined) ===
Mode           : baseline  (inject=none)
M x K x N      : 7680 x 1024 x 7680
Process grid   : 1 x 2  (world=2)
Frags per rank : 8
Repeats        : 1
Samples        : 20
Threshold      : (per-fragment, formula)
GPUs visible   : 2


========== EXPERIMENT METRICS (global) ==========
Mode              : BASELINE
M x K x N         : 7680 x 1024 x 7680
Process grid      : 1 x 2
Frags per rank    : 8
Total fragments   : 16
Repeats           : 1
Threshold used    : 17.5984
--- Timing (worst rank) ---
Baseline   min/med/max : 11.7485 / 12.0820 / 12.4033  ms
Baseline   GFLOPS (med): 9998.0347  (min 9738.9908, max 10281.7896)
Protected  min/med/max : 11.7485 / 12.0820 / 12.4033  ms
Protected  GFLOPS (med): 9998.0347  (min 9738.9908, max 10281.7896)
Overhead (median)      : 0.0000 %
--- Confusion Matrix (global) ---
TP / TN / FP / FN     : 0 / 320 / 0 / 0
Recall                : 0.0000
Detection precision   : 0.0000
Correction precision  : 0.0000 %
==================================================

--- ns 7680x1024x7680 F=16 ---
=== ABFT GEMM (cuBLAS, online pipelined) ===
Mode           : baseline  (inject=none)
M x K x N      : 7680 x 1024 x 7680
Process grid   : 1 x 2  (world=2)
Frags per rank : 16
Repeats        : 1
Samples        : 20
Threshold      : (per-fragment, formula)
GPUs visible   : 2


========== EXPERIMENT METRICS (global) ==========
Mode              : BASELINE
M x K x N         : 7680 x 1024 x 7680
Process grid      : 1 x 2
Frags per rank    : 16
Total fragments   : 32
Repeats           : 1
Threshold used    : 9.0446
--- Timing (worst rank) ---
Baseline   min/med/max : 13.4386 / 13.6311 / 14.4611  ms
Baseline   GFLOPS (med): 8861.7699  (min 8353.1651, max 8988.7460)
Protected  min/med/max : 13.4386 / 13.6311 / 14.4611  ms
Protected  GFLOPS (med): 8861.7699  (min 8353.1651, max 8988.7460)
Overhead (median)      : 0.0000 %
--- Confusion Matrix (global) ---
TP / TN / FP / FN     : 0 / 640 / 0 / 0
Recall                : 0.0000
Detection precision   : 0.0000
Correction precision  : 0.0000 %
==================================================

--- ns 7680x1024x7680 F=32 ---
=== ABFT GEMM (cuBLAS, online pipelined) ===
Mode           : baseline  (inject=none)
M x K x N      : 7680 x 1024 x 7680
Process grid   : 1 x 2  (world=2)
Frags per rank : 32
Repeats        : 1
Samples        : 20
Threshold      : (per-fragment, formula)
GPUs visible   : 2


========== EXPERIMENT METRICS (global) ==========
Mode              : BASELINE
M x K x N         : 7680 x 1024 x 7680
Process grid      : 1 x 2
Frags per rank    : 32
Total fragments   : 64
Repeats           : 1
Threshold used    : 4.6646
--- Timing (worst rank) ---
Baseline   min/med/max : 15.3476 / 15.3716 / 17.0523  ms
Baseline   GFLOPS (med): 7858.3781  (min 7083.8611, max 7870.6719)
Protected  min/med/max : 15.3476 / 15.3716 / 17.0523  ms
Protected  GFLOPS (med): 7858.3781  (min 7083.8611, max 7870.6719)
Overhead (median)      : 0.0000 %
--- Confusion Matrix (global) ---
TP / TN / FP / FN     : 0 / 1280 / 0 / 0
Recall                : 0.0000
Detection precision   : 0.0000
Correction precision  : 0.0000 %
==================================================

--- ns 7936x1024x7936 F=1 ---
=== ABFT GEMM (cuBLAS, online pipelined) ===
Mode           : baseline  (inject=none)
M x K x N      : 7936 x 1024 x 7936
Process grid   : 1 x 2  (world=2)
Frags per rank : 1
Repeats        : 1
Samples        : 20
Threshold      : (per-fragment, formula)
GPUs visible   : 2


========== EXPERIMENT METRICS (global) ==========
Mode              : BASELINE
M x K x N         : 7936 x 1024 x 7936
Process grid      : 1 x 2
Frags per rank    : 1
Total fragments   : 2
Repeats           : 1
Threshold used    : 136.4620
--- Timing (worst rank) ---
Baseline   min/med/max : 12.1481 / 13.4907 / 13.9155  ms
Baseline   GFLOPS (med): 9560.8995  (min 9269.0143, max 10617.5305)
Protected  min/med/max : 12.1481 / 13.4907 / 13.9155  ms
Protected  GFLOPS (med): 9560.8995  (min 9269.0143, max 10617.5305)
Overhead (median)      : 0.0000 %
--- Confusion Matrix (global) ---
TP / TN / FP / FN     : 0 / 40 / 0 / 0
Recall                : 0.0000
Detection precision   : 0.0000
Correction precision  : 0.0000 %
==================================================

--- ns 7936x1024x7936 F=2 ---
=== ABFT GEMM (cuBLAS, online pipelined) ===
Mode           : baseline  (inject=none)
M x K x N      : 7936 x 1024 x 7936
Process grid   : 1 x 2  (world=2)
Frags per rank : 2
Repeats        : 1
Samples        : 20
Threshold      : (per-fragment, formula)
GPUs visible   : 2


========== EXPERIMENT METRICS (global) ==========
Mode              : BASELINE
M x K x N         : 7936 x 1024 x 7936
Process grid      : 1 x 2
Frags per rank    : 2
Total fragments   : 4
Repeats           : 1
Threshold used    : 69.1804
--- Timing (worst rank) ---
Baseline   min/med/max : 12.1773 / 12.2254 / 13.1581  ms
Baseline   GFLOPS (med): 10550.4360  (min 9802.5522, max 10592.0899)
Protected  min/med/max : 12.1773 / 12.2254 / 13.1581  ms
Protected  GFLOPS (med): 10550.4360  (min 9802.5522, max 10592.0899)
Overhead (median)      : 0.0000 %
--- Confusion Matrix (global) ---
TP / TN / FP / FN     : 0 / 80 / 0 / 0
Recall                : 0.0000
Detection precision   : 0.0000
Correction precision  : 0.0000 %
==================================================

--- ns 7936x1024x7936 F=4 ---
=== ABFT GEMM (cuBLAS, online pipelined) ===
Mode           : baseline  (inject=none)
M x K x N      : 7936 x 1024 x 7936
Process grid   : 1 x 2  (world=2)
Frags per rank : 4
Repeats        : 1
Samples        : 20
Threshold      : (per-fragment, formula)
GPUs visible   : 2


========== EXPERIMENT METRICS (global) ==========
Mode              : BASELINE
M x K x N         : 7936 x 1024 x 7936
Process grid      : 1 x 2
Frags per rank    : 4
Total fragments   : 8
Repeats           : 1
Threshold used    : 35.4088
--- Timing (worst rank) ---
Baseline   min/med/max : 12.4293 / 12.6324 / 13.6145  ms
Baseline   GFLOPS (med): 10210.5092  (min 9473.9773, max 10377.3825)
Protected  min/med/max : 12.4293 / 12.6324 / 13.6145  ms
Protected  GFLOPS (med): 10210.5092  (min 9473.9773, max 10377.3825)
Overhead (median)      : 0.0000 %
--- Confusion Matrix (global) ---
TP / TN / FP / FN     : 0 / 160 / 0 / 0
Recall                : 0.0000
Detection precision   : 0.0000
Correction precision  : 0.0000 %
==================================================

--- ns 7936x1024x7936 F=8 ---
=== ABFT GEMM (cuBLAS, online pipelined) ===
Mode           : baseline  (inject=none)
M x K x N      : 7936 x 1024 x 7936
Process grid   : 1 x 2  (world=2)
Frags per rank : 8
Repeats        : 1
Samples        : 20
Threshold      : (per-fragment, formula)
GPUs visible   : 2


========== EXPERIMENT METRICS (global) ==========
Mode              : BASELINE
M x K x N         : 7936 x 1024 x 7936
Process grid      : 1 x 2
Frags per rank    : 8
Total fragments   : 16
Repeats           : 1
Threshold used    : 18.2532
--- Timing (worst rank) ---
Baseline   min/med/max : 13.0288 / 13.3150 / 13.9078  ms
Baseline   GFLOPS (med): 9687.0675  (min 9274.1433, max 9899.8600)
Protected  min/med/max : 13.0288 / 13.3150 / 13.9078  ms
Protected  GFLOPS (med): 9687.0675  (min 9274.1433, max 9899.8600)
Overhead (median)      : 0.0000 %
--- Confusion Matrix (global) ---
TP / TN / FP / FN     : 0 / 320 / 0 / 0
Recall                : 0.0000
Detection precision   : 0.0000
Correction precision  : 0.0000 %
==================================================

--- ns 7936x1024x7936 F=16 ---
=== ABFT GEMM (cuBLAS, online pipelined) ===
Mode           : baseline  (inject=none)
M x K x N      : 7936 x 1024 x 7936
Process grid   : 1 x 2  (world=2)
Frags per rank : 16
Repeats        : 1
Samples        : 20
Threshold      : (per-fragment, formula)
GPUs visible   : 2


========== EXPERIMENT METRICS (global) ==========
Mode              : BASELINE
M x K x N         : 7936 x 1024 x 7936
Process grid      : 1 x 2
Frags per rank    : 16
Total fragments   : 32
Repeats           : 1
Threshold used    : 9.2543
--- Timing (worst rank) ---
Baseline   min/med/max : 13.7873 / 13.9599 / 14.4829  ms
Baseline   GFLOPS (med): 9239.5603  (min 8905.8898, max 9355.2005)
Protected  min/med/max : 13.7873 / 13.9599 / 14.4829  ms
Protected  GFLOPS (med): 9239.5603  (min 8905.8898, max 9355.2005)
Overhead (median)      : 0.0000 %
--- Confusion Matrix (global) ---
TP / TN / FP / FN     : 0 / 640 / 0 / 0
Recall                : 0.0000
Detection precision   : 0.0000
Correction precision  : 0.0000 %
==================================================

--- ns 7936x1024x7936 F=32 ---
=== ABFT GEMM (cuBLAS, online pipelined) ===
Mode           : baseline  (inject=none)
M x K x N      : 7936 x 1024 x 7936
Process grid   : 1 x 2  (world=2)
Frags per rank : 32
Repeats        : 1
Samples        : 20
Threshold      : (per-fragment, formula)
GPUs visible   : 2


========== EXPERIMENT METRICS (global) ==========
Mode              : BASELINE
M x K x N         : 7936 x 1024 x 7936
Process grid      : 1 x 2
Frags per rank    : 32
Total fragments   : 64
Repeats           : 1
Threshold used    : 4.8664
--- Timing (worst rank) ---
Baseline   min/med/max : 16.1014 / 16.8019 / 18.2259  ms
Baseline   GFLOPS (med): 7676.7018  (min 7076.9258, max 8010.6945)
Protected  min/med/max : 16.1014 / 16.8019 / 18.2259  ms
Protected  GFLOPS (med): 7676.7018  (min 7076.9258, max 8010.6945)
Overhead (median)      : 0.0000 %
--- Confusion Matrix (global) ---
TP / TN / FP / FN     : 0 / 1280 / 0 / 0
Recall                : 0.0000
Detection precision   : 0.0000
Correction precision  : 0.0000 %
==================================================

--- ns 8192x1024x8192 F=1 ---
=== ABFT GEMM (cuBLAS, online pipelined) ===
Mode           : baseline  (inject=none)
M x K x N      : 8192 x 1024 x 8192
Process grid   : 1 x 2  (world=2)
Frags per rank : 1
Repeats        : 1
Samples        : 20
Threshold      : (per-fragment, formula)
GPUs visible   : 2


========== EXPERIMENT METRICS (global) ==========
Mode              : BASELINE
M x K x N         : 8192 x 1024 x 8192
Process grid      : 1 x 2
Frags per rank    : 1
Total fragments   : 2
Repeats           : 1
Threshold used    : 141.4560
--- Timing (worst rank) ---
Baseline   min/med/max : 12.6380 / 12.6561 / 13.5415  ms
Baseline   GFLOPS (med): 10859.4651  (min 10149.4420, max 10875.0634)
Protected  min/med/max : 12.6380 / 12.6561 / 13.5415  ms
Protected  GFLOPS (med): 10859.4651  (min 10149.4420, max 10875.0634)
Overhead (median)      : 0.0000 %
--- Confusion Matrix (global) ---
TP / TN / FP / FN     : 0 / 40 / 0 / 0
Recall                : 0.0000
Detection precision   : 0.0000
Correction precision  : 0.0000 %
==================================================

--- ns 8192x1024x8192 F=2 ---
=== ABFT GEMM (cuBLAS, online pipelined) ===
Mode           : baseline  (inject=none)
M x K x N      : 8192 x 1024 x 8192
Process grid   : 1 x 2  (world=2)
Frags per rank : 2
Repeats        : 1
Samples        : 20
Threshold      : (per-fragment, formula)
GPUs visible   : 2


========== EXPERIMENT METRICS (global) ==========
Mode              : BASELINE
M x K x N         : 8192 x 1024 x 8192
Process grid      : 1 x 2
Frags per rank    : 2
Total fragments   : 4
Repeats           : 1
Threshold used    : 71.2967
--- Timing (worst rank) ---
Baseline   min/med/max : 12.6271 / 12.9154 / 14.0163  ms
Baseline   GFLOPS (med): 10641.4465  (min 9805.6172, max 10884.4010)
Protected  min/med/max : 12.6271 / 12.9154 / 14.0163  ms
Protected  GFLOPS (med): 10641.4465  (min 9805.6172, max 10884.4010)
Overhead (median)      : 0.0000 %
--- Confusion Matrix (global) ---
TP / TN / FP / FN     : 0 / 80 / 0 / 0
Recall                : 0.0000
Detection precision   : 0.0000
Correction precision  : 0.0000 %
==================================================

--- ns 8192x1024x8192 F=4 ---
=== ABFT GEMM (cuBLAS, online pipelined) ===
Mode           : baseline  (inject=none)
M x K x N      : 8192 x 1024 x 8192
Process grid   : 1 x 2  (world=2)
Frags per rank : 4
Repeats        : 1
Samples        : 20
Threshold      : (per-fragment, formula)
GPUs visible   : 2


========== EXPERIMENT METRICS (global) ==========
Mode              : BASELINE
M x K x N         : 8192 x 1024 x 8192
Process grid      : 1 x 2
Frags per rank    : 4
Total fragments   : 8
Repeats           : 1
Threshold used    : 36.2473
--- Timing (worst rank) ---
Baseline   min/med/max : 12.6407 / 13.1111 / 13.6852  ms
Baseline   GFLOPS (med): 10482.6361  (min 10042.8764, max 10872.6907)
Protected  min/med/max : 12.6407 / 13.1111 / 13.6852  ms
Protected  GFLOPS (med): 10482.6361  (min 10042.8764, max 10872.6907)
Overhead (median)      : 0.0000 %
--- Confusion Matrix (global) ---
TP / TN / FP / FN     : 0 / 160 / 0 / 0
Recall                : 0.0000
Detection precision   : 0.0000
Correction precision  : 0.0000 %
==================================================

--- ns 8192x1024x8192 F=8 ---
=== ABFT GEMM (cuBLAS, online pipelined) ===
Mode           : baseline  (inject=none)
M x K x N      : 8192 x 1024 x 8192
Process grid   : 1 x 2  (world=2)
Frags per rank : 8
Repeats        : 1
Samples        : 20
Threshold      : (per-fragment, formula)
GPUs visible   : 2


========== EXPERIMENT METRICS (global) ==========
Mode              : BASELINE
M x K x N         : 8192 x 1024 x 8192
Process grid      : 1 x 2
Frags per rank    : 8
Total fragments   : 16
Repeats           : 1
Threshold used    : 18.4114
--- Timing (worst rank) ---
Baseline   min/med/max : 13.1978 / 13.5759 / 14.3190  ms
Baseline   GFLOPS (med): 10123.7393  (min 9598.3813, max 10413.8162)
Protected  min/med/max : 13.1978 / 13.5759 / 14.3190  ms
Protected  GFLOPS (med): 10123.7393  (min 9598.3813, max 10413.8162)
Overhead (median)      : 0.0000 %
--- Confusion Matrix (global) ---
TP / TN / FP / FN     : 0 / 320 / 0 / 0
Recall                : 0.0000
Detection precision   : 0.0000
Correction precision  : 0.0000 %
==================================================

--- ns 8192x1024x8192 F=16 ---
=== ABFT GEMM (cuBLAS, online pipelined) ===
Mode           : baseline  (inject=none)
M x K x N      : 8192 x 1024 x 8192
Process grid   : 1 x 2  (world=2)
Frags per rank : 16
Repeats        : 1
Samples        : 20
Threshold      : (per-fragment, formula)
GPUs visible   : 2


========== EXPERIMENT METRICS (global) ==========
Mode              : BASELINE
M x K x N         : 8192 x 1024 x 8192
Process grid      : 1 x 2
Frags per rank    : 16
Total fragments   : 32
Repeats           : 1
Threshold used    : 9.4772
--- Timing (worst rank) ---
Baseline   min/med/max : 13.8565 / 13.8855 / 14.7020  ms
Baseline   GFLOPS (med): 9898.0062  (min 9348.3041, max 9918.7366)
Protected  min/med/max : 13.8565 / 13.8855 / 14.7020  ms
Protected  GFLOPS (med): 9898.0062  (min 9348.3041, max 9918.7366)
Overhead (median)      : 0.0000 %
--- Confusion Matrix (global) ---
TP / TN / FP / FN     : 0 / 640 / 0 / 0
Recall                : 0.0000
Detection precision   : 0.0000
Correction precision  : 0.0000 %
==================================================

--- ns 8192x1024x8192 F=32 ---
=== ABFT GEMM (cuBLAS, online pipelined) ===
Mode           : baseline  (inject=none)
M x K x N      : 8192 x 1024 x 8192
Process grid   : 1 x 2  (world=2)
Frags per rank : 32
Repeats        : 1
Samples        : 20
Threshold      : (per-fragment, formula)
GPUs visible   : 2


========== EXPERIMENT METRICS (global) ==========
Mode              : BASELINE
M x K x N         : 8192 x 1024 x 8192
Process grid      : 1 x 2
Frags per rank    : 32
Total fragments   : 64
Repeats           : 1
Threshold used    : 5.1273
--- Timing (worst rank) ---
Baseline   min/med/max : 16.2909 / 17.0219 / 18.2511  ms
Baseline   GFLOPS (med): 8074.2561  (min 7530.4617, max 8436.5564)
Protected  min/med/max : 16.2909 / 17.0219 / 18.2511  ms
Protected  GFLOPS (med): 8074.2561  (min 7530.4617, max 8436.5564)
Overhead (median)      : 0.0000 %
--- Confusion Matrix (global) ---
TP / TN / FP / FN     : 0 / 1280 / 0 / 0
Recall                : 0.0000
Detection precision   : 0.0000
Correction precision  : 0.0000 %
==================================================

--- ns 8448x1024x8448 F=1 ---
=== ABFT GEMM (cuBLAS, online pipelined) ===
Mode           : baseline  (inject=none)
M x K x N      : 8448 x 1024 x 8448
Process grid   : 1 x 2  (world=2)
Frags per rank : 1
Repeats        : 1
Samples        : 20
Threshold      : (per-fragment, formula)
GPUs visible   : 2


========== EXPERIMENT METRICS (global) ==========
Mode              : BASELINE
M x K x N         : 8448 x 1024 x 8448
Process grid      : 1 x 2
Frags per rank    : 1
Total fragments   : 2
Repeats           : 1
Threshold used    : 145.8491
--- Timing (worst rank) ---
Baseline   min/med/max : 13.8829 / 13.9231 / 15.4590  ms
Baseline   GFLOPS (med): 10497.8724  (min 9454.9052, max 10528.3001)
Protected  min/med/max : 13.8829 / 13.9231 / 15.4590  ms
Protected  GFLOPS (med): 10497.8724  (min 9454.9052, max 10528.3001)
Overhead (median)      : 0.0000 %
--- Confusion Matrix (global) ---
TP / TN / FP / FN     : 0 / 40 / 0 / 0
Recall                : 0.0000
Detection precision   : 0.0000
Correction precision  : 0.0000 %
==================================================

--- ns 8448x1024x8448 F=2 ---
=== ABFT GEMM (cuBLAS, online pipelined) ===
Mode           : baseline  (inject=none)
M x K x N      : 8448 x 1024 x 8448
Process grid   : 1 x 2  (world=2)
Frags per rank : 2
Repeats        : 1
Samples        : 20
Threshold      : (per-fragment, formula)
GPUs visible   : 2


========== EXPERIMENT METRICS (global) ==========
Mode              : BASELINE
M x K x N         : 8448 x 1024 x 8448
Process grid      : 1 x 2
Frags per rank    : 2
Total fragments   : 4
Repeats           : 1
Threshold used    : 73.1077
--- Timing (worst rank) ---
Baseline   min/med/max : 13.9549 / 14.3277 / 15.0887  ms
Baseline   GFLOPS (med): 10201.4304  (min 9686.9488, max 10473.9810)
Protected  min/med/max : 13.9549 / 14.3277 / 15.0887  ms
Protected  GFLOPS (med): 10201.4304  (min 9686.9488, max 10473.9810)
Overhead (median)      : 0.0000 %
--- Confusion Matrix (global) ---
TP / TN / FP / FN     : 0 / 80 / 0 / 0
Recall                : 0.0000
Detection precision   : 0.0000
Correction precision  : 0.0000 %
==================================================

--- ns 8448x1024x8448 F=4 ---
=== ABFT GEMM (cuBLAS, online pipelined) ===
Mode           : baseline  (inject=none)
M x K x N      : 8448 x 1024 x 8448
Process grid   : 1 x 2  (world=2)
Frags per rank : 4
Repeats        : 1
Samples        : 20
Threshold      : (per-fragment, formula)
GPUs visible   : 2


========== EXPERIMENT METRICS (global) ==========
Mode              : BASELINE
M x K x N         : 8448 x 1024 x 8448
Process grid      : 1 x 2
Frags per rank    : 4
Total fragments   : 8
Repeats           : 1
Threshold used    : 37.2410
--- Timing (worst rank) ---
Baseline   min/med/max : 15.1875 / 15.8584 / 16.3407  ms
Baseline   GFLOPS (med): 9216.7543  (min 8944.7459, max 9623.8879)
Protected  min/med/max : 15.1875 / 15.8584 / 16.3407  ms
Protected  GFLOPS (med): 9216.7543  (min 8944.7459, max 9623.8879)
Overhead (median)      : 0.0000 %
--- Confusion Matrix (global) ---
TP / TN / FP / FN     : 0 / 160 / 0 / 0
Recall                : 0.0000
Detection precision   : 0.0000
Correction precision  : 0.0000 %
==================================================

--- ns 8448x1024x8448 F=8 ---
=== ABFT GEMM (cuBLAS, online pipelined) ===
Mode           : baseline  (inject=none)
M x K x N      : 8448 x 1024 x 8448
Process grid   : 1 x 2  (world=2)
Frags per rank : 8
Repeats        : 1
Samples        : 20
Threshold      : (per-fragment, formula)
GPUs visible   : 2


========== EXPERIMENT METRICS (global) ==========
Mode              : BASELINE
M x K x N         : 8448 x 1024 x 8448
Process grid      : 1 x 2
Frags per rank    : 8
Total fragments   : 16
Repeats           : 1
Threshold used    : 19.1764
--- Timing (worst rank) ---
Baseline   min/med/max : 16.1081 / 16.6398 / 17.4278  ms
Baseline   GFLOPS (med): 8783.9339  (min 8386.7924, max 9073.9112)
Protected  min/med/max : 16.1081 / 16.6398 / 17.4278  ms
Protected  GFLOPS (med): 8783.9339  (min 8386.7924, max 9073.9112)
Overhead (median)      : 0.0000 %
--- Confusion Matrix (global) ---
TP / TN / FP / FN     : 0 / 320 / 0 / 0
Recall                : 0.0000
Detection precision   : 0.0000
Correction precision  : 0.0000 %
==================================================

--- ns 8448x1024x8448 F=16 ---
=== ABFT GEMM (cuBLAS, online pipelined) ===
Mode           : baseline  (inject=none)
M x K x N      : 8448 x 1024 x 8448
Process grid   : 1 x 2  (world=2)
Frags per rank : 16
Repeats        : 1
Samples        : 20
Threshold      : (per-fragment, formula)
GPUs visible   : 2


========== EXPERIMENT METRICS (global) ==========
Mode              : BASELINE
M x K x N         : 8448 x 1024 x 8448
Process grid      : 1 x 2
Frags per rank    : 16
Total fragments   : 32
Repeats           : 1
Threshold used    : 9.8198
--- Timing (worst rank) ---
Baseline   min/med/max : 21.2499 / 21.5431 / 21.9935  ms
Baseline   GFLOPS (med): 6784.6746  (min 6645.7311, max 6878.3101)
Protected  min/med/max : 21.2499 / 21.5431 / 21.9935  ms
Protected  GFLOPS (med): 6784.6746  (min 6645.7311, max 6878.3101)
Overhead (median)      : 0.0000 %
--- Confusion Matrix (global) ---
TP / TN / FP / FN     : 0 / 640 / 0 / 0
Recall                : 0.0000
Detection precision   : 0.0000
Correction precision  : 0.0000 %
==================================================

--- ns 8448x1024x8448 F=32 ---
=== ABFT GEMM (cuBLAS, online pipelined) ===
Mode           : baseline  (inject=none)
M x K x N      : 8448 x 1024 x 8448
Process grid   : 1 x 2  (world=2)
Frags per rank : 32
Repeats        : 1
Samples        : 20
Threshold      : (per-fragment, formula)
GPUs visible   : 2


========== EXPERIMENT METRICS (global) ==========
Mode              : BASELINE
M x K x N         : 8448 x 1024 x 8448
Process grid      : 1 x 2
Frags per rank    : 32
Total fragments   : 64
Repeats           : 1
Threshold used    : 5.1052
--- Timing (worst rank) ---
Baseline   min/med/max : 27.4925 / 27.5372 / 28.1997  ms
Baseline   GFLOPS (med): 5307.8408  (min 5183.1429, max 5316.4695)
Protected  min/med/max : 27.4925 / 27.5372 / 28.1997  ms
Protected  GFLOPS (med): 5307.8408  (min 5183.1429, max 5316.4695)
Overhead (median)      : 0.0000 %
--- Confusion Matrix (global) ---
TP / TN / FP / FN     : 0 / 1280 / 0 / 0
Recall                : 0.0000
Detection precision   : 0.0000
Correction precision  : 0.0000 %
==================================================

--- ns 8704x1024x8704 F=1 ---
=== ABFT GEMM (cuBLAS, online pipelined) ===
Mode           : baseline  (inject=none)
M x K x N      : 8704 x 1024 x 8704
Process grid   : 1 x 2  (world=2)
Frags per rank : 1
Repeats        : 1
Samples        : 20
Threshold      : (per-fragment, formula)
GPUs visible   : 2


========== EXPERIMENT METRICS (global) ==========
Mode              : BASELINE
M x K x N         : 8704 x 1024 x 8704
Process grid      : 1 x 2
Frags per rank    : 1
Total fragments   : 2
Repeats           : 1
Threshold used    : 149.3516
--- Timing (worst rank) ---
Baseline   min/med/max : 14.2659 / 14.7850 / 15.5664  ms
Baseline   GFLOPS (med): 10494.1564  (min 9967.3735, max 10875.9790)
Protected  min/med/max : 14.2659 / 14.7850 / 15.5664  ms
Protected  GFLOPS (med): 10494.1564  (min 9967.3735, max 10875.9790)
Overhead (median)      : 0.0000 %
--- Confusion Matrix (global) ---
TP / TN / FP / FN     : 0 / 40 / 0 / 0
Recall                : 0.0000
Detection precision   : 0.0000
Correction precision  : 0.0000 %
==================================================

--- ns 8704x1024x8704 F=2 ---
=== ABFT GEMM (cuBLAS, online pipelined) ===
Mode           : baseline  (inject=none)
M x K x N      : 8704 x 1024 x 8704
Process grid   : 1 x 2  (world=2)
Frags per rank : 2
Repeats        : 1
Samples        : 20
Threshold      : (per-fragment, formula)
GPUs visible   : 2


========== EXPERIMENT METRICS (global) ==========
Mode              : BASELINE
M x K x N         : 8704 x 1024 x 8704
Process grid      : 1 x 2
Frags per rank    : 2
Total fragments   : 4
Repeats           : 1
Threshold used    : 76.1986
--- Timing (worst rank) ---
Baseline   min/med/max : 14.3385 / 14.4372 / 16.1650  ms
Baseline   GFLOPS (med): 10746.9179  (min 9598.2216, max 10820.9507)
Protected  min/med/max : 14.3385 / 14.4372 / 16.1650  ms
Protected  GFLOPS (med): 10746.9179  (min 9598.2216, max 10820.9507)
Overhead (median)      : 0.0000 %
--- Confusion Matrix (global) ---
TP / TN / FP / FN     : 0 / 80 / 0 / 0
Recall                : 0.0000
Detection precision   : 0.0000
Correction precision  : 0.0000 %
==================================================

--- ns 8704x1024x8704 F=4 ---
=== ABFT GEMM (cuBLAS, online pipelined) ===
Mode           : baseline  (inject=none)
M x K x N      : 8704 x 1024 x 8704
Process grid   : 1 x 2  (world=2)
Frags per rank : 4
Repeats        : 1
Samples        : 20
Threshold      : (per-fragment, formula)
GPUs visible   : 2


========== EXPERIMENT METRICS (global) ==========
Mode              : BASELINE
M x K x N         : 8704 x 1024 x 8704
Process grid      : 1 x 2
Frags per rank    : 4
Total fragments   : 8
Repeats           : 1
Threshold used    : 38.6790
--- Timing (worst rank) ---
Baseline   min/med/max : 15.3589 / 15.3929 / 16.3623  ms
Baseline   GFLOPS (med): 10079.6647  (min 9482.5037, max 10101.9911)
Protected  min/med/max : 15.3589 / 15.3929 / 16.3623  ms
Protected  GFLOPS (med): 10079.6647  (min 9482.5037, max 10101.9911)
Overhead (median)      : 0.0000 %
--- Confusion Matrix (global) ---
TP / TN / FP / FN     : 0 / 160 / 0 / 0
Recall                : 0.0000
Detection precision   : 0.0000
Correction precision  : 0.0000 %
==================================================

--- ns 8704x1024x8704 F=8 ---
=== ABFT GEMM (cuBLAS, online pipelined) ===
Mode           : baseline  (inject=none)
M x K x N      : 8704 x 1024 x 8704
Process grid   : 1 x 2  (world=2)
Frags per rank : 8
Repeats        : 1
Samples        : 20
Threshold      : (per-fragment, formula)
GPUs visible   : 2


========== EXPERIMENT METRICS (global) ==========
Mode              : BASELINE
M x K x N         : 8704 x 1024 x 8704
Process grid      : 1 x 2
Frags per rank    : 8
Total fragments   : 16
Repeats           : 1
Threshold used    : 19.9461
--- Timing (worst rank) ---
Baseline   min/med/max : 17.4849 / 17.9588 / 19.1609  ms
Baseline   GFLOPS (med): 8639.5164  (min 8097.5358, max 8873.6756)
Protected  min/med/max : 17.4849 / 17.9588 / 19.1609  ms
Protected  GFLOPS (med): 8639.5164  (min 8097.5358, max 8873.6756)
Overhead (median)      : 0.0000 %
--- Confusion Matrix (global) ---
TP / TN / FP / FN     : 0 / 320 / 0 / 0
Recall                : 0.0000
Detection precision   : 0.0000
Correction precision  : 0.0000 %
==================================================

--- ns 8704x1024x8704 F=16 ---
=== ABFT GEMM (cuBLAS, online pipelined) ===
Mode           : baseline  (inject=none)
M x K x N      : 8704 x 1024 x 8704
Process grid   : 1 x 2  (world=2)
Frags per rank : 16
Repeats        : 1
Samples        : 20
Threshold      : (per-fragment, formula)
GPUs visible   : 2


========== EXPERIMENT METRICS (global) ==========
Mode              : BASELINE
M x K x N         : 8704 x 1024 x 8704
Process grid      : 1 x 2
Frags per rank    : 16
Total fragments   : 32
Repeats           : 1
Threshold used    : 10.3768
--- Timing (worst rank) ---
Baseline   min/med/max : 21.2624 / 21.9500 / 22.5256  ms
Baseline   GFLOPS (med): 7068.5820  (min 6887.9618, max 7297.1726)
Protected  min/med/max : 21.2624 / 21.9500 / 22.5256  ms
Protected  GFLOPS (med): 7068.5820  (min 6887.9618, max 7297.1726)
Overhead (median)      : 0.0000 %
--- Confusion Matrix (global) ---
TP / TN / FP / FN     : 0 / 640 / 0 / 0
Recall                : 0.0000
Detection precision   : 0.0000
Correction precision  : 0.0000 %
==================================================

--- ns 8704x1024x8704 F=32 ---
=== ABFT GEMM (cuBLAS, online pipelined) ===
Mode           : baseline  (inject=none)
M x K x N      : 8704 x 1024 x 8704
Process grid   : 1 x 2  (world=2)
Frags per rank : 32
Repeats        : 1
Samples        : 20
Threshold      : (per-fragment, formula)
GPUs visible   : 2


========== EXPERIMENT METRICS (global) ==========
Mode              : BASELINE
M x K x N         : 8704 x 1024 x 8704
Process grid      : 1 x 2
Frags per rank    : 32
Total fragments   : 64
Repeats           : 1
Threshold used    : 5.1921
--- Timing (worst rank) ---
Baseline   min/med/max : 27.6405 / 28.0023 / 28.6723  ms
Baseline   GFLOPS (med): 5540.8139  (min 5411.3521, max 5613.3400)
Protected  min/med/max : 27.6405 / 28.0023 / 28.6723  ms
Protected  GFLOPS (med): 5540.8139  (min 5411.3521, max 5613.3400)
Overhead (median)      : 0.0000 %
--- Confusion Matrix (global) ---
TP / TN / FP / FN     : 0 / 1280 / 0 / 0
Recall                : 0.0000
Detection precision   : 0.0000
Correction precision  : 0.0000 %
==================================================

--- ns 8960x1024x8960 F=1 ---
=== ABFT GEMM (cuBLAS, online pipelined) ===
Mode           : baseline  (inject=none)
M x K x N      : 8960 x 1024 x 8960
Process grid   : 1 x 2  (world=2)
Frags per rank : 1
Repeats        : 1
Samples        : 20
Threshold      : (per-fragment, formula)
GPUs visible   : 2


========== EXPERIMENT METRICS (global) ==========
Mode              : BASELINE
M x K x N         : 8960 x 1024 x 8960
Process grid      : 1 x 2
Frags per rank    : 1
Total fragments   : 2
Repeats           : 1
Threshold used    : 154.6207
--- Timing (worst rank) ---
Baseline   min/med/max : 15.4556 / 15.5172 / 16.8156  ms
Baseline   GFLOPS (med): 10595.7401  (min 9777.6249, max 10638.0125)
Protected  min/med/max : 15.4556 / 15.5172 / 16.8156  ms
Protected  GFLOPS (med): 10595.7401  (min 9777.6249, max 10638.0125)
Overhead (median)      : 0.0000 %
--- Confusion Matrix (global) ---
TP / TN / FP / FN     : 0 / 40 / 0 / 0
Recall                : 0.0000
Detection precision   : 0.0000
Correction precision  : 0.0000 %
==================================================

--- ns 8960x1024x8960 F=2 ---
=== ABFT GEMM (cuBLAS, online pipelined) ===
Mode           : baseline  (inject=none)
M x K x N      : 8960 x 1024 x 8960
Process grid   : 1 x 2  (world=2)
Frags per rank : 2
Repeats        : 1
Samples        : 20
Threshold      : (per-fragment, formula)
GPUs visible   : 2


========== EXPERIMENT METRICS (global) ==========
Mode              : BASELINE
M x K x N         : 8960 x 1024 x 8960
Process grid      : 1 x 2
Frags per rank    : 2
Total fragments   : 4
Repeats           : 1
Threshold used    : 78.0906
--- Timing (worst rank) ---
Baseline   min/med/max : 15.6765 / 16.4628 / 17.0389  ms
Baseline   GFLOPS (med): 9987.1642  (min 9649.4981, max 10488.1098)
Protected  min/med/max : 15.6765 / 16.4628 / 17.0389  ms
Protected  GFLOPS (med): 9987.1642  (min 9649.4981, max 10488.1098)
Overhead (median)      : 0.0000 %
--- Confusion Matrix (global) ---
TP / TN / FP / FN     : 0 / 80 / 0 / 0
Recall                : 0.0000
Detection precision   : 0.0000
Correction precision  : 0.0000 %
==================================================

--- ns 8960x1024x8960 F=4 ---
=== ABFT GEMM (cuBLAS, online pipelined) ===
Mode           : baseline  (inject=none)
M x K x N      : 8960 x 1024 x 8960
Process grid   : 1 x 2  (world=2)
Frags per rank : 4
Repeats        : 1
Samples        : 20
Threshold      : (per-fragment, formula)
GPUs visible   : 2


========== EXPERIMENT METRICS (global) ==========
Mode              : BASELINE
M x K x N         : 8960 x 1024 x 8960
Process grid      : 1 x 2
Frags per rank    : 4
Total fragments   : 8
Repeats           : 1
Threshold used    : 39.4678
--- Timing (worst rank) ---
Baseline   min/med/max : 16.1429 / 16.7052 / 17.2392  ms
Baseline   GFLOPS (med): 9842.2230  (min 9537.3513, max 10185.0680)
Protected  min/med/max : 16.1429 / 16.7052 / 17.2392  ms
Protected  GFLOPS (med): 9842.2230  (min 9537.3513, max 10185.0680)
Overhead (median)      : 0.0000 %
--- Confusion Matrix (global) ---
TP / TN / FP / FN     : 0 / 160 / 0 / 0
Recall                : 0.0000
Detection precision   : 0.0000
Correction precision  : 0.0000 %
==================================================

--- ns 8960x1024x8960 F=8 ---
=== ABFT GEMM (cuBLAS, online pipelined) ===
Mode           : baseline  (inject=none)
M x K x N      : 8960 x 1024 x 8960
Process grid   : 1 x 2  (world=2)
Frags per rank : 8
Repeats        : 1
Samples        : 20
Threshold      : (per-fragment, formula)
GPUs visible   : 2


========== EXPERIMENT METRICS (global) ==========
Mode              : BASELINE
M x K x N         : 8960 x 1024 x 8960
Process grid      : 1 x 2
Frags per rank    : 8
Total fragments   : 16
Repeats           : 1
Threshold used    : 20.5008
--- Timing (worst rank) ---
Baseline   min/med/max : 17.9556 / 18.3651 / 19.2769  ms
Baseline   GFLOPS (med): 8952.6730  (min 8529.2152, max 9156.8489)
Protected  min/med/max : 17.9556 / 18.3651 / 19.2769  ms
Protected  GFLOPS (med): 8952.6730  (min 8529.2152, max 9156.8489)
Overhead (median)      : 0.0000 %
--- Confusion Matrix (global) ---
TP / TN / FP / FN     : 0 / 320 / 0 / 0
Recall                : 0.0000
Detection precision   : 0.0000
Correction precision  : 0.0000 %
==================================================

--- ns 8960x1024x8960 F=16 ---
=== ABFT GEMM (cuBLAS, online pipelined) ===
Mode           : baseline  (inject=none)
M x K x N      : 8960 x 1024 x 8960
Process grid   : 1 x 2  (world=2)
Frags per rank : 16
Repeats        : 1
Samples        : 20
Threshold      : (per-fragment, formula)
GPUs visible   : 2


========== EXPERIMENT METRICS (global) ==========
Mode              : BASELINE
M x K x N         : 8960 x 1024 x 8960
Process grid      : 1 x 2
Frags per rank    : 16
Total fragments   : 32
Repeats           : 1
Threshold used    : 10.4102
--- Timing (worst rank) ---
Baseline   min/med/max : 21.7078 / 22.9478 / 23.8885  ms
Baseline   GFLOPS (med): 7164.7989  (min 6882.6659, max 7574.0687)
Protected  min/med/max : 21.7078 / 22.9478 / 23.8885  ms
Protected  GFLOPS (med): 7164.7989  (min 6882.6659, max 7574.0687)
Overhead (median)      : 0.0000 %
--- Confusion Matrix (global) ---
TP / TN / FP / FN     : 0 / 640 / 0 / 0
Recall                : 0.0000
Detection precision   : 0.0000
Correction precision  : 0.0000 %
==================================================

--- ns 8960x1024x8960 F=32 ---
=== ABFT GEMM (cuBLAS, online pipelined) ===
Mode           : baseline  (inject=none)
M x K x N      : 8960 x 1024 x 8960
Process grid   : 1 x 2  (world=2)
Frags per rank : 32
Repeats        : 1
Samples        : 20
Threshold      : (per-fragment, formula)
GPUs visible   : 2


========== EXPERIMENT METRICS (global) ==========
Mode              : BASELINE
M x K x N         : 8960 x 1024 x 8960
Process grid      : 1 x 2
Frags per rank    : 32
Total fragments   : 64
Repeats           : 1
Threshold used    : 5.4212
--- Timing (worst rank) ---
Baseline   min/med/max : 27.8438 / 28.2818 / 29.2693  ms
Baseline   GFLOPS (med): 5813.5128  (min 5617.3774, max 5904.9618)
Protected  min/med/max : 27.8438 / 28.2818 / 29.2693  ms
Protected  GFLOPS (med): 5813.5128  (min 5617.3774, max 5904.9618)
Overhead (median)      : 0.0000 %
--- Confusion Matrix (global) ---
TP / TN / FP / FN     : 0 / 1280 / 0 / 0
Recall                : 0.0000
Detection precision   : 0.0000
Correction precision  : 0.0000 %
==================================================

--- ns 9216x1024x9216 F=1 ---
=== ABFT GEMM (cuBLAS, online pipelined) ===
Mode           : baseline  (inject=none)
M x K x N      : 9216 x 1024 x 9216
Process grid   : 1 x 2  (world=2)
Frags per rank : 1
Repeats        : 1
Samples        : 20
Threshold      : (per-fragment, formula)
GPUs visible   : 2


========== EXPERIMENT METRICS (global) ==========
Mode              : BASELINE
M x K x N         : 9216 x 1024 x 9216
Process grid      : 1 x 2
Frags per rank    : 1
Total fragments   : 2
Repeats           : 1
Threshold used    : 159.4067
--- Timing (worst rank) ---
Baseline   min/med/max : 16.3975 / 16.5912 / 17.1375  ms
Baseline   GFLOPS (med): 10484.2116  (min 10150.0446, max 10608.1119)
Protected  min/med/max : 16.3975 / 16.5912 / 17.1375  ms
Protected  GFLOPS (med): 10484.2116  (min 10150.0446, max 10608.1119)
Overhead (median)      : 0.0000 %
--- Confusion Matrix (global) ---
TP / TN / FP / FN     : 0 / 40 / 0 / 0
Recall                : 0.0000
Detection precision   : 0.0000
Correction precision  : 0.0000 %
==================================================

--- ns 9216x1024x9216 F=2 ---
=== ABFT GEMM (cuBLAS, online pipelined) ===
Mode           : baseline  (inject=none)
M x K x N      : 9216 x 1024 x 9216
Process grid   : 1 x 2  (world=2)
Frags per rank : 2
Repeats        : 1
Samples        : 20
Threshold      : (per-fragment, formula)
GPUs visible   : 2


========== EXPERIMENT METRICS (global) ==========
Mode              : BASELINE
M x K x N         : 9216 x 1024 x 9216
Process grid      : 1 x 2
Frags per rank    : 2
Total fragments   : 4
Repeats           : 1
Threshold used    : 80.4096
--- Timing (worst rank) ---
Baseline   min/med/max : 15.9156 / 16.7916 / 17.8318  ms
Baseline   GFLOPS (med): 10359.0945  (min 9754.8425, max 10929.3079)
Protected  min/med/max : 15.9156 / 16.7916 / 17.8318  ms
Protected  GFLOPS (med): 10359.0945  (min 9754.8425, max 10929.3079)
Overhead (median)      : 0.0000 %
--- Confusion Matrix (global) ---
TP / TN / FP / FN     : 0 / 80 / 0 / 0
Recall                : 0.0000
Detection precision   : 0.0000
Correction precision  : 0.0000 %
==================================================

--- ns 9216x1024x9216 F=4 ---
=== ABFT GEMM (cuBLAS, online pipelined) ===
Mode           : baseline  (inject=none)
M x K x N      : 9216 x 1024 x 9216
Process grid   : 1 x 2  (world=2)
Frags per rank : 4
Repeats        : 1
Samples        : 20
Threshold      : (per-fragment, formula)
GPUs visible   : 2


========== EXPERIMENT METRICS (global) ==========
Mode              : BASELINE
M x K x N         : 9216 x 1024 x 9216
Process grid      : 1 x 2
Frags per rank    : 4
Total fragments   : 8
Repeats           : 1
Threshold used    : 40.6675
--- Timing (worst rank) ---
Baseline   min/med/max : 16.1026 / 16.3235 / 17.7127  ms
Baseline   GFLOPS (med): 10656.1898  (min 9820.4296, max 10802.3524)
Protected  min/med/max : 16.1026 / 16.3235 / 17.7127  ms
Protected  GFLOPS (med): 10656.1898  (min 9820.4296, max 10802.3524)
Overhead (median)      : 0.0000 %
--- Confusion Matrix (global) ---
TP / TN / FP / FN     : 0 / 160 / 0 / 0
Recall                : 0.0000
Detection precision   : 0.0000
Correction precision  : 0.0000 %
==================================================

--- ns 9216x1024x9216 F=8 ---
=== ABFT GEMM (cuBLAS, online pipelined) ===
Mode           : baseline  (inject=none)
M x K x N      : 9216 x 1024 x 9216
Process grid   : 1 x 2  (world=2)
Frags per rank : 8
Repeats        : 1
Samples        : 20
Threshold      : (per-fragment, formula)
GPUs visible   : 2


========== EXPERIMENT METRICS (global) ==========
Mode              : BASELINE
M x K x N         : 9216 x 1024 x 9216
Process grid      : 1 x 2
Frags per rank    : 8
Total fragments   : 16
Repeats           : 1
Threshold used    : 20.8314
--- Timing (worst rank) ---
Baseline   min/med/max : 18.2464 / 18.9272 / 19.8960  ms
Baseline   GFLOPS (med): 9190.2654  (min 8742.7690, max 9533.1538)
Protected  min/med/max : 18.2464 / 18.9272 / 19.8960  ms
Protected  GFLOPS (med): 9190.2654  (min 8742.7690, max 9533.1538)
Overhead (median)      : 0.0000 %
--- Confusion Matrix (global) ---
TP / TN / FP / FN     : 0 / 320 / 0 / 0
Recall                : 0.0000
Detection precision   : 0.0000
Correction precision  : 0.0000 %
==================================================

--- ns 9216x1024x9216 F=16 ---
=== ABFT GEMM (cuBLAS, online pipelined) ===
Mode           : baseline  (inject=none)
M x K x N      : 9216 x 1024 x 9216
Process grid   : 1 x 2  (world=2)
Frags per rank : 16
Repeats        : 1
Samples        : 20
Threshold      : (per-fragment, formula)
GPUs visible   : 2


========== EXPERIMENT METRICS (global) ==========
Mode              : BASELINE
M x K x N         : 9216 x 1024 x 9216
Process grid      : 1 x 2
Frags per rank    : 16
Total fragments   : 32
Repeats           : 1
Threshold used    : 10.7693
--- Timing (worst rank) ---
Baseline   min/med/max : 22.6555 / 23.2228 / 24.5828  ms
Baseline   GFLOPS (med): 7490.3269  (min 7075.9238, max 7677.8907)
Protected  min/med/max : 22.6555 / 23.2228 / 24.5828  ms
Protected  GFLOPS (med): 7490.3269  (min 7075.9238, max 7677.8907)
Overhead (median)      : 0.0000 %
--- Confusion Matrix (global) ---
TP / TN / FP / FN     : 0 / 640 / 0 / 0
Recall                : 0.0000
Detection precision   : 0.0000
Correction precision  : 0.0000 %
==================================================

--- ns 9216x1024x9216 F=32 ---
=== ABFT GEMM (cuBLAS, online pipelined) ===
Mode           : baseline  (inject=none)
M x K x N      : 9216 x 1024 x 9216
Process grid   : 1 x 2  (world=2)
Frags per rank : 32
Repeats        : 1
Samples        : 20
Threshold      : (per-fragment, formula)
GPUs visible   : 2


========== EXPERIMENT METRICS (global) ==========
Mode              : BASELINE
M x K x N         : 9216 x 1024 x 9216
Process grid      : 1 x 2
Frags per rank    : 32
Total fragments   : 64
Repeats           : 1
Threshold used    : 5.5096
--- Timing (worst rank) ---
Baseline   min/med/max : 28.3933 / 29.4097 / 29.9761  ms
Baseline   GFLOPS (med): 5914.5811  (min 5802.8286, max 6126.3126)
Protected  min/med/max : 28.3933 / 29.4097 / 29.9761  ms
Protected  GFLOPS (med): 5914.5811  (min 5802.8286, max 6126.3126)
Overhead (median)      : 0.0000 %
--- Confusion Matrix (global) ---
TP / TN / FP / FN     : 0 / 1280 / 0 / 0
Recall                : 0.0000
Detection precision   : 0.0000
Correction precision  : 0.0000 %
==================================================

--- ns 9472x1024x9472 F=1 ---
=== ABFT GEMM (cuBLAS, online pipelined) ===
Mode           : baseline  (inject=none)
M x K x N      : 9472 x 1024 x 9472
Process grid   : 1 x 2  (world=2)
Frags per rank : 1
Repeats        : 1
Samples        : 20
Threshold      : (per-fragment, formula)
GPUs visible   : 2


========== EXPERIMENT METRICS (global) ==========
Mode              : BASELINE
M x K x N         : 9472 x 1024 x 9472
Process grid      : 1 x 2
Frags per rank    : 1
Total fragments   : 2
Repeats           : 1
Threshold used    : 162.5083
--- Timing (worst rank) ---
Baseline   min/med/max : 17.3256 / 17.5646 / 18.8963  ms
Baseline   GFLOPS (med): 10461.0425  (min 9723.8311, max 10605.3498)
Protected  min/med/max : 17.3256 / 17.5646 / 18.8963  ms
Protected  GFLOPS (med): 10461.0425  (min 9723.8311, max 10605.3498)
Overhead (median)      : 0.0000 %
--- Confusion Matrix (global) ---
TP / TN / FP / FN     : 0 / 40 / 0 / 0
Recall                : 0.0000
Detection precision   : 0.0000
Correction precision  : 0.0000 %
==================================================

--- ns 9472x1024x9472 F=2 ---
=== ABFT GEMM (cuBLAS, online pipelined) ===
Mode           : baseline  (inject=none)
M x K x N      : 9472 x 1024 x 9472
Process grid   : 1 x 2  (world=2)
Frags per rank : 2
Repeats        : 1
Samples        : 20
Threshold      : (per-fragment, formula)
GPUs visible   : 2


========== EXPERIMENT METRICS (global) ==========
Mode              : BASELINE
M x K x N         : 9472 x 1024 x 9472
Process grid      : 1 x 2
Frags per rank    : 2
Total fragments   : 4
Repeats           : 1
Threshold used    : 82.2348
--- Timing (worst rank) ---
Baseline   min/med/max : 17.4307 / 18.3242 / 19.2397  ms
Baseline   GFLOPS (med): 10027.3927  (min 9550.2585, max 10541.4341)
Protected  min/med/max : 17.4307 / 18.3242 / 19.2397  ms
Protected  GFLOPS (med): 10027.3927  (min 9550.2585, max 10541.4341)
Overhead (median)      : 0.0000 %
--- Confusion Matrix (global) ---
TP / TN / FP / FN     : 0 / 80 / 0 / 0
Recall                : 0.0000
Detection precision   : 0.0000
Correction precision  : 0.0000 %
==================================================

--- ns 9472x1024x9472 F=4 ---
=== ABFT GEMM (cuBLAS, online pipelined) ===
Mode           : baseline  (inject=none)
M x K x N      : 9472 x 1024 x 9472
Process grid   : 1 x 2  (world=2)
Frags per rank : 4
Repeats        : 1
Samples        : 20
Threshold      : (per-fragment, formula)
GPUs visible   : 2


========== EXPERIMENT METRICS (global) ==========
Mode              : BASELINE
M x K x N         : 9472 x 1024 x 9472
Process grid      : 1 x 2
Frags per rank    : 4
Total fragments   : 8
Repeats           : 1
Threshold used    : 41.8909
--- Timing (worst rank) ---
Baseline   min/med/max : 18.8923 / 19.2805 / 20.1383  ms
Baseline   GFLOPS (med): 9530.0692  (min 9124.1017, max 9725.8564)
Protected  min/med/max : 18.8923 / 19.2805 / 20.1383  ms
Protected  GFLOPS (med): 9530.0692  (min 9124.1017, max 9725.8564)
Overhead (median)      : 0.0000 %
--- Confusion Matrix (global) ---
TP / TN / FP / FN     : 0 / 160 / 0 / 0
Recall                : 0.0000
Detection precision   : 0.0000
Correction precision  : 0.0000 %
==================================================

--- ns 9472x1024x9472 F=8 ---
=== ABFT GEMM (cuBLAS, online pipelined) ===
Mode           : baseline  (inject=none)
M x K x N      : 9472 x 1024 x 9472
Process grid   : 1 x 2  (world=2)
Frags per rank : 8
Repeats        : 1
Samples        : 20
Threshold      : (per-fragment, formula)
GPUs visible   : 2


========== EXPERIMENT METRICS (global) ==========
Mode              : BASELINE
M x K x N         : 9472 x 1024 x 9472
Process grid      : 1 x 2
Frags per rank    : 8
Total fragments   : 16
Repeats           : 1
Threshold used    : 21.5595
--- Timing (worst rank) ---
Baseline   min/med/max : 18.3519 / 19.0449 / 20.7525  ms
Baseline   GFLOPS (med): 9647.9333  (min 8854.0743, max 10012.2510)
Protected  min/med/max : 18.3519 / 19.0449 / 20.7525  ms
Protected  GFLOPS (med): 9647.9333  (min 8854.0743, max 10012.2510)
Overhead (median)      : 0.0000 %
--- Confusion Matrix (global) ---
TP / TN / FP / FN     : 0 / 320 / 0 / 0
Recall                : 0.0000
Detection precision   : 0.0000
Correction precision  : 0.0000 %
==================================================

--- ns 9472x1024x9472 F=16 ---
=== ABFT GEMM (cuBLAS, online pipelined) ===
Mode           : baseline  (inject=none)
M x K x N      : 9472 x 1024 x 9472
Process grid   : 1 x 2  (world=2)
Frags per rank : 16
Repeats        : 1
Samples        : 20
Threshold      : (per-fragment, formula)
GPUs visible   : 2


========== EXPERIMENT METRICS (global) ==========
Mode              : BASELINE
M x K x N         : 9472 x 1024 x 9472
Process grid      : 1 x 2
Frags per rank    : 16
Total fragments   : 32
Repeats           : 1
Threshold used    : 11.0041
--- Timing (worst rank) ---
Baseline   min/med/max : 22.7984 / 23.6745 / 25.1511  ms
Baseline   GFLOPS (med): 7761.2778  (min 7305.6048, max 8059.4997)
Protected  min/med/max : 22.7984 / 23.6745 / 25.1511  ms
Protected  GFLOPS (med): 7761.2778  (min 7305.6048, max 8059.4997)
Overhead (median)      : 0.0000 %
--- Confusion Matrix (global) ---
TP / TN / FP / FN     : 0 / 640 / 0 / 0
Recall                : 0.0000
Detection precision   : 0.0000
Correction precision  : 0.0000 %
==================================================

--- ns 9472x1024x9472 F=32 ---
=== ABFT GEMM (cuBLAS, online pipelined) ===
Mode           : baseline  (inject=none)
M x K x N      : 9472 x 1024 x 9472
Process grid   : 1 x 2  (world=2)
Frags per rank : 32
Repeats        : 1
Samples        : 20
Threshold      : (per-fragment, formula)
GPUs visible   : 2


========== EXPERIMENT METRICS (global) ==========
Mode              : BASELINE
M x K x N         : 9472 x 1024 x 9472
Process grid      : 1 x 2
Frags per rank    : 32
Total fragments   : 64
Repeats           : 1
Threshold used    : 5.7616
--- Timing (worst rank) ---
Baseline   min/med/max : 33.3630 / 33.4198 / 35.5050  ms
Baseline   GFLOPS (med): 5498.0555  (min 5175.1639, max 5507.4188)
Protected  min/med/max : 33.3630 / 33.4198 / 35.5050  ms
Protected  GFLOPS (med): 5498.0555  (min 5175.1639, max 5507.4188)
Overhead (median)      : 0.0000 %
--- Confusion Matrix (global) ---
TP / TN / FP / FN     : 0 / 1280 / 0 / 0
Recall                : 0.0000
Detection precision   : 0.0000
Correction precision  : 0.0000 %
==================================================

--- ns 9728x1024x9728 F=1 ---
=== ABFT GEMM (cuBLAS, online pipelined) ===
Mode           : baseline  (inject=none)
M x K x N      : 9728 x 1024 x 9728
Process grid   : 1 x 2  (world=2)
Frags per rank : 1
Repeats        : 1
Samples        : 20
Threshold      : (per-fragment, formula)
GPUs visible   : 2


========== EXPERIMENT METRICS (global) ==========
Mode              : BASELINE
M x K x N         : 9728 x 1024 x 9728
Process grid      : 1 x 2
Frags per rank    : 1
Total fragments   : 2
Repeats           : 1
Threshold used    : 167.7324
--- Timing (worst rank) ---
Baseline   min/med/max : 17.7832 / 17.9112 / 19.8099  ms
Baseline   GFLOPS (med): 10820.6123  (min 9783.5241, max 10898.4968)
Protected  min/med/max : 17.7832 / 17.9112 / 19.8099  ms
Protected  GFLOPS (med): 10820.6123  (min 9783.5241, max 10898.4968)
Overhead (median)      : 0.0000 %
--- Confusion Matrix (global) ---
TP / TN / FP / FN     : 0 / 40 / 0 / 0
Recall                : 0.0000
Detection precision   : 0.0000
Correction precision  : 0.0000 %
==================================================

--- ns 9728x1024x9728 F=2 ---
=== ABFT GEMM (cuBLAS, online pipelined) ===
Mode           : baseline  (inject=none)
M x K x N      : 9728 x 1024 x 9728
Process grid   : 1 x 2  (world=2)
Frags per rank : 2
Repeats        : 1
Samples        : 20
Threshold      : (per-fragment, formula)
GPUs visible   : 2


========== EXPERIMENT METRICS (global) ==========
Mode              : BASELINE
M x K x N         : 9728 x 1024 x 9728
Process grid      : 1 x 2
Frags per rank    : 2
Total fragments   : 4
Repeats           : 1
Threshold used    : 84.5243
--- Timing (worst rank) ---
Baseline   min/med/max : 17.8565 / 19.1156 / 19.9506  ms
Baseline   GFLOPS (med): 10138.8349  (min 9714.5250, max 10853.7780)
Protected  min/med/max : 17.8565 / 19.1156 / 19.9506  ms
Protected  GFLOPS (med): 10138.8349  (min 9714.5250, max 10853.7780)
Overhead (median)      : 0.0000 %
--- Confusion Matrix (global) ---
TP / TN / FP / FN     : 0 / 80 / 0 / 0
Recall                : 0.0000
Detection precision   : 0.0000
Correction precision  : 0.0000 %
==================================================

--- ns 9728x1024x9728 F=4 ---
=== ABFT GEMM (cuBLAS, online pipelined) ===
Mode           : baseline  (inject=none)
M x K x N      : 9728 x 1024 x 9728
Process grid   : 1 x 2  (world=2)
Frags per rank : 4
Repeats        : 1
Samples        : 20
Threshold      : (per-fragment, formula)
GPUs visible   : 2


========== EXPERIMENT METRICS (global) ==========
Mode              : BASELINE
M x K x N         : 9728 x 1024 x 9728
Process grid      : 1 x 2
Frags per rank    : 4
Total fragments   : 8
Repeats           : 1
Threshold used    : 42.9794
--- Timing (worst rank) ---
Baseline   min/med/max : 18.7313 / 19.4599 / 20.4938  ms
Baseline   GFLOPS (med): 9959.4776  (min 9457.0343, max 10346.8971)
Protected  min/med/max : 18.7313 / 19.4599 / 20.4938  ms
Protected  GFLOPS (med): 9959.4776  (min 9457.0343, max 10346.8971)
Overhead (median)      : 0.0000 %
--- Confusion Matrix (global) ---
TP / TN / FP / FN     : 0 / 160 / 0 / 0
Recall                : 0.0000
Detection precision   : 0.0000
Correction precision  : 0.0000 %
==================================================

--- ns 9728x1024x9728 F=8 ---
=== ABFT GEMM (cuBLAS, online pipelined) ===
Mode           : baseline  (inject=none)
M x K x N      : 9728 x 1024 x 9728
Process grid   : 1 x 2  (world=2)
Frags per rank : 8
Repeats        : 1
Samples        : 20
Threshold      : (per-fragment, formula)
GPUs visible   : 2


========== EXPERIMENT METRICS (global) ==========
Mode              : BASELINE
M x K x N         : 9728 x 1024 x 9728
Process grid      : 1 x 2
Frags per rank    : 8
Total fragments   : 16
Repeats           : 1
Threshold used    : 21.7889
--- Timing (worst rank) ---
Baseline   min/med/max : 18.6122 / 19.1733 / 20.6135  ms
Baseline   GFLOPS (med): 10108.3501  (min 9402.1034, max 10413.0872)
Protected  min/med/max : 18.6122 / 19.1733 / 20.6135  ms
Protected  GFLOPS (med): 10108.3501  (min 9402.1034, max 10413.0872)
Overhead (median)      : 0.0000 %
--- Confusion Matrix (global) ---
TP / TN / FP / FN     : 0 / 320 / 0 / 0
Recall                : 0.0000
Detection precision   : 0.0000
Correction precision  : 0.0000 %
==================================================

--- ns 9728x1024x9728 F=16 ---
=== ABFT GEMM (cuBLAS, online pipelined) ===
Mode           : baseline  (inject=none)
M x K x N      : 9728 x 1024 x 9728
Process grid   : 1 x 2  (world=2)
Frags per rank : 16
Repeats        : 1
Samples        : 20
Threshold      : (per-fragment, formula)
GPUs visible   : 2


========== EXPERIMENT METRICS (global) ==========
Mode              : BASELINE
M x K x N         : 9728 x 1024 x 9728
Process grid      : 1 x 2
Frags per rank    : 16
Total fragments   : 32
Repeats           : 1
Threshold used    : 11.2465
--- Timing (worst rank) ---
Baseline   min/med/max : 22.9255 / 23.6392 / 25.1217  ms
Baseline   GFLOPS (med): 8198.6713  (min 7714.8745, max 8453.9346)
Protected  min/med/max : 22.9255 / 23.6392 / 25.1217  ms
Protected  GFLOPS (med): 8198.6713  (min 7714.8745, max 8453.9346)
Overhead (median)      : 0.0000 %
--- Confusion Matrix (global) ---
TP / TN / FP / FN     : 0 / 640 / 0 / 0
Recall                : 0.0000
Detection precision   : 0.0000
Correction precision  : 0.0000 %
==================================================

--- ns 9728x1024x9728 F=32 ---
=== ABFT GEMM (cuBLAS, online pipelined) ===
Mode           : baseline  (inject=none)
M x K x N      : 9728 x 1024 x 9728
Process grid   : 1 x 2  (world=2)
Frags per rank : 32
Repeats        : 1
Samples        : 20
Threshold      : (per-fragment, formula)
GPUs visible   : 2


========== EXPERIMENT METRICS (global) ==========
Mode              : BASELINE
M x K x N         : 9728 x 1024 x 9728
Process grid      : 1 x 2
Frags per rank    : 32
Total fragments   : 64
Repeats           : 1
Threshold used    : 6.1770
--- Timing (worst rank) ---
Baseline   min/med/max : 33.3989 / 33.4695 / 36.2080  ms
Baseline   GFLOPS (med): 5790.6499  (min 5352.6980, max 5802.9029)
Protected  min/med/max : 33.3989 / 33.4695 / 36.2080  ms
Protected  GFLOPS (med): 5790.6499  (min 5352.6980, max 5802.9029)
Overhead (median)      : 0.0000 %
--- Confusion Matrix (global) ---
TP / TN / FP / FN     : 0 / 1280 / 0 / 0
Recall                : 0.0000
Detection precision   : 0.0000
Correction precision  : 0.0000 %
==================================================

--- ns 9984x1024x9984 F=1 ---
=== ABFT GEMM (cuBLAS, online pipelined) ===
Mode           : baseline  (inject=none)
M x K x N      : 9984 x 1024 x 9984
Process grid   : 1 x 2  (world=2)
Frags per rank : 1
Repeats        : 1
Samples        : 20
Threshold      : (per-fragment, formula)
GPUs visible   : 2


========== EXPERIMENT METRICS (global) ==========
Mode              : BASELINE
M x K x N         : 9984 x 1024 x 9984
Process grid      : 1 x 2
Frags per rank    : 1
Total fragments   : 2
Repeats           : 1
Threshold used    : 171.3516
--- Timing (worst rank) ---
Baseline   min/med/max : 18.7147 / 19.8939 / 21.4059  ms
Baseline   GFLOPS (med): 10261.6924  (min 9536.8790, max 10908.2642)
Protected  min/med/max : 18.7147 / 19.8939 / 21.4059  ms
Protected  GFLOPS (med): 10261.6924  (min 9536.8790, max 10908.2642)
Overhead (median)      : 0.0000 %
--- Confusion Matrix (global) ---
TP / TN / FP / FN     : 0 / 40 / 0 / 0
Recall                : 0.0000
Detection precision   : 0.0000
Correction precision  : 0.0000 %
==================================================

--- ns 9984x1024x9984 F=2 ---
=== ABFT GEMM (cuBLAS, online pipelined) ===
Mode           : baseline  (inject=none)
M x K x N      : 9984 x 1024 x 9984
Process grid   : 1 x 2  (world=2)
Frags per rank : 2
Repeats        : 1
Samples        : 20
Threshold      : (per-fragment, formula)
GPUs visible   : 2


========== EXPERIMENT METRICS (global) ==========
Mode              : BASELINE
M x K x N         : 9984 x 1024 x 9984
Process grid      : 1 x 2
Frags per rank    : 2
Total fragments   : 4
Repeats           : 1
Threshold used    : 86.5308
--- Timing (worst rank) ---
Baseline   min/med/max : 19.9789 / 20.6530 / 21.6975  ms
Baseline   GFLOPS (med): 9884.5355  (min 9408.6874, max 10218.0342)
Protected  min/med/max : 19.9789 / 20.6530 / 21.6975  ms
Protected  GFLOPS (med): 9884.5355  (min 9408.6874, max 10218.0342)
Overhead (median)      : 0.0000 %
--- Confusion Matrix (global) ---
TP / TN / FP / FN     : 0 / 80 / 0 / 0
Recall                : 0.0000
Detection precision   : 0.0000
Correction precision  : 0.0000 %
==================================================

--- ns 9984x1024x9984 F=4 ---
=== ABFT GEMM (cuBLAS, online pipelined) ===
Mode           : baseline  (inject=none)
M x K x N      : 9984 x 1024 x 9984
Process grid   : 1 x 2  (world=2)
Frags per rank : 4
Repeats        : 1
Samples        : 20
Threshold      : (per-fragment, formula)
GPUs visible   : 2


========== EXPERIMENT METRICS (global) ==========
Mode              : BASELINE
M x K x N         : 9984 x 1024 x 9984
Process grid      : 1 x 2
Frags per rank    : 4
Total fragments   : 8
Repeats           : 1
Threshold used    : 43.9419
--- Timing (worst rank) ---
Baseline   min/med/max : 19.3841 / 20.3240 / 21.4269  ms
Baseline   GFLOPS (med): 10044.5515  (min 9527.5130, max 10531.5591)
Protected  min/med/max : 19.3841 / 20.3240 / 21.4269  ms
Protected  GFLOPS (med): 10044.5515  (min 9527.5130, max 10531.5591)
Overhead (median)      : 0.0000 %
--- Confusion Matrix (global) ---
TP / TN / FP / FN     : 0 / 160 / 0 / 0
Recall                : 0.0000
Detection precision   : 0.0000
Correction precision  : 0.0000 %
==================================================

--- ns 9984x1024x9984 F=8 ---
=== ABFT GEMM (cuBLAS, online pipelined) ===
Mode           : baseline  (inject=none)
M x K x N      : 9984 x 1024 x 9984
Process grid   : 1 x 2  (world=2)
Frags per rank : 8
Repeats        : 1
Samples        : 20
Threshold      : (per-fragment, formula)
GPUs visible   : 2


========== EXPERIMENT METRICS (global) ==========
Mode              : BASELINE
M x K x N         : 9984 x 1024 x 9984
Process grid      : 1 x 2
Frags per rank    : 8
Total fragments   : 16
Repeats           : 1
Threshold used    : 22.5393
--- Timing (worst rank) ---
Baseline   min/med/max : 19.9114 / 21.1490 / 21.9254  ms
Baseline   GFLOPS (med): 9652.6886  (min 9310.9099, max 10252.6868)
Protected  min/med/max : 19.9114 / 21.1490 / 21.9254  ms
Protected  GFLOPS (med): 9652.6886  (min 9310.9099, max 10252.6868)
Overhead (median)      : 0.0000 %
--- Confusion Matrix (global) ---
TP / TN / FP / FN     : 0 / 320 / 0 / 0
Recall                : 0.0000
Detection precision   : 0.0000
Correction precision  : 0.0000 %
==================================================

--- ns 9984x1024x9984 F=16 ---
=== ABFT GEMM (cuBLAS, online pipelined) ===
Mode           : baseline  (inject=none)
M x K x N      : 9984 x 1024 x 9984
Process grid   : 1 x 2  (world=2)
Frags per rank : 16
Repeats        : 1
Samples        : 20
Threshold      : (per-fragment, formula)
GPUs visible   : 2


========== EXPERIMENT METRICS (global) ==========
Mode              : BASELINE
M x K x N         : 9984 x 1024 x 9984
Process grid      : 1 x 2
Frags per rank    : 16
Total fragments   : 32
Repeats           : 1
Threshold used    : 11.6777
--- Timing (worst rank) ---
Baseline   min/med/max : 23.0804 / 24.2773 / 25.2205  ms
Baseline   GFLOPS (med): 8408.8949  (min 8094.4231, max 8844.9547)
Protected  min/med/max : 23.0804 / 24.2773 / 25.2205  ms
Protected  GFLOPS (med): 8408.8949  (min 8094.4231, max 8844.9547)
Overhead (median)      : 0.0000 %
--- Confusion Matrix (global) ---
TP / TN / FP / FN     : 0 / 640 / 0 / 0
Recall                : 0.0000
Detection precision   : 0.0000
Correction precision  : 0.0000 %
==================================================

--- ns 9984x1024x9984 F=32 ---
=== ABFT GEMM (cuBLAS, online pipelined) ===
Mode           : baseline  (inject=none)
M x K x N      : 9984 x 1024 x 9984
Process grid   : 1 x 2  (world=2)
Frags per rank : 32
Repeats        : 1
Samples        : 20
Threshold      : (per-fragment, formula)
GPUs visible   : 2


========== EXPERIMENT METRICS (global) ==========
Mode              : BASELINE
M x K x N         : 9984 x 1024 x 9984
Process grid      : 1 x 2
Frags per rank    : 32
Total fragments   : 64
Repeats           : 1
Threshold used    : 6.1185
--- Timing (worst rank) ---
Baseline   min/med/max : 33.5795 / 34.1798 / 35.0523  ms
Baseline   GFLOPS (med): 5972.6844  (min 5824.0081, max 6079.4666)
Protected  min/med/max : 33.5795 / 34.1798 / 35.0523  ms
Protected  GFLOPS (med): 5972.6844  (min 5824.0081, max 6079.4666)
Overhead (median)      : 0.0000 %
--- Confusion Matrix (global) ---
TP / TN / FP / FN     : 0 / 1280 / 0 / 0
Recall                : 0.0000
Detection precision   : 0.0000
Correction precision  : 0.0000 %
==================================================

--- ns 10240x1024x10240 F=1 ---
=== ABFT GEMM (cuBLAS, online pipelined) ===
Mode           : baseline  (inject=none)
M x K x N      : 10240 x 1024 x 10240
Process grid   : 1 x 2  (world=2)
Frags per rank : 1
Repeats        : 1
Samples        : 20
Threshold      : (per-fragment, formula)
GPUs visible   : 2


========== EXPERIMENT METRICS (global) ==========
Mode              : BASELINE
M x K x N         : 10240 x 1024 x 10240
Process grid      : 1 x 2
Frags per rank    : 1
Total fragments   : 2
Repeats           : 1
Threshold used    : 176.5214
--- Timing (worst rank) ---
Baseline   min/med/max : 19.7533 / 20.7204 / 22.2590  ms
Baseline   GFLOPS (med): 10364.1152  (min 9647.7259, max 10871.5206)
Protected  min/med/max : 19.7533 / 20.7204 / 22.2590  ms
Protected  GFLOPS (med): 10364.1152  (min 9647.7259, max 10871.5206)
Overhead (median)      : 0.0000 %
--- Confusion Matrix (global) ---
TP / TN / FP / FN     : 0 / 40 / 0 / 0
Recall                : 0.0000
Detection precision   : 0.0000
Correction precision  : 0.0000 %
==================================================

--- ns 10240x1024x10240 F=2 ---
=== ABFT GEMM (cuBLAS, online pipelined) ===
Mode           : baseline  (inject=none)
M x K x N      : 10240 x 1024 x 10240
Process grid   : 1 x 2  (world=2)
Frags per rank : 2
Repeats        : 1
Samples        : 20
Threshold      : (per-fragment, formula)
GPUs visible   : 2


========== EXPERIMENT METRICS (global) ==========
Mode              : BASELINE
M x K x N         : 10240 x 1024 x 10240
Process grid      : 1 x 2
Frags per rank    : 2
Total fragments   : 4
Repeats           : 1
Threshold used    : 89.6017
--- Timing (worst rank) ---
Baseline   min/med/max : 20.3474 / 21.0771 / 22.1014  ms
Baseline   GFLOPS (med): 10188.6823  (min 9716.4888, max 10554.1045)
Protected  min/med/max : 20.3474 / 21.0771 / 22.1014  ms
Protected  GFLOPS (med): 10188.6823  (min 9716.4888, max 10554.1045)
Overhead (median)      : 0.0000 %
--- Confusion Matrix (global) ---
TP / TN / FP / FN     : 0 / 80 / 0 / 0
Recall                : 0.0000
Detection precision   : 0.0000
Correction precision  : 0.0000 %
==================================================

--- ns 10240x1024x10240 F=4 ---
=== ABFT GEMM (cuBLAS, online pipelined) ===
Mode           : baseline  (inject=none)
M x K x N      : 10240 x 1024 x 10240
Process grid   : 1 x 2  (world=2)
Frags per rank : 4
Repeats        : 1
Samples        : 20
Threshold      : (per-fragment, formula)
GPUs visible   : 2


========== EXPERIMENT METRICS (global) ==========
Mode              : BASELINE
M x K x N         : 10240 x 1024 x 10240
Process grid      : 1 x 2
Frags per rank    : 4
Total fragments   : 8
Repeats           : 1
Threshold used    : 45.4839
--- Timing (worst rank) ---
Baseline   min/med/max : 19.6468 / 20.5157 / 21.9115  ms
Baseline   GFLOPS (med): 10467.4961  (min 9800.7283, max 10930.4734)
Protected  min/med/max : 19.6468 / 20.5157 / 21.9115  ms
Protected  GFLOPS (med): 10467.4961  (min 9800.7283, max 10930.4734)
Overhead (median)      : 0.0000 %
--- Confusion Matrix (global) ---
TP / TN / FP / FN     : 0 / 160 / 0 / 0
Recall                : 0.0000
Detection precision   : 0.0000
Correction precision  : 0.0000 %
==================================================

--- ns 10240x1024x10240 F=8 ---
=== ABFT GEMM (cuBLAS, online pipelined) ===
Mode           : baseline  (inject=none)
M x K x N      : 10240 x 1024 x 10240
Process grid   : 1 x 2  (world=2)
Frags per rank : 8
Repeats        : 1
Samples        : 20
Threshold      : (per-fragment, formula)
GPUs visible   : 2


========== EXPERIMENT METRICS (global) ==========
Mode              : BASELINE
M x K x N         : 10240 x 1024 x 10240
Process grid      : 1 x 2
Frags per rank    : 8
Total fragments   : 16
Repeats           : 1
Threshold used    : 23.0965
--- Timing (worst rank) ---
Baseline   min/med/max : 20.3706 / 21.2864 / 22.8715  ms
Baseline   GFLOPS (med): 10088.5381  (min 9389.3437, max 10542.0617)
Protected  min/med/max : 20.3706 / 21.2864 / 22.8715  ms
Protected  GFLOPS (med): 10088.5381  (min 9389.3437, max 10542.0617)
Overhead (median)      : 0.0000 %
--- Confusion Matrix (global) ---
TP / TN / FP / FN     : 0 / 320 / 0 / 0
Recall                : 0.0000
Detection precision   : 0.0000
Correction precision  : 0.0000 %
==================================================

--- ns 10240x1024x10240 F=16 ---
=== ABFT GEMM (cuBLAS, online pipelined) ===
Mode           : baseline  (inject=none)
M x K x N      : 10240 x 1024 x 10240
Process grid   : 1 x 2  (world=2)
Frags per rank : 16
Repeats        : 1
Samples        : 20
Threshold      : (per-fragment, formula)
GPUs visible   : 2


========== EXPERIMENT METRICS (global) ==========
Mode              : BASELINE
M x K x N         : 10240 x 1024 x 10240
Process grid      : 1 x 2
Frags per rank    : 16
Total fragments   : 32
Repeats           : 1
Threshold used    : 11.7772
--- Timing (worst rank) ---
Baseline   min/med/max : 23.5626 / 25.3374 / 26.1688  ms
Baseline   GFLOPS (med): 8475.5379  (min 8206.2808, max 9113.9634)
Protected  min/med/max : 23.5626 / 25.3374 / 26.1688  ms
Protected  GFLOPS (med): 8475.5379  (min 8206.2808, max 9113.9634)
Overhead (median)      : 0.0000 %
--- Confusion Matrix (global) ---
TP / TN / FP / FN     : 0 / 640 / 0 / 0
Recall                : 0.0000
Detection precision   : 0.0000
Correction precision  : 0.0000 %
==================================================

--- ns 10240x1024x10240 F=32 ---
=== ABFT GEMM (cuBLAS, online pipelined) ===
Mode           : baseline  (inject=none)
M x K x N      : 10240 x 1024 x 10240
Process grid   : 1 x 2  (world=2)
Frags per rank : 32
Repeats        : 1
Samples        : 20
Threshold      : (per-fragment, formula)
GPUs visible   : 2


========== EXPERIMENT METRICS (global) ==========
Mode              : BASELINE
M x K x N         : 10240 x 1024 x 10240
Process grid      : 1 x 2
Frags per rank    : 32
Total fragments   : 64
Repeats           : 1
Threshold used    : 6.2351
--- Timing (worst rank) ---
Baseline   min/med/max : 34.5017 / 35.0324 / 35.6073  ms
Baseline   GFLOPS (med): 6130.0008  (min 6031.0231, max 6224.2875)
Protected  min/med/max : 34.5017 / 35.0324 / 35.6073  ms
Protected  GFLOPS (med): 6130.0008  (min 6031.0231, max 6224.2875)
Overhead (median)      : 0.0000 %
--- Confusion Matrix (global) ---
TP / TN / FP / FN     : 0 / 1280 / 0 / 0
Recall                : 0.0000
Detection precision   : 0.0000
Correction precision  : 0.0000 %
==================================================

=== Listo ===
CSV: /home/fcrojasv01/abft/abft_baseline_frag.csv
