scheme,inject,swifi_zone,baseline_only,calibrate,M,K,N,Pr,Pc,frags_per_rank,num_fragments_total,repeats,threshold_used,baseline_min_ms,baseline_median_ms,baseline_mean_ms,baseline_max_ms,baseline_gflops_min,baseline_gflops_median,baseline_gflops_mean,baseline_gflops_max,protected_min_ms,protected_median_ms,protected_mean_ms,protected_max_ms,protected_gflops_min,protected_gflops_median,protected_gflops_mean,protected_gflops_max,overhead_pct,TP,TN,FP,FN,recall,precision,correction_precision_pct,calib_max_diff,calib_safety_factor,calib_suggested_tau
baseline,none,any,1,0,256,256,256,1,2,1,2,1,0.312076,0.022348,0.022773,0.023385,0.034003,986.807988,1473.430466,1434.869874,1501.451226,0.022348,0.022773,0.023385,0.034003,986.807988,1473.430466,1434.869874,1501.451226,0.000000,0,40,0,0,0.000000,0.000000,0.000000,0.000000,0.000000,0.000000
baseline,none,any,1,0,256,256,256,1,2,1,2,1,0.312076,0.022496,0.022755,0.023009,0.026958,1244.692930,1474.596001,1458.324040,1491.573257,0.022496,0.022755,0.023009,0.026958,1244.692930,1474.596001,1458.324040,1491.573257,0.000000,0,40,0,0,0.000000,0.000000,0.000000,0.000000,0.000000,0.000000
baseline,none,any,1,0,256,256,256,1,2,1,2,1,0.312076,0.022606,0.022936,0.022976,0.024712,1357.819359,1462.959191,1460.402722,1484.315315,0.022606,0.022936,0.022976,0.024712,1357.819359,1462.959191,1460.402722,1484.315315,0.000000,0,40,0,0,0.000000,0.000000,0.000000,0.000000,0.000000,0.000000
baseline,none,any,1,0,256,256,256,1,2,1,2,1,0.312076,0.022299,0.022803,0.023487,0.034333,977.323042,1471.491997,1428.644564,1504.750527,0.022299,0.022803,0.023487,0.034333,977.323042,1471.491997,1428.644564,1504.750527,0.000000,0,40,0,0,0.000000,0.000000,0.000000,0.000000,0.000000,0.000000
baseline,none,any,1,0,256,256,256,1,2,1,2,1,0.312076,0.022526,0.022863,0.022898,0.023864,1406.069058,1467.630320,1465.380621,1489.586789,0.022526,0.022863,0.022898,0.023864,1406.069058,1467.630320,1465.380621,1489.586789,0.000000,0,40,0,0,0.000000,0.000000,0.000000,0.000000,0.000000,0.000000
baseline,none,any,1,0,256,256,256,1,2,1,2,1,0.312076,0.022339,0.022769,0.022997,0.026868,1248.862290,1473.689314,1459.100869,1502.056135,0.022339,0.022769,0.022997,0.026868,1248.862290,1473.689314,1459.100869,1502.056135,0.000000,0,40,0,0,0.000000,0.000000,0.000000,0.000000,0.000000,0.000000
baseline,none,any,1,0,512,512,512,1,2,1,2,1,2.409574,0.056955,0.057700,0.057784,0.060620,4428.166546,4652.260936,4645.473874,4713.114845,0.056955,0.057700,0.057784,0.060620,4428.166546,4652.260936,4645.473874,4713.114845,0.000000,0,40,0,0,0.000000,0.000000,0.000000,0.000000,0.000000,0.000000
baseline,none,any,1,0,512,512,512,1,2,1,2,1,2.409574,0.057009,0.057623,0.057757,0.061155,4389.427782,4658.477622,4647.693791,4708.650494,0.057009,0.057623,0.057757,0.061155,4389.427782,4658.477622,4647.693791,4708.650494,0.000000,0,40,0,0,0.000000,0.000000,0.000000,0.000000,0.000000,0.000000
baseline,none,any,1,0,512,512,512,1,2,1,2,1,2.409574,0.057138,0.057580,0.057937,0.060933,4405.419986,4661.956513,4633.202174,4698.019812,0.057138,0.057580,0.057937,0.060933,4405.419986,4661.956513,4633.202174,4698.019812,0.000000,0,40,0,0,0.000000,0.000000,0.000000,0.000000,0.000000,0.000000
baseline,none,any,1,0,512,512,512,1,2,1,2,1,2.409574,0.057276,0.057857,0.058415,0.064706,4148.540414,4639.636621,4595.277897,4686.700468,0.057276,0.057857,0.058415,0.064706,4148.540414,4639.636621,4595.277897,4686.700468,0.000000,0,40,0,0,0.000000,0.000000,0.000000,0.000000,0.000000,0.000000
baseline,none,any,1,0,512,512,512,1,2,1,2,1,2.409574,0.057321,0.058066,0.058250,0.061210,4385.483679,4622.936934,4608.337964,4683.021162,0.057321,0.058066,0.058250,0.061210,4385.483679,4622.936934,4608.337964,4683.021162,0.000000,0,40,0,0,0.000000,0.000000,0.000000,0.000000,0.000000,0.000000
baseline,none,any,1,0,512,512,512,1,2,1,2,1,2.409574,0.057493,0.058290,0.069843,0.274436,978.134997,4605.171659,3843.409702,4669.011114,0.057493,0.058290,0.069843,0.274436,978.134997,4605.171659,3843.409702,4669.011114,0.000000,0,40,0,0,0.000000,0.000000,0.000000,0.000000,0.000000,0.000000
baseline,none,any,1,0,768,768,768,1,2,1,2,1,7.841694,0.139870,0.143679,0.146876,0.202120,4482.335563,6305.512037,6168.270498,6477.226453,0.139870,0.143679,0.146876,0.202120,4482.335563,6305.512037,6168.270498,6477.226453,0.000000,0,40,0,0,0.000000,0.000000,0.000000,0.000000,0.000000,0.000000
baseline,none,any,1,0,768,768,768,1,2,1,2,1,7.841694,0.140601,0.143903,0.143962,0.148353,6106.850984,6295.696851,6293.099198,6443.550643,0.140601,0.143903,0.143962,0.148353,6106.850984,6295.696851,6293.099198,6443.550643,0.000000,0,40,0,0,0.000000,0.000000,0.000000,0.000000,0.000000,0.000000
baseline,none,any,1,0,768,768,768,1,2,1,2,1,7.841694,0.140709,0.144055,0.144501,0.154647,5858.307397,6289.053931,6269.627682,6438.604951,0.140709,0.144055,0.144501,0.154647,5858.307397,6289.053931,6269.627682,6438.604951,0.000000,0,40,0,0,0.000000,0.000000,0.000000,0.000000,0.000000,0.000000
baseline,none,any,1,0,768,768,768,1,2,1,2,1,7.841694,0.140437,0.143956,0.144040,0.152721,5932.187872,6293.378977,6289.689209,6451.075315,0.140437,0.143956,0.144040,0.152721,5932.187872,6293.378977,6289.689209,6451.075315,0.000000,0,40,0,0,0.000000,0.000000,0.000000,0.000000,0.000000,0.000000
baseline,none,any,1,0,768,768,768,1,2,1,2,1,7.841694,0.139815,0.143573,0.143973,0.159789,5669.787432,6310.167399,6292.646796,6479.774445,0.139815,0.143573,0.143973,0.159789,5669.787432,6310.167399,6292.646796,6479.774445,0.000000,0,40,0,0,0.000000,0.000000,0.000000,0.000000,0.000000,0.000000
baseline,none,any,1,0,768,768,768,1,2,1,2,1,7.841694,0.140640,0.144025,0.144051,0.152246,5950.696005,6290.363923,6289.232931,6441.763823,0.140640,0.144025,0.144051,0.152246,5950.696005,6290.363923,6289.232931,6441.763823,0.000000,0,40,0,0,0.000000,0.000000,0.000000,0.000000,0.000000,0.000000
baseline,none,any,1,0,1024,1024,1024,1,2,1,2,1,18.447144,0.271883,0.274960,0.277429,0.307886,6974.931137,7810.167472,7740.660306,7898.558012,0.271883,0.274960,0.277429,0.307886,6974.931137,7810.167472,7740.660306,7898.558012,0.000000,0,40,0,0,0.000000,0.000000,0.000000,0.000000,0.000000,0.000000
baseline,none,any,1,0,1024,1024,1024,1,2,2,4,1,9.558738,0.313059,0.317068,0.318764,0.365500,5875.468257,6772.943495,6736.908763,6859.677083,0.313059,0.317068,0.318764,0.365500,5875.468257,6772.943495,6736.908763,6859.677083,0.000000,0,80,0,0,0.000000,0.000000,0.000000,0.000000,0.000000,0.000000
baseline,none,any,1,0,1024,1024,1024,1,2,4,8,1,5.052209,0.344613,0.346810,0.347866,0.356272,6027.652041,6192.104172,6173.309763,6231.580492,0.344613,0.346810,0.347866,0.356272,6027.652041,6192.104172,6173.309763,6231.580492,0.000000,0,160,0,0,0.000000,0.000000,0.000000,0.000000,0.000000,0.000000
baseline,none,any,1,0,1024,1024,1024,1,2,8,16,1,2.711430,0.368191,0.372211,0.372130,0.376229,5707.916317,5769.533001,5770.787281,5832.526183,0.368191,0.372211,0.372130,0.376229,5707.916317,5769.533001,5770.787281,5832.526183,0.000000,0,320,0,0,0.000000,0.000000,0.000000,0.000000,0.000000,0.000000
baseline,none,any,1,0,1024,1024,1024,1,2,16,32,1,1.481360,0.632577,0.639550,0.644544,0.694471,3092.258205,3357.804156,3331.786475,3394.817782,0.632577,0.639550,0.644544,0.694471,3092.258205,3357.804156,3331.786475,3394.817782,0.000000,0,640,0,0,0.000000,0.000000,0.000000,0.000000,0.000000,0.000000
baseline,none,any,1,0,1024,1024,1024,1,2,32,64,1,0.845110,1.352572,1.364613,1.364033,1.372650,1564.480128,1573.694262,1574.363643,1587.703758,1.352572,1.364613,1.364033,1.372650,1564.480128,1573.694262,1574.363643,1587.703758,0.000000,0,1280,0,0,0.000000,0.000000,0.000000,0.000000,0.000000,0.000000
baseline,none,any,1,0,1280,1280,1280,1,2,1,2,1,36.136598,0.699963,0.709721,0.714340,0.807308,5195.419840,5909.792721,5871.579771,5992.179587,0.699963,0.709721,0.714340,0.807308,5195.419840,5909.792721,5871.579771,5992.179587,0.000000,0,40,0,0,0.000000,0.000000,0.000000,0.000000,0.000000,0.000000
baseline,none,any,1,0,1280,1280,1280,1,2,2,4,1,18.291738,0.579427,0.587871,0.589307,0.629041,6667.775232,7134.735342,7117.353928,7238.709967,0.579427,0.587871,0.589307,0.629041,6667.775232,7134.735342,7117.353928,7238.709967,0.000000,0,80,0,0,0.000000,0.000000,0.000000,0.000000,0.000000,0.000000
baseline,none,any,1,0,1280,1280,1280,1,2,4,8,1,9.864519,0.613036,0.615565,0.617369,0.646802,6484.680010,6813.746720,6793.831473,6841.855943,0.613036,0.615565,0.617369,0.646802,6484.680010,6813.746720,6793.831473,6841.855943,0.000000,0,160,0,0,0.000000,0.000000,0.000000,0.000000,0.000000,0.000000
baseline,none,any,1,0,1280,1280,1280,1,2,8,16,1,5.132952,0.797734,0.804214,0.806475,0.857345,4892.200923,5215.407839,5200.788072,5257.772641,0.797734,0.804214,0.806475,0.857345,4892.200923,5215.407839,5200.788072,5257.772641,0.000000,0,320,0,0,0.000000,0.000000,0.000000,0.000000,0.000000,0.000000
baseline,none,any,1,0,1280,1280,1280,1,2,16,32,1,2.660444,1.420225,1.425186,1.425500,1.441411,2909.859853,2942.987091,2942.339551,2953.267264,1.420225,1.425186,1.425500,1.441411,2909.859853,2942.987091,2942.339551,2953.267264,0.000000,0,640,0,0,0.000000,0.000000,0.000000,0.000000,0.000000,0.000000
baseline,none,any,1,0,1280,1280,1280,1,2,32,64,1,1.631958,1.582945,1.603032,1.600490,1.631663,2570.570026,2616.481767,2620.636611,2649.683975,1.582945,1.603032,1.600490,1.631663,2570.570026,2616.481767,2620.636611,2649.683975,0.000000,0,1280,0,0,0.000000,0.000000,0.000000,0.000000,0.000000,0.000000
baseline,none,any,1,0,1536,1536,1536,1,2,1,2,1,61.171704,0.856937,0.986132,0.964804,0.999294,7252.877844,7349.682712,7512.155124,8457.748133,0.856937,0.986132,0.964804,0.999294,7252.877844,7349.682712,7512.155124,8457.748133,0.000000,0,40,0,0,0.000000,0.000000,0.000000,0.000000,0.000000,0.000000
baseline,none,any,1,0,1536,1536,1536,1,2,2,4,1,31.102888,0.813604,0.850817,0.843209,0.875724,8276.303164,8518.585444,8595.444335,8908.212487,0.813604,0.850817,0.843209,0.875724,8276.303164,8518.585444,8595.444335,8908.212487,0.000000,0,80,0,0,0.000000,0.000000,0.000000,0.000000,0.000000,0.000000
baseline,none,any,1,0,1536,1536,1536,1,2,4,8,1,16.025565,0.955963,0.960104,0.959729,0.964165,7517.133802,7548.929399,7551.877459,7581.629532,0.955963,0.960104,0.959729,0.964165,7517.133802,7548.929399,7551.877459,7581.629532,0.000000,0,160,0,0,0.000000,0.000000,0.000000,0.000000,0.000000,0.000000
baseline,none,any,1,0,1536,1536,1536,1,2,8,16,1,8.576608,0.996600,1.002780,1.002811,1.007219,7195.810754,7227.664405,7227.444579,7272.483757,0.996600,1.002780,1.002811,1.007219,7195.810754,7227.664405,7227.444579,7272.483757,0.000000,0,320,0,0,0.000000,0.000000,0.000000,0.000000,0.000000,0.000000
baseline,none,any,1,0,1536,1536,1536,1,2,16,32,1,4.522833,1.746121,1.750548,1.751990,1.764078,4108.524290,4140.279108,4136.872220,4150.776099,1.746121,1.750548,1.751990,1.764078,4108.524290,4140.279108,4136.872220,4150.776099,0.000000,0,640,0,0,0.000000,0.000000,0.000000,0.000000,0.000000,0.000000
baseline,none,any,1,0,1536,1536,1536,1,2,32,64,1,2.461329,1.964249,1.976444,1.977026,1.994917,3633.112211,3667.069399,3665.990438,3689.836325,1.964249,1.976444,1.977026,1.994917,3633.112211,3667.069399,3665.990438,3689.836325,0.000000,0,1280,0,0,0.000000,0.000000,0.000000,0.000000,0.000000,0.000000
baseline,none,any,1,0,1792,1792,1792,1,2,1,2,1,95.501308,1.548889,1.561319,1.563001,1.579772,7285.336223,7371.440542,7363.509291,7430.597142,1.548889,1.561319,1.563001,1.579772,7285.336223,7371.440542,7363.509291,7430.597142,0.000000,0,40,0,0,0.000000,0.000000,0.000000,0.000000,0.000000,0.000000
baseline,none,any,1,0,1792,1792,1792,1,2,2,4,1,49.210205,1.962237,2.082639,2.062056,2.238582,5141.277012,5526.243471,5581.406599,5865.331342,1.962237,2.082639,2.062056,2.238582,5141.277012,5526.243471,5581.406599,5865.331342,0.000000,0,80,0,0,0.000000,0.000000,0.000000,0.000000,0.000000,0.000000
baseline,none,any,1,0,1792,1792,1792,1,2,4,8,1,25.139300,1.568488,1.576532,1.576830,1.590885,7234.445089,7300.308637,7298.930595,7337.748313,1.568488,1.576532,1.576830,1.590885,7234.445089,7300.308637,7298.930595,7337.748313,0.000000,0,160,0,0,0.000000,0.000000,0.000000,0.000000,0.000000,0.000000
baseline,none,any,1,0,1792,1792,1792,1,2,8,16,1,13.296078,1.988068,1.994637,1.995228,2.008411,5730.485531,5770.057497,5768.348223,5789.122996,1.988068,1.994637,1.995228,2.008411,5730.485531,5770.057497,5768.348223,5789.122996,0.000000,0,320,0,0,0.000000,0.000000,0.000000,0.000000,0.000000,0.000000
baseline,none,any,1,0,1792,1792,1792,1,2,16,32,1,7.169548,2.119765,2.142101,2.138921,2.152991,5345.665716,5372.841979,5380.829069,5429.455707,2.119765,2.142101,2.138921,2.152991,5345.665716,5372.841979,5380.829069,5429.455707,0.000000,0,640,0,0,0.000000,0.000000,0.000000,0.000000,0.000000,0.000000
baseline,none,any,1,0,1792,1792,1792,1,2,32,64,1,4.196987,2.601068,2.611187,2.611238,2.619679,4393.351314,4407.639199,4407.552269,4424.786348,2.601068,2.611187,2.611238,2.619679,4393.351314,4407.639199,4407.552269,4424.786348,0.000000,0,1280,0,0,0.000000,0.000000,0.000000,0.000000,0.000000,0.000000
baseline,none,any,1,0,2048,2048,2048,1,2,1,2,1,143.539287,1.982794,1.992431,1.992461,2.027748,8472.388672,8622.566696,8622.434920,8664.475071,1.982794,1.992431,1.992461,2.027748,8472.388672,8622.566696,8622.434920,8664.475071,0.000000,0,40,0,0,0.000000,0.000000,0.000000,0.000000,0.000000,0.000000
baseline,none,any,1,0,2048,2048,2048,1,2,2,4,1,72.588287,2.233124,2.254301,2.311149,2.586151,6643.026329,7620.929585,7433.476342,7693.199833,2.233124,2.254301,2.311149,2.586151,6643.026329,7620.929585,7433.476342,7693.199833,0.000000,0,80,0,0,0.000000,0.000000,0.000000,0.000000,0.000000,0.000000
baseline,none,any,1,0,2048,2048,2048,1,2,4,8,1,37.155707,2.643232,2.650550,2.652078,2.688670,6389.727703,6481.624261,6477.890593,6499.569158,2.643232,2.650550,2.652078,2.688670,6389.727703,6481.624261,6477.890593,6499.569158,0.000000,0,160,0,0,0.000000,0.000000,0.000000,0.000000,0.000000,0.000000
baseline,none,any,1,0,2048,2048,2048,1,2,8,16,1,19.703622,2.349499,2.365689,2.365434,2.382082,7212.123337,7262.099618,7262.881571,7312.141518,2.349499,2.365689,2.365434,2.382082,7212.123337,7262.099618,7262.881571,7312.141518,0.000000,0,320,0,0,0.000000,0.000000,0.000000,0.000000,0.000000,0.000000
baseline,none,any,1,0,2048,2048,2048,1,2,16,32,1,10.172041,2.478394,2.486228,2.486628,2.501808,6866.981473,6910.013556,6908.902148,6931.855542,2.478394,2.486228,2.486628,2.501808,6866.981473,6910.013556,6908.902148,6931.855542,0.000000,0,640,0,0,0.000000,0.000000,0.000000,0.000000,0.000000,0.000000
baseline,none,any,1,0,2048,2048,2048,1,2,32,64,1,5.467042,3.105534,3.118571,3.119338,3.160024,5436.626172,5508.891471,5507.537091,5532.017741,3.105534,3.118571,3.119338,3.160024,5436.626172,5508.891471,5507.537091,5532.017741,0.000000,0,1280,0,0,0.000000,0.000000,0.000000,0.000000,0.000000,0.000000
baseline,none,any,1,0,2304,2304,2304,1,2,1,2,1,201.182808,2.441807,2.493688,2.469917,2.507460,9755.362370,9809.238737,9903.646315,10017.655338,2.441807,2.493688,2.469917,2.507460,9755.362370,9809.238737,9903.646315,10017.655338,0.000000,0,40,0,0,0.000000,0.000000,0.000000,0.000000,0.000000,0.000000
baseline,none,any,1,0,2304,2304,2304,1,2,2,4,1,102.890671,2.497983,2.506488,2.508721,2.550904,9589.220499,9759.145437,9750.458093,9792.372858,2.497983,2.506488,2.508721,2.550904,9589.220499,9759.145437,9750.458093,9792.372858,0.000000,0,80,0,0,0.000000,0.000000,0.000000,0.000000,0.000000,0.000000
baseline,none,any,1,0,2304,2304,2304,1,2,4,8,1,53.580871,4.219744,4.240757,4.249472,4.390318,5571.619397,5768.116619,5756.286914,5796.840028,4.219744,4.240757,4.249472,4.390318,5571.619397,5768.116619,5756.286914,5796.840028,0.000000,0,160,0,0,0.000000,0.000000,0.000000,0.000000,0.000000,0.000000
baseline,none,any,1,0,2304,2304,2304,1,2,8,16,1,28.098820,2.916563,2.922816,2.923442,2.935810,8332.004090,8369.045786,8367.253283,8386.988701,2.916563,2.922816,2.923442,2.935810,8332.004090,8369.045786,8367.253283,8386.988701,0.000000,0,320,0,0,0.000000,0.000000,0.000000,0.000000,0.000000,0.000000
baseline,none,any,1,0,2304,2304,2304,1,2,16,32,1,14.320678,3.538104,3.548296,3.548758,3.559891,6871.328624,6893.782516,6892.884457,6913.641015,3.538104,3.548296,3.548758,3.559891,6871.328624,6893.782516,6892.884457,6913.641015,0.000000,0,640,0,0,0.000000,0.000000,0.000000,0.000000,0.000000,0.000000
baseline,none,any,1,0,2304,2304,2304,1,2,32,64,1,7.873445,4.848882,4.859160,4.858911,4.873564,5019.156602,5034.034880,5034.293321,5044.705342,4.848882,4.859160,4.858911,4.873564,5019.156602,5034.034880,5034.293321,5044.705342,0.000000,0,1280,0,0,0.000000,0.000000,0.000000,0.000000,0.000000,0.000000
baseline,none,any,1,0,2560,2560,2560,1,2,1,2,1,274.620842,3.270593,3.383662,3.347040,3.460578,9696.192948,9916.602781,10025.106962,10259.433687,3.270593,3.383662,3.347040,3.460578,9696.192948,9916.602781,10025.106962,10259.433687,0.000000,0,40,0,0,0.000000,0.000000,0.000000,0.000000,0.000000,0.000000
baseline,none,any,1,0,2560,2560,2560,1,2,2,4,1,142.326790,3.739814,4.386393,4.138501,4.626085,7253.310737,7649.663858,8107.870550,8972.219474,3.739814,4.386393,4.138501,4.626085,7253.310737,7649.663858,8107.870550,8972.219474,0.000000,0,80,0,0,0.000000,0.000000,0.000000,0.000000,0.000000,0.000000
baseline,none,any,1,0,2560,2560,2560,1,2,4,8,1,72.188220,5.546810,6.163826,6.137243,6.387789,5252.902374,5443.766907,5467.346035,6049.320600,5.546810,6.163826,6.137243,6.387789,5252.902374,5443.766907,5467.346035,6049.320600,0.000000,0,160,0,0,0.000000,0.000000,0.000000,0.000000,0.000000,0.000000
baseline,none,any,1,0,2560,2560,2560,1,2,8,16,1,38.852172,3.978512,3.991519,3.991024,4.377838,7664.612532,8406.431737,8407.475004,8433.914991,3.978512,3.991519,3.991024,4.377838,7664.612532,8406.431737,8407.475004,8433.914991,0.000000,0,320,0,0,0.000000,0.000000,0.000000,0.000000,0.000000,0.000000
baseline,none,any,1,0,2560,2560,2560,1,2,16,32,1,20.216529,4.938656,4.953171,4.952877,4.970085,6751.279304,6774.333452,6774.735163,6794.243616,4.938656,4.953171,4.952877,4.970085,6751.279304,6774.333452,6774.735163,6794.243616,0.000000,0,640,0,0,0.000000,0.000000,0.000000,0.000000,0.000000,0.000000
baseline,none,any,1,0,2560,2560,2560,1,2,32,64,1,10.676585,7.321548,7.347489,7.343348,7.354393,4562.501895,4566.789008,4569.364087,4582.969612,7.321548,7.347489,7.343348,7.354393,4562.501895,4566.789008,4569.364087,4582.969612,0.000000,0,1280,0,0,0.000000,0.000000,0.000000,0.000000,0.000000,0.000000
baseline,none,any,1,0,2816,2816,2816,1,2,1,2,1,363.414940,4.336661,4.352563,4.351972,4.375767,10206.427580,10260.839186,10262.232260,10298.464416,4.336661,4.352563,4.351972,4.375767,10206.427580,10260.839186,10262.232260,10298.464416,0.000000,0,40,0,0,0.000000,0.000000,0.000000,0.000000,0.000000,0.000000
baseline,none,any,1,0,2816,2816,2816,1,2,2,4,1,188.700733,4.556233,4.569437,4.573569,4.609441,9689.016302,9773.840627,9765.009684,9802.165296,4.556233,4.569437,4.573569,4.609441,9689.016302,9773.840627,9765.009684,9802.165296,0.000000,0,80,0,0,0.000000,0.000000,0.000000,0.000000,0.000000,0.000000
baseline,none,any,1,0,2816,2816,2816,1,2,4,8,1,96.327516,5.436511,5.747401,5.693631,5.946464,7510.505233,7770.633890,7844.019144,8215.002047,5.436511,5.747401,5.693631,5.946464,7510.505233,7770.633890,7844.019144,8215.002047,0.000000,0,160,0,0,0.000000,0.000000,0.000000,0.000000,0.000000,0.000000
baseline,none,any,1,0,2816,2816,2816,1,2,8,16,1,49.091176,6.218573,6.324980,6.358708,6.798070,6569.651238,7061.041931,7023.588596,7181.864552,6.218573,6.324980,6.358708,6.798070,6569.651238,7061.041931,7023.588596,7181.864552,0.000000,0,320,0,0,0.000000,0.000000,0.000000,0.000000,0.000000,0.000000
baseline,none,any,1,0,2816,2816,2816,1,2,16,32,1,25.930041,5.667507,5.684212,5.681862,5.703506,7830.437803,7857.016767,7860.266404,7880.175356,5.667507,5.684212,5.681862,5.703506,7830.437803,7857.016767,7860.266404,7880.175356,0.000000,0,640,0,0,0.000000,0.000000,0.000000,0.000000,0.000000,0.000000
baseline,none,any,1,0,2816,2816,2816,1,2,32,64,1,14.043034,8.417629,8.435211,8.436810,8.772675,5090.915712,5294.585872,5293.582408,5305.644736,8.417629,8.435211,8.436810,8.772675,5090.915712,5294.585872,5293.582408,5305.644736,0.000000,0,1280,0,0,0.000000,0.000000,0.000000,0.000000,0.000000,0.000000
baseline,none,any,1,0,3072,3072,3072,1,2,1,2,1,471.100261,5.089763,5.218165,5.215235,5.537627,10470.560494,11111.580124,11117.822462,11391.897520,5.089763,5.218165,5.215235,5.537627,10470.560494,11111.580124,11117.822462,11391.897520,0.000000,0,40,0,0,0.000000,0.000000,0.000000,0.000000,0.000000,0.000000
baseline,none,any,1,0,3072,3072,3072,1,2,2,4,1,239.383358,5.131800,5.226912,5.219977,5.368909,10799.597925,11092.985399,11107.723303,11298.581101,5.131800,5.226912,5.219977,5.368909,10799.597925,11092.985399,11107.723303,11298.581101,0.000000,0,80,0,0,0.000000,0.000000,0.000000,0.000000,0.000000,0.000000
baseline,none,any,1,0,3072,3072,3072,1,2,4,8,1,123.585045,6.707388,6.725698,6.733583,6.771385,8562.806353,8620.972648,8610.876946,8644.506400,6.707388,6.725698,6.733583,6.771385,8562.806353,8620.972648,8610.876946,8644.506400,0.000000,0,160,0,0,0.000000,0.000000,0.000000,0.000000,0.000000,0.000000
baseline,none,any,1,0,3072,3072,3072,1,2,8,16,1,63.298336,6.948002,7.037111,7.041308,7.217806,8033.197137,8239.469080,8234.558145,8345.141308,6.948002,7.037111,7.041308,7.217806,8033.197137,8239.469080,8234.558145,8345.141308,0.000000,0,320,0,0,0.000000,0.000000,0.000000,0.000000,0.000000,0.000000
baseline,none,any,1,0,3072,3072,3072,1,2,16,32,1,34.695695,6.278289,6.291772,6.292168,6.797119,8530.387433,9215.537133,9214.957589,9235.328048,6.278289,6.291772,6.292168,6.797119,8530.387433,9215.537133,9214.957589,9235.328048,0.000000,0,640,0,0,0.000000,0.000000,0.000000,0.000000,0.000000,0.000000
baseline,none,any,1,0,3072,3072,3072,1,2,32,64,1,18.065593,9.260734,9.306184,9.386282,10.367646,5592.596284,6230.487007,6177.319268,6261.065105,9.260734,9.306184,9.386282,10.367646,5592.596284,6230.487007,6177.319268,6261.065105,0.000000,0,1280,0,0,0.000000,0.000000,0.000000,0.000000,0.000000,0.000000
baseline,none,any,1,0,3328,3328,3328,1,2,1,2,1,594.157194,7.056792,7.076127,7.081570,7.202345,10235.428476,10417.999437,10409.992081,10446.543855,7.056792,7.076127,7.081570,7.202345,10235.428476,10417.999437,10409.992081,10446.543855,0.000000,0,40,0,0,0.000000,0.000000,0.000000,0.000000,0.000000,0.000000
baseline,none,any,1,0,3328,3328,3328,1,2,2,4,1,305.080588,7.309007,7.366050,7.357494,7.461399,9880.062319,10007.953666,10019.591262,10086.060542,7.309007,7.366050,7.357494,7.461399,9880.062319,10007.953666,10019.591262,10086.060542,0.000000,0,80,0,0,0.000000,0.000000,0.000000,0.000000,0.000000,0.000000
baseline,none,any,1,0,3328,3328,3328,1,2,4,8,1,155.605559,9.785728,9.834270,9.853655,10.071409,7319.639894,7496.142276,7481.395150,7533.326811,9.785728,9.834270,9.853655,10.071409,7319.639894,7496.142276,7481.395150,7533.326811,0.000000,0,160,0,0,0.000000,0.000000,0.000000,0.000000,0.000000,0.000000
baseline,none,any,1,0,3328,3328,3328,1,2,8,16,1,81.506514,12.405312,12.437525,12.449681,12.544043,5876.820344,5927.150868,5921.363773,5942.541961,12.405312,12.437525,12.449681,12.544043,5876.820344,5927.150868,5921.363773,5942.541961,0.000000,0,320,0,0,0.000000,0.000000,0.000000,0.000000,0.000000,0.000000
baseline,none,any,1,0,3328,3328,3328,1,2,16,32,1,44.113243,9.824132,9.838769,9.907765,10.612084,6946.711608,7492.714495,7440.536611,7503.877910,9.824132,9.838769,9.907765,10.612084,6946.711608,7492.714495,7440.536611,7503.877910,0.000000,0,640,0,0,0.000000,0.000000,0.000000,0.000000,0.000000,0.000000
baseline,none,any,1,0,3328,3328,3328,1,2,32,64,1,22.603662,10.394154,10.423663,10.602614,11.491004,6415.373896,7072.282278,6952.916342,7092.360485,10.394154,10.423663,10.602614,11.491004,6415.373896,7072.282278,6952.916342,7092.360485,0.000000,0,1280,0,0,0.000000,0.000000,0.000000,0.000000,0.000000,0.000000
baseline,none,any,1,0,3584,3584,3584,1,2,1,2,1,740.885551,8.920836,9.207849,9.135872,9.464756,9728.022720,9999.443020,10078.224218,10321.158399,8.920836,9.207849,9.135872,9.464756,9728.022720,9999.443020,10078.224218,10321.158399,0.000000,0,40,0,0,0.000000,0.000000,0.000000,0.000000,0.000000,0.000000
baseline,none,any,1,0,3584,3584,3584,1,2,2,4,1,377.418149,9.243032,9.262648,9.291430,9.508306,9683.466372,9940.285047,9909.493306,9961.380790,9.243032,9.262648,9.291430,9.508306,9683.466372,9940.285047,9909.493306,9961.380790,0.000000,0,80,0,0,0.000000,0.000000,0.000000,0.000000,0.000000,0.000000
baseline,none,any,1,0,3584,3584,3584,1,2,4,8,1,193.461485,11.170246,11.447158,11.531644,11.702936,7867.543786,8043.338041,7984.409179,8242.733545,11.170246,11.447158,11.531644,11.702936,7867.543786,8043.338041,7984.409179,8242.733545,0.000000,0,160,0,0,0.000000,0.000000,0.000000,0.000000,0.000000,0.000000
baseline,none,any,1,0,3584,3584,3584,1,2,8,16,1,99.665013,13.439443,13.684620,13.601618,13.977365,6587.318955,6728.236620,6769.294533,6850.980462,13.439443,13.684620,13.601618,13.977365,6587.318955,6728.236620,6769.294533,6850.980462,0.000000,0,320,0,0,0.000000,0.000000,0.000000,0.000000,0.000000,0.000000
baseline,none,any,1,0,3584,3584,3584,1,2,16,32,1,53.012119,12.038246,12.057387,12.198306,12.828074,7177.489108,7636.261605,7548.044901,7648.403381,12.038246,12.057387,12.198306,12.828074,7177.489108,7636.261605,7548.044901,7648.403381,0.000000,0,640,0,0,0.000000,0.000000,0.000000,0.000000,0.000000,0.000000
baseline,none,any,1,0,3584,3584,3584,1,2,32,64,1,28.176046,13.997133,14.534200,14.359225,14.710406,6259.063238,6334.945261,6412.140141,6578.015756,13.997133,14.534200,14.359225,14.710406,6259.063238,6334.945261,6412.140141,6578.015756,0.000000,0,1280,0,0,0.000000,0.000000,0.000000,0.000000,0.000000,0.000000
baseline,none,any,1,0,3840,3840,3840,1,2,1,2,1,913.244781,10.670335,11.047640,10.955910,11.286184,10034.056507,10250.714904,10336.540835,10613.182060,10.670335,11.047640,10.955910,11.286184,10034.056507,10250.714904,10336.540835,10613.182060,0.000000,0,40,0,0,0.000000,0.000000,0.000000,0.000000,0.000000,0.000000
baseline,none,any,1,0,3840,3840,3840,1,2,2,4,1,466.449393,10.905155,11.067269,11.137545,11.836881,9567.233801,10232.534151,10167.968295,10384.649095,10.905155,11.067269,11.137545,11.836881,9567.233801,10232.534151,10167.968295,10384.649095,0.000000,0,80,0,0,0.000000,0.000000,0.000000,0.000000,0.000000,0.000000
baseline,none,any,1,0,3840,3840,3840,1,2,4,8,1,239.499745,12.567322,12.653100,12.730185,13.283631,8525.244942,8950.076108,8895.880530,9011.164670,12.567322,12.653100,12.730185,13.283631,8525.244942,8950.076108,8895.880530,9011.164670,0.000000,0,160,0,0,0.000000,0.000000,0.000000,0.000000,0.000000,0.000000
baseline,none,any,1,0,3840,3840,3840,1,2,8,16,1,122.673729,15.310897,15.946955,15.955694,16.478727,6872.266772,7101.431465,7097.542137,7396.445029,15.310897,15.946955,15.955694,16.478727,6872.266772,7101.431465,7097.542137,7396.445029,0.000000,0,320,0,0,0.000000,0.000000,0.000000,0.000000,0.000000,0.000000
baseline,none,any,1,0,3840,3840,3840,1,2,16,32,1,64.412949,13.297880,13.730608,13.811995,14.689608,7709.273658,8247.719839,8199.120525,8516.109936,13.297880,13.730608,13.811995,14.689608,7709.273658,8247.719839,8199.120525,8516.109936,0.000000,0,640,0,0,0.000000,0.000000,0.000000,0.000000,0.000000,0.000000
baseline,none,any,1,0,3840,3840,3840,1,2,32,64,1,34.198087,15.624239,16.549714,16.202278,17.398145,6509.096688,6842.789428,6989.523754,7248.110324,15.624239,16.549714,16.202278,17.398145,6509.096688,6842.789428,6989.523754,7248.110324,0.000000,0,1280,0,0,0.000000,0.000000,0.000000,0.000000,0.000000,0.000000
baseline,none,any,1,0,4096,4096,4096,1,2,1,2,1,1100.376346,12.647988,13.002964,12.964200,13.933446,9863.959962,10569.817272,10601.421589,10866.467732,12.647988,13.002964,12.964200,13.933446,9863.959962,10569.817272,10601.421589,10866.467732,0.000000,0,40,0,0,0.000000,0.000000,0.000000,0.000000,0.000000,0.000000
baseline,none,any,1,0,4096,4096,4096,1,2,2,4,1,558.281964,13.485266,13.529213,13.581133,14.427018,9526.497678,10158.680588,10119.844380,10191.786612,13.485266,13.529213,13.581133,14.427018,9526.497678,10158.680588,10119.844380,10191.786612,0.000000,0,80,0,0,0.000000,0.000000,0.000000,0.000000,0.000000,0.000000
baseline,none,any,1,0,4096,4096,4096,1,2,4,8,1,290.024170,13.409735,13.533924,13.580957,14.269349,9631.760599,10155.144470,10119.975712,10249.192357,13.409735,13.533924,13.580957,14.269349,9631.760599,10155.144470,10119.975712,10249.192357,0.000000,0,160,0,0,0.000000,0.000000,0.000000,0.000000,0.000000,0.000000
baseline,none,any,1,0,4096,4096,4096,1,2,8,16,1,149.498528,16.890337,17.729908,17.642325,18.915491,7265.946915,7751.814249,7790.296912,8137.135066,16.890337,17.729908,17.642325,18.915491,7265.946915,7751.814249,7790.296912,8137.135066,0.000000,0,320,0,0,0.000000,0.000000,0.000000,0.000000,0.000000,0.000000
baseline,none,any,1,0,4096,4096,4096,1,2,16,32,1,79.204270,15.763302,16.413570,16.493545,17.713893,7758.822607,8373.495435,8332.893447,8718.919010,15.763302,16.413570,16.493545,17.713893,7758.822607,8373.495435,8332.893447,8718.919010,0.000000,0,640,0,0,0.000000,0.000000,0.000000,0.000000,0.000000,0.000000
baseline,none,any,1,0,4096,4096,4096,1,2,32,64,1,40.751944,16.791666,17.421714,17.488564,18.293471,7513.005786,7888.945569,7858.790226,8184.950408,16.791666,17.421714,17.488564,18.293471,7513.005786,7888.945569,7858.790226,8184.950408,0.000000,0,1280,0,0,0.000000,0.000000,0.000000,0.000000,0.000000,0.000000
baseline,none,any,1,0,4352,4352,4352,1,2,1,2,1,1321.837294,15.346746,15.392905,15.686032,16.939011,9732.145780,10709.669449,10509.536409,10741.881335,15.346746,15.392905,15.686032,16.939011,9732.145780,10709.669449,10509.536409,10741.881335,0.000000,0,40,0,0,0.000000,0.000000,0.000000,0.000000,0.000000,0.000000
baseline,none,any,1,0,4352,4352,4352,1,2,2,4,1,676.733985,16.765044,17.135223,17.170188,17.818347,9251.864071,9620.704931,9601.113647,9833.134015,16.765044,17.135223,17.170188,17.818347,9251.864071,9620.704931,9601.113647,9833.134015,0.000000,0,80,0,0,0.000000,0.000000,0.000000,0.000000,0.000000,0.000000
baseline,none,any,1,0,4352,4352,4352,1,2,4,8,1,346.009898,18.977689,19.657767,19.591110,20.646453,7984.563955,8386.147034,8414.680364,8686.670143,18.977689,19.657767,19.591110,20.646453,7984.563955,8386.147034,8414.680364,8686.670143,0.000000,0,160,0,0,0.000000,0.000000,0.000000,0.000000,0.000000,0.000000
baseline,none,any,1,0,4352,4352,4352,1,2,8,16,1,180.008292,25.694676,26.255576,26.336142,27.482340,5998.503927,6278.777674,6259.569954,6415.839780,25.694676,26.255576,26.336142,27.482340,5998.503927,6278.777674,6259.569954,6415.839780,0.000000,0,320,0,0,0.000000,0.000000,0.000000,0.000000,0.000000,0.000000
baseline,none,any,1,0,4352,4352,4352,1,2,16,32,1,93.298809,37.849234,37.921744,37.942320,38.085804,4328.461188,4347.187313,4344.829899,4355.515475,37.849234,37.921744,37.942320,38.085804,4328.461188,4347.187313,4344.829899,4355.515475,0.000000,0,640,0,0,0.000000,0.000000,0.000000,0.000000,0.000000,0.000000
baseline,none,any,1,0,4352,4352,4352,1,2,32,64,1,49.282040,25.762795,28.306250,27.408904,28.843366,5715.453752,5823.905477,6014.575461,6398.875759,25.762795,28.306250,27.408904,28.843366,5715.453752,5823.905477,6014.575461,6398.875759,0.000000,0,1280,0,0,0.000000,0.000000,0.000000,0.000000,0.000000,0.000000
baseline,none,any,1,0,4608,4608,4608,1,2,1,2,1,1570.046781,18.245829,18.928085,19.133656,20.832538,9393.452081,10338.576112,10227.499204,10725.160661,18.245829,18.928085,19.133656,20.832538,9393.452081,10338.576112,10227.499204,10725.160661,0.000000,0,40,0,0,0.000000,0.000000,0.000000,0.000000,0.000000,0.000000
baseline,none,any,1,0,4608,4608,4608,1,2,2,4,1,799.416053,18.133509,18.911898,18.888710,19.863286,9851.816433,10347.425067,10360.127439,10791.592925,18.133509,18.911898,18.888710,19.863286,9851.816433,10347.425067,10360.127439,10791.592925,0.000000,0,80,0,0,0.000000,0.000000,0.000000,0.000000,0.000000,0.000000
baseline,none,any,1,0,4608,4608,4608,1,2,4,8,1,408.968735,20.494716,21.132738,21.314282,22.269853,8787.190801,9260.013890,9181.141722,9548.287833,20.494716,21.132738,21.314282,22.269853,8787.190801,9260.013890,9181.141722,9548.287833,0.000000,0,160,0,0,0.000000,0.000000,0.000000,0.000000,0.000000,0.000000
baseline,none,any,1,0,4608,4608,4608,1,2,8,16,1,210.814302,27.679235,28.770575,28.927524,31.483313,6215.656129,6801.721809,6764.818346,7069.900863,27.679235,28.770575,28.927524,31.483313,6215.656129,6801.721809,6764.818346,7069.900863,0.000000,0,320,0,0,0.000000,0.000000,0.000000,0.000000,0.000000,0.000000
baseline,none,any,1,0,4608,4608,4608,1,2,16,32,1,114.867331,40.234381,40.379419,40.444989,40.964529,4777.046196,4846.267041,4838.410197,4863.736997,40.234381,40.379419,40.444989,40.964529,4777.046196,4846.267041,4838.410197,4863.736997,0.000000,0,640,0,0,0.000000,0.000000,0.000000,0.000000,0.000000,0.000000
baseline,none,any,1,0,4608,4608,4608,1,2,32,64,1,56.448913,27.550275,31.174501,30.172679,31.822672,6149.371977,6277.227899,6485.650350,7102.994341,27.550275,31.174501,30.172679,31.822672,6149.371977,6277.227899,6485.650350,7102.994341,0.000000,0,1280,0,0,0.000000,0.000000,0.000000,0.000000,0.000000,0.000000
baseline,none,any,1,0,4864,4864,4864,1,2,1,2,1,1835.194989,21.558639,22.802429,22.554636,24.271004,9482.502211,10093.216345,10204.103896,10675.527759,21.558639,22.802429,22.554636,24.271004,9482.502211,10093.216345,10204.103896,10675.527759,0.000000,0,40,0,0,0.000000,0.000000,0.000000,0.000000,0.000000,0.000000
baseline,none,any,1,0,4864,4864,4864,1,2,2,4,1,931.419374,22.937005,24.285041,24.038300,24.983666,9212.012724,9477.021228,9574.297922,10033.997424,22.937005,24.285041,24.038300,24.983666,9212.012724,9477.021228,9574.297922,10033.997424,0.000000,0,80,0,0,0.000000,0.000000,0.000000,0.000000,0.000000,0.000000
baseline,none,any,1,0,4864,4864,4864,1,2,4,8,1,477.590897,22.431625,24.040680,23.645256,25.004886,9204.195096,9573.350217,9733.447292,10260.061368,22.431625,24.040680,23.645256,25.004886,9204.195096,9573.350217,9733.447292,10260.061368,0.000000,0,160,0,0,0.000000,0.000000,0.000000,0.000000,0.000000,0.000000
baseline,none,any,1,0,4864,4864,4864,1,2,8,16,1,248.049591,31.712319,31.969030,31.899010,34.063505,6756.493470,7199.150212,7214.952746,7257.427282,31.712319,31.969030,31.899010,34.063505,6756.493470,7199.150212,7214.952746,7257.427282,0.000000,0,320,0,0,0.000000,0.000000,0.000000,0.000000,0.000000,0.000000
baseline,none,any,1,0,4864,4864,4864,1,2,16,32,1,133.843678,42.735248,42.973222,43.009808,43.530652,5287.075624,5355.657276,5351.101473,5385.480601,42.735248,42.973222,43.009808,43.530652,5287.075624,5355.657276,5351.101473,5385.480601,0.000000,0,640,0,0,0.000000,0.000000,0.000000,0.000000,0.000000,0.000000
baseline,none,any,1,0,4864,4864,4864,1,2,32,64,1,69.182413,33.203881,36.778668,35.952899,37.216068,6184.152745,6257.699411,6401.426724,6931.414105,33.203881,36.778668,35.952899,37.216068,6184.152745,6257.699411,6401.426724,6931.414105,0.000000,0,1280,0,0,0.000000,0.000000,0.000000,0.000000,0.000000,0.000000
baseline,none,any,1,0,5120,5120,5120,1,2,1,2,1,2151.061553,25.559404,27.077269,26.899444,28.022626,9579.239861,9913.682802,9979.219589,10502.414532,25.559404,27.077269,26.899444,28.022626,9579.239861,9913.682802,9979.219589,10502.414532,0.000000,0,40,0,0,0.000000,0.000000,0.000000,0.000000,0.000000,0.000000
baseline,none,any,1,0,5120,5120,5120,1,2,2,4,1,1091.928033,25.688174,27.296256,26.962998,28.306039,9483.328134,9834.149269,9955.697472,10449.767897,25.688174,27.296256,26.962998,28.306039,9483.328134,9834.149269,9955.697472,10449.767897,0.000000,0,80,0,0,0.000000,0.000000,0.000000,0.000000,0.000000,0.000000
baseline,none,any,1,0,5120,5120,5120,1,2,4,8,1,558.405350,27.493160,28.883829,28.784249,30.064661,8928.604118,9293.624332,9325.775832,9763.717812,27.493160,28.883829,28.784249,30.064661,8928.604118,9293.624332,9325.775832,9763.717812,0.000000,0,160,0,0,0.000000,0.000000,0.000000,0.000000,0.000000,0.000000
baseline,none,any,1,0,5120,5120,5120,1,2,8,16,1,287.499978,33.757079,34.633238,34.496351,36.113916,7433.019892,7750.804473,7781.560941,7951.975229,33.757079,34.633238,34.496351,36.113916,7433.019892,7750.804473,7781.560941,7951.975229,0.000000,0,320,0,0,0.000000,0.000000,0.000000,0.000000,0.000000,0.000000
baseline,none,any,1,0,5120,5120,5120,1,2,16,32,1,154.481267,45.750371,45.972952,46.024174,46.845183,5730.268062,5838.986715,5832.488235,5867.394081,45.750371,45.972952,46.024174,46.845183,5730.268062,5838.986715,5832.488235,5867.394081,0.000000,0,640,0,0,0.000000,0.000000,0.000000,0.000000,0.000000,0.000000
baseline,none,any,1,0,5120,5120,5120,1,2,32,64,1,80.383538,34.911723,38.915160,38.347427,40.205282,6676.621644,6897.966140,7000.090410,7688.977596,34.911723,38.915160,38.347427,40.205282,6676.621644,6897.966140,7000.090410,7688.977596,0.000000,0,1280,0,0,0.000000,0.000000,0.000000,0.000000,0.000000,0.000000
baseline,none,any,1,0,5376,5376,5376,1,2,1,2,1,2498.960776,28.966581,31.417729,30.995135,32.153549,9664.488195,9890.835673,10025.689298,10727.796793,28.966581,31.417729,30.995135,32.153549,9664.488195,9890.835673,10025.689298,10727.796793,0.000000,0,40,0,0,0.000000,0.000000,0.000000,0.000000,0.000000,0.000000
baseline,none,any,1,0,5376,5376,5376,1,2,2,4,1,1259.848886,30.737705,33.344456,32.745028,33.635412,9238.703387,9319.318172,9489.916962,10109.655056,30.737705,33.344456,32.745028,33.635412,9238.703387,9319.318172,9489.916962,10109.655056,0.000000,0,80,0,0,0.000000,0.000000,0.000000,0.000000,0.000000,0.000000
baseline,none,any,1,0,5376,5376,5376,1,2,4,8,1,645.220082,35.234649,37.353491,36.984172,38.714734,8026.597697,8319.104492,8402.178037,8819.375347,35.234649,37.353491,36.984172,38.714734,8026.597697,8319.104492,8402.178037,8819.375347,0.000000,0,160,0,0,0.000000,0.000000,0.000000,0.000000,0.000000,0.000000
baseline,none,any,1,0,5376,5376,5376,1,2,8,16,1,331.058089,35.906833,37.203571,37.237082,38.076982,8161.035314,8352.628159,8345.111315,8654.274654,35.906833,37.203571,37.237082,38.076982,8161.035314,8352.628159,8345.111315,8654.274654,0.000000,0,320,0,0,0.000000,0.000000,0.000000,0.000000,0.000000,0.000000
baseline,none,any,1,0,5376,5376,5376,1,2,16,32,1,171.104841,48.596925,49.990222,49.742484,50.496402,6153.856165,6216.167529,6247.126615,6394.388014,48.596925,49.990222,49.742484,50.496402,6153.856165,6216.167529,6247.126615,6394.388014,0.000000,0,640,0,0,0.000000,0.000000,0.000000,0.000000,0.000000,0.000000
baseline,none,any,1,0,5376,5376,5376,1,2,32,64,1,91.797275,38.850547,44.011175,42.950124,44.639792,6961.224075,7060.652090,7235.080312,7998.538470,38.850547,44.011175,42.950124,44.639792,6961.224075,7060.652090,7235.080312,7998.538470,0.000000,0,1280,0,0,0.000000,0.000000,0.000000,0.000000,0.000000,0.000000
baseline,none,any,1,0,5632,5632,5632,1,2,1,2,1,2865.552514,33.645068,36.920598,36.022830,37.726213,9470.539541,9677.188651,9918.365476,10619.315495,33.645068,36.920598,36.022830,37.726213,9470.539541,9677.188651,9918.365476,10619.315495,0.000000,0,40,0,0,0.000000,0.000000,0.000000,0.000000,0.000000,0.000000
baseline,none,any,1,0,5632,5632,5632,1,2,2,4,1,1448.845947,34.255462,37.551783,36.550088,37.744321,9465.996009,9514.530693,9775.286884,10430.091176,34.255462,37.551783,36.550088,37.744321,9465.996009,9514.530693,9775.286884,10430.091176,0.000000,0,80,0,0,0.000000,0.000000,0.000000,0.000000,0.000000,0.000000
baseline,none,any,1,0,5632,5632,5632,1,2,4,8,1,747.136629,37.750985,39.730580,39.402367,40.381808,8847.736385,8992.760537,9067.668300,9464.325022,37.750985,39.730580,39.402367,40.381808,8847.736385,8992.760537,9067.668300,9464.325022,0.000000,0,160,0,0,0.000000,0.000000,0.000000,0.000000,0.000000,0.000000
baseline,none,any,1,0,5632,5632,5632,1,2,8,16,1,377.796489,39.529325,40.477549,40.811260,44.811508,7973.121367,8826.808954,8754.632747,9038.545230,39.529325,40.477549,40.811260,44.811508,7973.121367,8826.808954,8754.632747,9038.545230,0.000000,0,320,0,0,0.000000,0.000000,0.000000,0.000000,0.000000,0.000000
baseline,none,any,1,0,5632,5632,5632,1,2,16,32,1,196.701749,51.442344,53.327525,53.002807,53.792434,6641.967380,6699.872007,6740.918343,6945.398754,51.442344,53.327525,53.002807,53.792434,6641.967380,6699.872007,6740.918343,6945.398754,0.000000,0,640,0,0,0.000000,0.000000,0.000000,0.000000,0.000000,0.000000
baseline,none,any,1,0,5632,5632,5632,1,2,32,64,1,107.115254,45.626201,49.830859,49.126412,50.817725,7030.767157,7170.006681,7272.820826,7830.754788,45.626201,49.830859,49.126412,50.817725,7030.767157,7170.006681,7272.820826,7830.754788,0.000000,0,1280,0,0,0.000000,0.000000,0.000000,0.000000,0.000000,0.000000
baseline,none,any,1,0,5888,5888,5888,1,2,1,2,1,3251.990405,38.861743,42.032232,41.345096,43.011702,9491.760501,9712.945393,9874.369917,10505.364470,38.861743,42.032232,41.345096,43.011702,9491.760501,9712.945393,9874.369917,10505.364470,0.000000,0,40,0,0,0.000000,0.000000,0.000000,0.000000,0.000000,0.000000
baseline,none,any,1,0,5888,5888,5888,1,2,2,4,1,1645.926296,40.367694,43.438010,42.994844,44.784185,9116.092526,9398.606753,9495.482159,10113.452954,40.367694,43.438010,42.994844,44.784185,9116.092526,9398.606753,9495.482159,10113.452954,0.000000,0,80,0,0,0.000000,0.000000,0.000000,0.000000,0.000000,0.000000
baseline,none,any,1,0,5888,5888,5888,1,2,4,8,1,839.104942,41.487323,43.416369,43.224814,44.614857,9150.691084,9403.291513,9444.963143,9840.518612,41.487323,43.416369,43.224814,44.614857,9150.691084,9403.291513,9444.963143,9840.518612,0.000000,0,160,0,0,0.000000,0.000000,0.000000,0.000000,0.000000,0.000000
baseline,none,any,1,0,5888,5888,5888,1,2,8,16,1,431.073588,40.770201,43.674722,43.301336,44.599593,9153.822864,9347.667379,9428.272041,10013.607099,40.770201,43.674722,43.301336,44.599593,9153.822864,9347.667379,9428.272041,10013.607099,0.000000,0,320,0,0,0.000000,0.000000,0.000000,0.000000,0.000000,0.000000
baseline,none,any,1,0,5888,5888,5888,1,2,16,32,1,225.555262,54.285679,56.901708,56.733773,58.087570,7028.298380,7174.771874,7196.009589,7520.524412,54.285679,56.901708,56.733773,58.087570,7028.298380,7174.771874,7196.009589,7520.524412,0.000000,0,640,0,0,0.000000,0.000000,0.000000,0.000000,0.000000,0.000000
baseline,none,any,1,0,5888,5888,5888,1,2,32,64,1,116.687240,47.758915,54.457889,53.645908,55.273770,7386.085193,7496.742559,7610.212728,8548.284109,47.758915,54.457889,53.645908,55.273770,7386.085193,7496.742559,7610.212728,8548.284109,0.000000,0,1280,0,0,0.000000,0.000000,0.000000,0.000000,0.000000,0.000000
baseline,none,any,1,0,6144,6144,6144,1,2,1,2,1,3714.959462,43.790657,48.247678,47.396066,48.910013,9483.875377,9614.068225,9786.813739,10592.589830,43.790657,48.247678,47.396066,48.910013,9483.875377,9614.068225,9786.813739,10592.589830,0.000000,0,40,0,0,0.000000,0.000000,0.000000,0.000000,0.000000,0.000000
baseline,none,any,1,0,6144,6144,6144,1,2,2,4,1,1862.371497,43.979655,47.820989,47.121938,48.886232,9488.488865,9699.851000,9843.747672,10547.069275,43.979655,47.820989,47.121938,48.886232,9488.488865,9699.851000,9843.747672,10547.069275,0.000000,0,80,0,0,0.000000,0.000000,0.000000,0.000000,0.000000,0.000000
baseline,none,any,1,0,6144,6144,6144,1,2,4,8,1,957.211422,43.869838,47.026741,46.627884,48.150283,9633.514884,9863.674541,9948.048779,10573.471185,43.869838,47.026741,46.627884,48.150283,9633.514884,9863.674541,9948.048779,10573.471185,0.000000,0,160,0,0,0.000000,0.000000,0.000000,0.000000,0.000000,0.000000
baseline,none,any,1,0,6144,6144,6144,1,2,8,16,1,491.574169,45.160737,47.112833,47.002490,51.230223,9054.351920,9845.650079,9868.763697,10271.233350,45.160737,47.112833,47.002490,51.230223,9054.351920,9845.650079,9868.763697,10271.233350,0.000000,0,320,0,0,0.000000,0.000000,0.000000,0.000000,0.000000,0.000000
baseline,none,any,1,0,6144,6144,6144,1,2,16,32,1,252.834981,57.325435,60.754539,60.319433,61.341462,7561.875000,7634.926964,7690.000429,8091.634507,57.325435,60.754539,60.319433,61.341462,7561.875000,7634.926964,7690.000429,8091.634507,0.000000,0,640,0,0,0.000000,0.000000,0.000000,0.000000,0.000000,0.000000
baseline,none,any,1,0,6144,6144,6144,1,2,32,64,1,133.699412,51.297032,57.563762,57.046305,59.849571,7750.372479,8058.133309,8131.227262,9042.559577,51.297032,57.563762,57.046305,59.849571,7750.372479,8058.133309,8131.227262,9042.559577,0.000000,0,1280,0,0,0.000000,0.000000,0.000000,0.000000,0.000000,0.000000
baseline,none,any,1,0,6400,6400,6400,1,2,1,2,1,4170.168787,49.380338,53.748549,53.057397,54.634981,9596.196254,9754.458674,9881.525068,10617.343283,49.380338,53.748549,53.057397,54.634981,9596.196254,9754.458674,9881.525068,10617.343283,0.000000,0,40,0,0,0.000000,0.000000,0.000000,0.000000,0.000000,0.000000
baseline,none,any,1,0,6400,6400,6400,1,2,2,4,1,2128.003107,51.020607,55.377657,54.696215,56.193317,9330.077454,9467.500584,9585.453016,10276.004752,51.020607,55.377657,54.696215,56.193317,9330.077454,9467.500584,9585.453016,10276.004752,0.000000,0,80,0,0,0.000000,0.000000,0.000000,0.000000,0.000000,0.000000
baseline,none,any,1,0,6400,6400,6400,1,2,4,8,1,1081.054699,56.976825,60.375875,59.973145,61.557237,8517.081428,8683.733362,8742.046106,9201.776336,56.976825,60.375875,59.973145,61.557237,8517.081428,8683.733362,8742.046106,9201.776336,0.000000,0,160,0,0,0.000000,0.000000,0.000000,0.000000,0.000000,0.000000
baseline,none,any,1,0,6400,6400,6400,1,2,8,16,1,555.789457,67.771123,70.169881,69.910212,71.540692,7328.528497,7471.695727,7499.447996,7736.156298,67.771123,70.169881,69.910212,71.540692,7328.528497,7471.695727,7499.447996,7736.156298,0.000000,0,320,0,0,0.000000,0.000000,0.000000,0.000000,0.000000,0.000000
baseline,none,any,1,0,6400,6400,6400,1,2,16,32,1,289.944984,76.635932,77.256239,77.199765,78.535839,6675.780213,6786.351585,6791.316014,6841.281711,76.635932,77.256239,77.199765,78.535839,6675.780213,6786.351585,6791.316014,6841.281711,0.000000,0,640,0,0,0.000000,0.000000,0.000000,0.000000,0.000000,0.000000
baseline,none,any,1,0,6400,6400,6400,1,2,32,64,1,152.257181,75.432801,81.686222,81.890745,84.625268,6195.407263,6418.316176,6402.286363,6950.398143,75.432801,81.686222,81.890745,84.625268,6195.407263,6418.316176,6402.286363,6950.398143,0.000000,0,1280,0,0,0.000000,0.000000,0.000000,0.000000,0.000000,0.000000
baseline,none,any,1,0,6656,6656,6656,1,2,1,2,1,4696.358511,56.402960,61.144000,60.463856,62.400908,9451.027489,9645.307746,9753.805529,10456.059342,56.402960,61.144000,60.463856,62.400908,9451.027489,9645.307746,9753.805529,10456.059342,0.000000,0,40,0,0,0.000000,0.000000,0.000000,0.000000,0.000000,0.000000
baseline,none,any,1,0,6656,6656,6656,1,2,2,4,1,2372.606023,56.478704,61.115095,60.664304,61.918815,9524.612137,9649.869592,9721.576955,10442.036645,56.478704,61.115095,60.664304,61.918815,9524.612137,9649.869592,9721.576955,10442.036645,0.000000,0,80,0,0,0.000000,0.000000,0.000000,0.000000,0.000000,0.000000
baseline,none,any,1,0,6656,6656,6656,1,2,4,8,1,1205.574918,60.305725,63.718196,63.662685,65.107395,9058.152255,9255.640207,9263.710724,9779.381590,60.305725,63.718196,63.662685,65.107395,9058.152255,9255.640207,9263.710724,9779.381590,0.000000,0,160,0,0,0.000000,0.000000,0.000000,0.000000,0.000000,0.000000
baseline,none,any,1,0,6656,6656,6656,1,2,8,16,1,620.511772,73.206043,75.844771,75.528372,76.849566,7674.118769,7775.785846,7808.359761,8056.065765,73.206043,75.844771,75.528372,76.849566,7674.118769,7775.785846,7808.359761,8056.065765,0.000000,0,320,0,0,0.000000,0.000000,0.000000,0.000000,0.000000,0.000000
baseline,none,any,1,0,6656,6656,6656,1,2,16,32,1,322.882499,81.629222,83.626827,83.637762,85.444035,6902.210281,7052.195067,7051.273055,7224.774197,81.629222,83.626827,83.637762,85.444035,6902.210281,7052.195067,7051.273055,7224.774197,0.000000,0,640,0,0,0.000000,0.000000,0.000000,0.000000,0.000000,0.000000
baseline,none,any,1,0,6656,6656,6656,1,2,32,64,1,175.311719,80.192269,87.282787,86.997931,90.512514,6515.703418,6756.804143,6778.927813,7354.233821,80.192269,87.282787,86.997931,90.512514,6515.703418,6756.804143,6778.927813,7354.233821,0.000000,0,1280,0,0,0.000000,0.000000,0.000000,0.000000,0.000000,0.000000
baseline,none,any,1,0,6912,6912,6912,1,2,1,2,1,5238.638645,62.993861,67.388623,66.888539,68.644237,9621.374116,9800.643724,9873.917026,10484.384900,62.993861,67.388623,66.888539,68.644237,9621.374116,9800.643724,9873.917026,10484.384900,0.000000,0,40,0,0,0.000000,0.000000,0.000000,0.000000,0.000000,0.000000
baseline,none,any,1,0,6912,6912,6912,1,2,2,4,1,2655.503794,65.574931,70.756960,70.258541,72.142849,9154.779638,9334.090739,9400.307411,10071.713000,65.574931,70.756960,70.258541,72.142849,9154.779638,9334.090739,9400.307411,10071.713000,0.000000,0,80,0,0,0.000000,0.000000,0.000000,0.000000,0.000000,0.000000
baseline,none,any,1,0,6912,6912,6912,1,2,4,8,1,1351.768427,64.418372,69.238349,68.796798,70.247937,9401.726417,9538.816199,9600.038159,10252.539214,64.418372,69.238349,68.796798,70.247937,9401.726417,9538.816199,9600.038159,10252.539214,0.000000,0,160,0,0,0.000000,0.000000,0.000000,0.000000,0.000000,0.000000
baseline,none,any,1,0,6912,6912,6912,1,2,8,16,1,694.600149,75.948064,79.738067,79.694818,81.055017,8148.192543,8282.767691,8287.262616,8696.099022,75.948064,79.738067,79.694818,81.055017,8148.192543,8282.767691,8287.262616,8696.099022,0.000000,0,320,0,0,0.000000,0.000000,0.000000,0.000000,0.000000,0.000000
baseline,none,any,1,0,6912,6912,6912,1,2,16,32,1,356.817881,91.442707,92.091867,92.003942,92.759957,7120.010686,7171.663542,7178.517242,7222.575826,91.442707,92.091867,92.003942,92.759957,7120.010686,7171.663542,7178.517242,7222.575826,0.000000,0,640,0,0,0.000000,0.000000,0.000000,0.000000,0.000000,0.000000
baseline,none,any,1,0,6912,6912,6912,1,2,32,64,1,190.772354,88.456439,94.897230,94.745105,96.908145,6815.236068,6959.653986,6970.828558,7466.408240,88.456439,94.897230,94.745105,96.908145,6815.236068,6959.653986,6970.828558,7466.408240,0.000000,0,1280,0,0,0.000000,0.000000,0.000000,0.000000,0.000000,0.000000
baseline,none,any,1,0,7168,7168,7168,1,2,1,2,1,5836.294491,71.343122,76.336547,76.065971,78.338976,9402.559605,9649.203694,9683.527051,10324.567675,71.343122,76.336547,76.065971,78.338976,9402.559605,9649.203694,9683.527051,10324.567675,0.000000,0,40,0,0,0.000000,0.000000,0.000000,0.000000,0.000000,0.000000
baseline,none,any,1,0,7168,7168,7168,1,2,2,4,1,2959.105377,70.124189,75.551307,75.402268,77.153224,9547.065606,9749.492372,9768.763028,10504.034368,70.124189,75.551307,75.402268,77.153224,9547.065606,9749.492372,9768.763028,10504.034368,0.000000,0,80,0,0,0.000000,0.000000,0.000000,0.000000,0.000000,0.000000
baseline,none,any,1,0,7168,7168,7168,1,2,4,8,1,1501.021956,72.244125,76.776069,76.846683,79.072412,9315.346182,9593.964641,9585.148855,10195.803344,72.244125,76.776069,76.846683,79.072412,9315.346182,9593.964641,9585.148855,10195.803344,0.000000,0,160,0,0,0.000000,0.000000,0.000000,0.000000,0.000000,0.000000
baseline,none,any,1,0,7168,7168,7168,1,2,8,16,1,773.449280,82.746637,86.057356,85.812937,87.585346,8409.932996,8559.255426,8583.634575,8901.713930,82.746637,86.057356,85.812937,87.585346,8409.932996,8559.255426,8583.634575,8901.713930,0.000000,0,320,0,0,0.000000,0.000000,0.000000,0.000000,0.000000,0.000000
baseline,none,any,1,0,7168,7168,7168,1,2,16,32,1,399.243492,95.491362,97.772942,97.301528,98.171205,7503.084955,7533.647615,7570.147247,7713.649443,95.491362,97.772942,97.301528,98.171205,7503.084955,7533.647615,7570.147247,7713.649443,0.000000,0,640,0,0,0.000000,0.000000,0.000000,0.000000,0.000000,0.000000
baseline,none,any,1,0,7168,7168,7168,1,2,32,64,1,210.833410,95.581653,102.107073,101.913585,104.371037,7057.387877,7213.867459,7227.563377,7706.362760,95.581653,102.107073,101.913585,104.371037,7057.387877,7213.867459,7227.563377,7706.362760,0.000000,0,1280,0,0,0.000000,0.000000,0.000000,0.000000,0.000000,0.000000
baseline,none,any,1,0,7424,7424,7424,1,2,1,2,1,6500.479560,78.591209,84.075988,83.787880,85.983716,9517.604962,9733.564380,9767.033634,10412.857271,78.591209,84.075988,83.787880,85.983716,9517.604962,9733.564380,9767.033634,10412.857271,0.000000,0,40,0,0,0.000000,0.000000,0.000000,0.000000,0.000000,0.000000
baseline,none,any,1,0,7424,7424,7424,1,2,2,4,1,3289.928555,82.560303,86.676019,86.252867,87.885054,9311.697550,9441.585475,9487.905344,9912.258220,82.560303,86.676019,86.252867,87.885054,9311.697550,9441.585475,9487.905344,9912.258220,0.000000,0,80,0,0,0.000000,0.000000,0.000000,0.000000,0.000000,0.000000
baseline,none,any,1,0,7424,7424,7424,1,2,4,8,1,1682.742563,86.314537,91.517246,91.200299,92.475273,8849.490415,8942.129247,8973.205711,9481.126476,86.314537,91.517246,91.200299,92.475273,8849.490415,8942.129247,8973.205711,9481.126476,0.000000,0,160,0,0,0.000000,0.000000,0.000000,0.000000,0.000000,0.000000
baseline,none,any,1,0,7424,7424,7424,1,2,8,16,1,858.526361,86.490872,91.055279,91.023783,93.187929,8781.813812,8987.496947,8990.606796,9461.796640,86.490872,91.055279,91.023783,93.187929,8781.813812,8987.496947,8990.606796,9461.796640,0.000000,0,320,0,0,0.000000,0.000000,0.000000,0.000000,0.000000,0.000000
baseline,none,any,1,0,7424,7424,7424,1,2,16,32,1,445.917749,99.718458,102.181638,102.082029,102.560082,7979.313453,8008.865957,8016.680809,8206.695716,99.718458,102.181638,102.082029,102.560082,7979.313453,8008.865957,8016.680809,8206.695716,0.000000,0,640,0,0,0.000000,0.000000,0.000000,0.000000,0.000000,0.000000
baseline,none,any,1,0,7424,7424,7424,1,2,32,64,1,233.673580,107.193153,111.266023,111.400578,114.459142,7149.791862,7354.977018,7346.093292,7634.433909,107.193153,111.266023,111.400578,114.459142,7149.791862,7354.977018,7346.093292,7634.433909,0.000000,0,1280,0,0,0.000000,0.000000,0.000000,0.000000,0.000000,0.000000
baseline,none,any,1,0,7680,7680,7680,1,2,1,2,1,7172.051854,87.135182,94.780727,94.085388,96.146910,9422.764226,9558.585302,9629.228132,10397.288939,87.135182,94.780727,94.085388,96.146910,9422.764226,9558.585302,9629.228132,10397.288939,0.000000,0,40,0,0,0.000000,0.000000,0.000000,0.000000,0.000000,0.000000
baseline,none,any,1,0,7680,7680,7680,1,2,2,4,1,3621.779255,87.879285,93.626621,93.066946,94.571967,9579.685109,9676.410986,9734.601863,10309.251651,87.879285,93.626621,93.066946,94.571967,9579.685109,9676.410986,9734.601863,10309.251651,0.000000,0,80,0,0,0.000000,0.000000,0.000000,0.000000,0.000000,0.000000
baseline,none,any,1,0,7680,7680,7680,1,2,4,8,1,1840.118337,92.391570,97.821873,97.484266,100.025608,9057.377227,9261.422177,9293.496272,9805.761110,92.391570,97.821873,97.484266,100.025608,9057.377227,9261.422177,9293.496272,9805.761110,0.000000,0,160,0,0,0.000000,0.000000,0.000000,0.000000,0.000000,0.000000
baseline,none,any,1,0,7680,7680,7680,1,2,8,16,1,949.979634,93.976516,97.052430,96.702476,98.735110,9175.759910,9334.847814,9368.629464,9640.383604,93.976516,97.052430,96.702476,98.735110,9175.759910,9334.847814,9368.629464,9640.383604,0.000000,0,320,0,0,0.000000,0.000000,0.000000,0.000000,0.000000,0.000000
baseline,none,any,1,0,7680,7680,7680,1,2,16,32,1,486.693819,103.505512,106.368338,106.333749,107.511668,8426.710150,8517.287014,8520.057590,8752.863944,103.505512,106.368338,106.333749,107.511668,8426.710150,8517.287014,8520.057590,8752.863944,0.000000,0,640,0,0,0.000000,0.000000,0.000000,0.000000,0.000000,0.000000
baseline,none,any,1,0,7680,7680,7680,1,2,32,64,1,257.748823,117.617719,120.697686,121.022215,123.028322,7363.911409,7506.106323,7485.978179,7702.663100,117.617719,120.697686,121.022215,123.028322,7363.911409,7506.106323,7485.978179,7702.663100,0.000000,0,1280,0,0,0.000000,0.000000,0.000000,0.000000,0.000000,0.000000
baseline,none,any,1,0,7936,7936,7936,1,2,1,2,1,7886.220676,97.625602,104.214924,103.810278,106.639192,9373.852755,9591.909156,9629.297867,10239.323121,97.625602,104.214924,103.810278,106.639192,9373.852755,9591.909156,9629.297867,10239.323121,0.000000,0,40,0,0,0.000000,0.000000,0.000000,0.000000,0.000000,0.000000
baseline,none,any,1,0,7936,7936,7936,1,2,2,4,1,3987.267569,102.801552,106.819234,106.809882,109.884650,9096.994746,9358.053286,9358.872662,9723.783973,102.801552,106.819234,106.809882,109.884650,9096.994746,9358.053286,9358.872662,9723.783973,0.000000,0,80,0,0,0.000000,0.000000,0.000000,0.000000,0.000000,0.000000
baseline,none,any,1,0,7936,7936,7936,1,2,4,8,1,2038.256046,102.497976,106.322823,106.139115,107.554127,9294.111826,9401.745133,9418.017866,9752.583638,102.497976,106.322823,106.139115,107.554127,9294.111826,9401.745133,9418.017866,9752.583638,0.000000,0,160,0,0,0.000000,0.000000,0.000000,0.000000,0.000000,0.000000
baseline,none,any,1,0,7936,7936,7936,1,2,8,16,1,1048.368902,106.861067,109.356612,109.264964,111.203750,8989.086103,9140.920384,9148.587524,9354.389880,106.861067,109.356612,109.264964,111.203750,8989.086103,9140.920384,9148.587524,9354.389880,0.000000,0,320,0,0,0.000000,0.000000,0.000000,0.000000,0.000000,0.000000
baseline,none,any,1,0,7936,7936,7936,1,2,16,32,1,540.685322,108.937050,114.421879,114.284556,116.281220,8596.573752,8736.266984,8746.764400,9176.125879,108.937050,114.421879,114.284556,116.281220,8596.573752,8736.266984,8746.764400,9176.125879,0.000000,0,640,0,0,0.000000,0.000000,0.000000,0.000000,0.000000,0.000000
baseline,none,any,1,0,7936,7936,7936,1,2,32,64,1,281.046321,128.898122,131.209692,131.260801,133.539935,7485.551672,7618.492723,7615.526320,7755.117516,128.898122,131.209692,131.260801,133.539935,7485.551672,7618.492723,7615.526320,7755.117516,0.000000,0,1280,0,0,0.000000,0.000000,0.000000,0.000000,0.000000,0.000000
baseline,none,any,1,0,8192,8192,8192,1,2,1,2,1,8666.109157,110.454386,114.805242,114.899500,117.030061,9395.121376,9577.190106,9569.333479,9954.440630,110.454386,114.805242,114.899500,117.030061,9395.121376,9577.190106,9569.333479,9954.440630,0.000000,0,40,0,0,0.000000,0.000000,0.000000,0.000000,0.000000,0.000000
baseline,none,any,1,0,8192,8192,8192,1,2,2,4,1,4391.411311,109.785074,114.435080,114.195037,115.790838,9495.670355,9608.169346,9628.366150,10015.128539,109.785074,114.435080,114.195037,115.790838,9495.670355,9608.169346,9628.366150,10015.128539,0.000000,0,80,0,0,0.000000,0.000000,0.000000,0.000000,0.000000,0.000000
baseline,none,any,1,0,8192,8192,8192,1,2,4,8,1,2234.948011,109.760446,113.724810,113.524482,115.587443,9512.379539,9668.177311,9685.238028,10017.375729,109.760446,113.724810,113.524482,115.587443,9512.379539,9668.177311,9685.238028,10017.375729,0.000000,0,160,0,0,0.000000,0.000000,0.000000,0.000000,0.000000,0.000000
baseline,none,any,1,0,8192,8192,8192,1,2,8,16,1,1147.988121,112.570723,115.583060,115.371773,116.807370,9413.032994,9512.740256,9530.161475,9767.296491,112.570723,115.583060,115.371773,116.807370,9413.032994,9512.740256,9530.161475,9767.296491,0.000000,0,320,0,0,0.000000,0.000000,0.000000,0.000000,0.000000,0.000000
baseline,none,any,1,0,8192,8192,8192,1,2,16,32,1,610.441240,114.351983,119.465000,119.125132,120.089257,9155.786748,9203.629747,9229.888020,9615.151385,114.351983,119.465000,119.125132,120.089257,9155.786748,9203.629747,9229.888020,9615.151385,0.000000,0,640,0,0,0.000000,0.000000,0.000000,0.000000,0.000000,0.000000
baseline,none,any,1,0,8192,8192,8192,1,2,32,64,1,315.396499,136.647974,137.147683,137.497519,140.349559,7834.093927,8016.990180,7996.592507,8046.307571,136.647974,137.147683,137.497519,140.349559,7834.093927,8016.990180,7996.592507,8046.307571,0.000000,0,1280,0,0,0.000000,0.000000,0.000000,0.000000,0.000000,0.000000
baseline,none,any,1,0,8448,8448,8448,1,2,1,2,1,9539.521403,121.653515,124.967037,125.065967,126.672272,9519.412605,9649.309544,9641.676703,9912.131374,121.653515,124.967037,125.065967,126.672272,9519.412605,9649.309544,9641.676703,9912.131374,0.000000,0,40,0,0,0.000000,0.000000,0.000000,0.000000,0.000000,0.000000
baseline,none,any,1,0,8448,8448,8448,1,2,2,4,1,4823.819745,123.896664,127.470410,127.424064,129.783086,9291.238635,9459.808145,9463.248790,9732.672244,123.896664,127.470410,127.424064,129.783086,9291.238635,9459.808145,9463.248790,9732.672244,0.000000,0,80,0,0,0.000000,0.000000,0.000000,0.000000,0.000000,0.000000
baseline,none,any,1,0,8448,8448,8448,1,2,4,8,1,2441.544154,131.250446,133.819353,133.631426,135.271538,8914.259722,9010.995762,9023.668005,9187.364002,131.250446,133.819353,133.631426,135.271538,8914.259722,9010.995762,9023.668005,9187.364002,0.000000,0,160,0,0,0.000000,0.000000,0.000000,0.000000,0.000000,0.000000
baseline,none,any,1,0,8448,8448,8448,1,2,8,16,1,1251.487249,144.733053,146.179023,146.119338,146.601127,8225.350292,8249.101670,8252.471140,8331.515143,144.733053,146.179023,146.119338,146.601127,8225.350292,8249.101670,8252.471140,8331.515143,0.000000,0,320,0,0,0.000000,0.000000,0.000000,0.000000,0.000000,0.000000
baseline,none,any,1,0,8448,8448,8448,1,2,16,32,1,653.013182,179.859405,183.327537,183.072790,185.689626,6493.877169,6577.547719,6586.700420,6704.379028,179.859405,183.327537,183.072790,185.689626,6493.877169,6577.547719,6586.700420,6704.379028,0.000000,0,640,0,0,0.000000,0.000000,0.000000,0.000000,0.000000,0.000000
baseline,none,any,1,0,8448,8448,8448,1,2,32,64,1,344.423555,230.801694,233.484311,239.571146,267.981442,4499.735556,5164.568093,5033.350818,5224.596067,230.801694,233.484311,239.571146,267.981442,4499.735556,5164.568093,5033.350818,5224.596067,0.000000,0,1280,0,0,0.000000,0.000000,0.000000,0.000000,0.000000,0.000000
baseline,none,any,1,0,8704,8704,8704,1,2,1,2,1,10358.163057,133.264659,138.396104,138.113531,139.676963,9441.953541,9529.339029,9548.835537,9896.272614,133.264659,138.396104,138.113531,139.676963,9441.953541,9529.339029,9548.835537,9896.272614,0.000000,0,40,0,0,0.000000,0.000000,0.000000,0.000000,0.000000,0.000000
baseline,none,any,1,0,8704,8704,8704,1,2,2,4,1,5258.223088,133.484535,136.475716,136.511895,138.444925,9525.978618,9663.429026,9660.868012,9879.971454,133.484535,136.475716,136.511895,138.444925,9525.978618,9663.429026,9660.868012,9879.971454,0.000000,0,80,0,0,0.000000,0.000000,0.000000,0.000000,0.000000,0.000000
baseline,none,any,1,0,8704,8704,8704,1,2,4,8,1,2689.239125,141.183842,143.711672,143.209167,144.466610,9128.914947,9176.870445,9209.071044,9341.177975,141.183842,143.711672,143.209167,144.466610,9128.914947,9176.870445,9209.071044,9341.177975,0.000000,0,160,0,0,0.000000,0.000000,0.000000,0.000000,0.000000,0.000000
baseline,none,any,1,0,8704,8704,8704,1,2,8,16,1,1374.991321,157.611068,159.981324,159.975470,162.298946,8125.890080,8243.608456,8243.910128,8367.581110,157.611068,159.981324,159.975470,162.298946,8125.890080,8243.608456,8243.910128,8367.581110,0.000000,0,320,0,0,0.000000,0.000000,0.000000,0.000000,0.000000,0.000000
baseline,none,any,1,0,8704,8704,8704,1,2,16,32,1,715.325893,193.327321,195.833678,195.100398,196.544465,6710.051058,6734.405485,6759.716574,6821.712464,193.327321,195.833678,195.100398,196.544465,6710.051058,6734.405485,6759.716574,6821.712464,0.000000,0,640,0,0,0.000000,0.000000,0.000000,0.000000,0.000000,0.000000
baseline,none,any,1,0,8704,8704,8704,1,2,32,64,1,376.902087,244.036669,244.701704,245.005509,250.700181,5260.560204,5389.514555,5382.831600,5404.201757,244.036669,244.701704,245.005509,250.700181,5260.560204,5389.514555,5382.831600,5404.201757,0.000000,0,1280,0,0,0.000000,0.000000,0.000000,0.000000,0.000000,0.000000
baseline,none,any,1,0,8960,8960,8960,1,2,1,2,1,11376.718891,148.414654,151.158351,150.924720,153.047769,9399.981989,9517.477946,9532.210954,9693.424694,148.414654,151.158351,150.924720,153.047769,9399.981989,9517.477946,9532.210954,9693.424694,0.000000,0,40,0,0,0.000000,0.000000,0.000000,0.000000,0.000000,0.000000
baseline,none,any,1,0,8960,8960,8960,1,2,2,4,1,5757.388243,152.263269,153.710048,153.800247,157.416057,9139.132941,9359.480989,9353.991930,9448.413143,152.263269,153.710048,153.800247,157.416057,9139.132941,9359.480989,9353.991930,9448.413143,0.000000,0,80,0,0,0.000000,0.000000,0.000000,0.000000,0.000000,0.000000
baseline,none,any,1,0,8960,8960,8960,1,2,4,8,1,2922.282800,151.482142,153.850921,153.644502,154.136577,9333.581295,9350.911016,9363.473823,9497.134468,151.482142,153.850921,153.644502,154.136577,9333.581295,9350.911016,9363.473823,9497.134468,0.000000,0,160,0,0,0.000000,0.000000,0.000000,0.000000,0.000000,0.000000
baseline,none,any,1,0,8960,8960,8960,1,2,8,16,1,1501.150956,170.134954,170.801337,170.741557,171.376754,8394.640687,8422.921607,8425.870637,8455.912428,170.134954,170.801337,170.741557,171.376754,8394.640687,8422.921607,8425.870637,8455.912428,0.000000,0,320,0,0,0.000000,0.000000,0.000000,0.000000,0.000000,0.000000
baseline,none,any,1,0,8960,8960,8960,1,2,16,32,1,772.644186,202.331029,202.773671,202.986964,205.437093,7002.855478,7094.837633,7087.382577,7110.359094,202.331029,202.773671,202.986964,205.437093,7002.855478,7094.837633,7087.382577,7110.359094,0.000000,0,640,0,0,0.000000,0.000000,0.000000,0.000000,0.000000,0.000000
baseline,none,any,1,0,8960,8960,8960,1,2,32,64,1,405.574549,253.240508,253.948853,257.301318,277.961617,5175.701190,5665.102461,5591.289945,5680.948452,253.240508,253.948853,257.301318,277.961617,5175.701190,5665.102461,5591.289945,5680.948452,0.000000,0,1280,0,0,0.000000,0.000000,0.000000,0.000000,0.000000,0.000000
baseline,none,any,1,0,9216,9216,9216,1,2,1,2,1,12369.224381,163.317930,164.630863,164.760856,169.217900,9251.477411,9509.247239,9501.744620,9585.693251,163.317930,164.630863,164.760856,169.217900,9251.477411,9509.247239,9501.744620,9585.693251,0.000000,0,40,0,0,0.000000,0.000000,0.000000,0.000000,0.000000,0.000000
baseline,none,any,1,0,9216,9216,9216,1,2,2,4,1,6219.519077,162.907369,164.213571,164.528845,167.762110,9331.758997,9533.411702,9515.143568,9609.851224,162.907369,164.213571,164.528845,167.762110,9331.758997,9533.411702,9515.143568,9609.851224,0.000000,0,80,0,0,0.000000,0.000000,0.000000,0.000000,0.000000,0.000000
baseline,none,any,1,0,9216,9216,9216,1,2,4,8,1,3174.093951,161.092528,161.681420,162.210671,165.573617,9455.102859,9682.717899,9651.125729,9718.114172,161.092528,161.681420,162.210671,165.573617,9455.102859,9682.717899,9651.125729,9718.114172,0.000000,0,160,0,0,0.000000,0.000000,0.000000,0.000000,0.000000,0.000000
baseline,none,any,1,0,9216,9216,9216,1,2,8,16,1,1621.183828,177.279323,178.186787,178.359185,179.290385,8731.731930,8785.811820,8777.319636,8830.784961,177.279323,178.186787,178.359185,179.290385,8731.731930,8785.811820,8777.319636,8830.784961,0.000000,0,320,0,0,0.000000,0.000000,0.000000,0.000000,0.000000,0.000000
baseline,none,any,1,0,9216,9216,9216,1,2,16,32,1,832.983665,211.467389,212.301664,212.229748,212.949045,7351.597089,7374.014645,7376.513404,7403.106393,211.467389,212.301664,212.229748,212.949045,7351.597089,7374.014645,7376.513404,7403.106393,0.000000,0,640,0,0,0.000000,0.000000,0.000000,0.000000,0.000000,0.000000
baseline,none,any,1,0,9216,9216,9216,1,2,32,64,1,442.233194,265.690721,268.232288,269.465381,287.150609,5451.897124,5836.417350,5809.709475,5892.247849,265.690721,268.232288,269.465381,287.150609,5451.897124,5836.417350,5809.709475,5892.247849,0.000000,0,1280,0,0,0.000000,0.000000,0.000000,0.000000,0.000000,0.000000
baseline,none,any,1,0,9472,9472,9472,1,2,1,2,1,13345.750641,177.455625,177.947653,177.936311,179.257705,9481.503984,9551.306890,9551.915711,9577.789625,177.455625,177.947653,177.936311,179.257705,9481.503984,9551.306890,9551.915711,9577.789625,0.000000,0,40,0,0,0.000000,0.000000,0.000000,0.000000,0.000000,0.000000
baseline,none,any,1,0,9472,9472,9472,1,2,2,4,1,6749.783695,180.518655,181.251596,181.344563,182.577387,9309.108165,9377.200983,9372.393744,9415.274250,180.518655,181.251596,181.344563,182.577387,9309.108165,9377.200983,9372.393744,9415.274250,0.000000,0,80,0,0,0.000000,0.000000,0.000000,0.000000,0.000000,0.000000
baseline,none,any,1,0,9472,9472,9472,1,2,4,8,1,3434.127161,189.472063,190.516404,190.606445,192.672769,8821.343322,8921.187931,8916.973629,8970.360153,189.472063,190.516404,190.606445,192.672769,8821.343322,8921.187931,8916.973629,8970.360153,0.000000,0,160,0,0,0.000000,0.000000,0.000000,0.000000,0.000000,0.000000
baseline,none,any,1,0,9472,9472,9472,1,2,8,16,1,1760.027840,187.936844,189.192897,189.000465,189.993193,8945.755462,8983.596483,8992.743178,9043.637256,187.936844,189.192897,189.000465,189.993193,8945.755462,8983.596483,8992.743178,9043.637256,0.000000,0,320,0,0,0.000000,0.000000,0.000000,0.000000,0.000000,0.000000
baseline,none,any,1,0,9472,9472,9472,1,2,16,32,1,904.644681,222.319014,224.131892,224.012722,224.831636,7559.579578,7583.180729,7587.214826,7645.017012,222.319014,224.131892,224.012722,224.831636,7559.579578,7583.180729,7587.214826,7645.017012,0.000000,0,640,0,0,0.000000,0.000000,0.000000,0.000000,0.000000,0.000000
baseline,none,any,1,0,9472,9472,9472,1,2,32,64,1,487.068458,310.770673,314.380175,323.096186,362.818343,4684.527883,5406.297150,5260.454056,5469.089563,310.770673,314.380175,323.096186,362.818343,4684.527883,5406.297150,5260.454056,5469.089563,0.000000,0,1280,0,0,0.000000,0.000000,0.000000,0.000000,0.000000,0.000000
baseline,none,any,1,0,9728,9728,9728,1,2,1,2,1,14490.428604,191.805411,193.199072,193.322640,197.288090,9332.538993,9530.060231,9523.968825,9599.305792,191.805411,193.199072,193.322640,197.288090,9332.538993,9530.060231,9523.968825,9599.305792,0.000000,0,40,0,0,0.000000,0.000000,0.000000,0.000000,0.000000,0.000000
baseline,none,any,1,0,9728,9728,9728,1,2,2,4,1,7332.788285,189.736190,192.219072,192.130461,194.949748,9444.478957,9578.647808,9583.065527,9703.993701,189.736190,192.219072,192.130461,194.949748,9444.478957,9578.647808,9583.065527,9703.993701,0.000000,0,80,0,0,0.000000,0.000000,0.000000,0.000000,0.000000,0.000000
baseline,none,any,1,0,9728,9728,9728,1,2,4,8,1,3741.096500,200.919982,201.711555,202.079748,206.536454,8914.643188,9127.879623,9111.248444,9163.841119,200.919982,201.711555,202.079748,206.536454,8914.643188,9127.879623,9111.248444,9163.841119,0.000000,0,160,0,0,0.000000,0.000000,0.000000,0.000000,0.000000,0.000000
baseline,none,any,1,0,9728,9728,9728,1,2,8,16,1,1924.618544,198.686458,199.273708,199.382605,202.100416,9110.316689,9239.547009,9234.500638,9266.855986,198.686458,199.273708,199.382605,202.100416,9110.316689,9239.547009,9234.500638,9266.855986,0.000000,0,320,0,0,0.000000,0.000000,0.000000,0.000000,0.000000,0.000000
baseline,none,any,1,0,9728,9728,9728,1,2,16,32,1,991.735678,233.708852,234.707705,234.863523,238.082802,7733.438859,7844.645717,7839.441253,7878.173107,233.708852,234.707705,234.863523,238.082802,7733.438859,7844.645717,7839.441253,7878.173107,0.000000,0,640,0,0,0.000000,0.000000,0.000000,0.000000,0.000000,0.000000
baseline,none,any,1,0,9728,9728,9728,1,2,32,64,1,533.046652,332.447602,336.302860,345.804096,390.956336,4709.474238,5474.823475,5324.398451,5538.312750,332.447602,336.302860,345.804096,390.956336,4709.474238,5474.823475,5324.398451,5538.312750,0.000000,0,1280,0,0,0.000000,0.000000,0.000000,0.000000,0.000000,0.000000
baseline,none,any,1,0,9984,9984,9984,1,2,1,2,1,15692.526460,206.368176,207.721671,207.614254,209.340629,9508.022219,9582.126613,9587.084289,9644.972352,206.368176,207.721671,207.614254,209.340629,9508.022219,9582.126613,9587.084289,9644.972352,0.000000,0,40,0,0,0.000000,0.000000,0.000000,0.000000,0.000000,0.000000
baseline,none,any,1,0,9984,9984,9984,1,2,2,4,1,7934.258750,210.629275,213.527849,213.158008,215.858239,9220.937598,9321.572625,9337.746091,9449.851412,210.629275,213.527849,213.158008,215.858239,9220.937598,9321.572625,9337.746091,9449.851412,0.000000,0,80,0,0,0.000000,0.000000,0.000000,0.000000,0.000000,0.000000
baseline,none,any,1,0,9984,9984,9984,1,2,4,8,1,4021.668355,211.228386,212.557298,212.732780,216.303189,9201.969518,9364.135556,9356.411138,9423.048623,211.228386,212.557298,212.732780,216.303189,9201.969518,9364.135556,9356.411138,9423.048623,0.000000,0,160,0,0,0.000000,0.000000,0.000000,0.000000,0.000000,0.000000
baseline,none,any,1,0,9984,9984,9984,1,2,8,16,1,2058.716872,212.884195,216.117525,216.069658,219.289529,9076.654781,9209.874821,9211.915114,9349.756340,212.884195,216.117525,216.069658,219.289529,9076.654781,9209.874821,9211.915114,9349.756340,0.000000,0,320,0,0,0.000000,0.000000,0.000000,0.000000,0.000000,0.000000
baseline,none,any,1,0,9984,9984,9984,1,2,16,32,1,1068.134723,245.174286,245.992164,246.078587,247.426417,8044.473892,8091.377056,8088.535368,8118.369117,245.174286,245.992164,246.078587,247.426417,8044.473892,8091.377056,8088.535368,8118.369117,0.000000,0,640,0,0,0.000000,0.000000,0.000000,0.000000,0.000000,0.000000
baseline,none,any,1,0,9984,9984,9984,1,2,32,64,1,565.402762,351.587775,352.876021,368.987441,407.852166,4880.237296,5640.551450,5394.263138,5661.218886,351.587775,352.876021,368.987441,407.852166,4880.237296,5640.551450,5394.263138,5661.218886,0.000000,0,1280,0,0,0.000000,0.000000,0.000000,0.000000,0.000000,0.000000
baseline,none,any,1,0,10240,10240,10240,1,2,1,2,1,16832.009344,225.040378,225.797936,225.782796,227.320593,9446.938439,9510.643392,9511.281138,9542.659264,225.040378,225.797936,225.782796,227.320593,9446.938439,9510.643392,9511.281138,9542.659264,0.000000,0,40,0,0,0.000000,0.000000,0.000000,0.000000,0.000000,0.000000
baseline,none,any,1,0,10240,10240,10240,1,2,2,4,1,8543.871611,223.325207,227.221156,226.942564,230.832548,9303.209910,9451.072628,9462.674659,9615.948315,223.325207,227.221156,226.942564,230.832548,9303.209910,9451.072628,9462.674659,9615.948315,0.000000,0,80,0,0,0.000000,0.000000,0.000000,0.000000,0.000000,0.000000
baseline,none,any,1,0,10240,10240,10240,1,2,4,8,1,4342.912369,223.008511,224.962876,224.998580,228.267420,9407.753625,9545.946808,9544.431992,9629.603993,223.008511,224.962876,224.998580,228.267420,9407.753625,9545.946808,9544.431992,9629.603993,0.000000,0,160,0,0,0.000000,0.000000,0.000000,0.000000,0.000000,0.000000
baseline,none,any,1,0,10240,10240,10240,1,2,8,16,1,2226.202294,220.277160,223.357996,222.840562,224.152229,9580.469744,9614.536692,9636.861584,9749.007332,220.277160,223.357996,222.840562,224.152229,9580.469744,9614.536692,9636.861584,9749.007332,0.000000,0,320,0,0,0.000000,0.000000,0.000000,0.000000,0.000000,0.000000
baseline,none,any,1,0,10240,10240,10240,1,2,16,32,1,1142.878763,254.381167,255.322985,255.716848,262.484959,8181.358872,8410.851252,8397.896603,8441.991494,254.381167,255.322985,255.716848,262.484959,8181.358872,8410.851252,8397.896603,8441.991494,0.000000,0,640,0,0,0.000000,0.000000,0.000000,0.000000,0.000000,0.000000
baseline,none,any,1,0,10240,10240,10240,1,2,32,64,1,605.570360,361.495533,366.186862,378.236333,420.420523,5107.942002,5864.447556,5677.623910,5940.553761,361.495533,366.186862,378.236333,420.420523,5107.942002,5864.447556,5677.623910,5940.553761,0.000000,0,1280,0,0,0.000000,0.000000,0.000000,0.000000,0.000000,0.000000
baseline,none,any,1,0,256,1024,256,1,2,1,2,1,4.972669,0.043398,0.043806,0.043968,0.047547,2822.843250,3063.911976,3052.605642,3092.716899,0.043398,0.043806,0.043968,0.047547,2822.843250,3063.911976,3052.605642,3092.716899,0.000000,0,40,0,0,0.000000,0.000000,0.000000,0.000000,0.000000,0.000000
baseline,none,any,1,0,256,1024,256,1,2,2,4,1,2.537751,0.073411,0.075290,0.075206,0.079560,1687.000101,1782.676690,1784.676125,1828.305404,0.073411,0.075290,0.075206,0.079560,1687.000101,1782.676690,1784.676125,1828.305404,0.000000,0,80,0,0,0.000000,0.000000,0.000000,0.000000,0.000000,0.000000
baseline,none,any,1,0,256,1024,256,1,2,4,8,1,1.365736,0.129293,0.129926,0.130323,0.133164,1007.913010,1033.032095,1029.887169,1038.089672,0.129293,0.129926,0.130323,0.133164,1007.913010,1033.032095,1029.887169,1038.089672,0.000000,0,160,0,0,0.000000,0.000000,0.000000,0.000000,0.000000,0.000000
baseline,none,any,1,0,256,1024,256,1,2,8,16,1,0.756623,0.234118,0.234885,0.235409,0.238375,563.052870,571.418899,570.146970,573.290939,0.234118,0.234885,0.235409,0.238375,563.052870,571.418899,570.146970,573.290939,0.000000,0,320,0,0,0.000000,0.000000,0.000000,0.000000,0.000000,0.000000
baseline,none,any,1,0,256,1024,256,1,2,16,32,1,0.438632,0.453271,0.454617,0.455118,0.457049,293.661572,295.232532,294.907601,296.109233,0.453271,0.454617,0.455118,0.457049,293.661572,295.232532,294.907601,296.109233,0.000000,0,640,0,0,0.000000,0.000000,0.000000,0.000000,0.000000,0.000000
baseline,none,any,1,0,256,1024,256,1,2,32,64,1,0.237305,0.893326,0.896643,0.896944,0.902181,148.770289,149.689149,149.638883,150.244959,0.893326,0.896643,0.896944,0.902181,148.770289,149.689149,149.638883,150.244959,0.000000,0,1280,0,0,0.000000,0.000000,0.000000,0.000000,0.000000,0.000000
baseline,none,any,1,0,512,1024,512,1,2,1,2,1,9.558738,0.092728,0.093504,0.093935,0.097740,5492.847473,5741.689254,5715.341739,5789.738935,0.092728,0.093504,0.093935,0.097740,5492.847473,5741.689254,5715.341739,5789.738935,0.000000,0,40,0,0,0.000000,0.000000,0.000000,0.000000,0.000000,0.000000
baseline,none,any,1,0,512,1024,512,1,2,2,4,1,5.033138,0.096204,0.098986,0.098990,0.104482,5138.405773,5423.705494,5423.489071,5580.546672,0.096204,0.098986,0.098990,0.104482,5138.405773,5423.705494,5423.489071,5580.546672,0.000000,0,80,0,0,0.000000,0.000000,0.000000,0.000000,0.000000,0.000000
baseline,none,any,1,0,512,1024,512,1,2,4,8,1,2.615848,0.152864,0.154021,0.154265,0.157517,3408.336319,3485.699431,3480.182737,3512.082060,0.152864,0.154021,0.154265,0.157517,3408.336319,3485.699431,3480.182737,3512.082060,0.000000,0,160,0,0,0.000000,0.000000,0.000000,0.000000,0.000000,0.000000
baseline,none,any,1,0,512,1024,512,1,2,8,16,1,1.384625,0.283445,0.285139,0.286456,0.299365,1793.365664,1882.839289,1874.185430,1894.092018,0.283445,0.285139,0.286456,0.299365,1793.365664,1882.839289,1874.185430,1894.092018,0.000000,0,320,0,0,0.000000,0.000000,0.000000,0.000000,0.000000,0.000000
baseline,none,any,1,0,512,1024,512,1,2,16,32,1,0.765824,0.531318,0.533498,0.533642,0.536357,1000.958153,1006.322258,1006.050802,1010.451202,0.531318,0.533498,0.533642,0.536357,1000.958153,1006.322258,1006.050802,1010.451202,0.000000,0,640,0,0,0.000000,0.000000,0.000000,0.000000,0.000000,0.000000
baseline,none,any,1,0,512,1024,512,1,2,32,64,1,0.443966,1.035001,1.039113,1.038903,1.042130,515.166929,516.662684,516.766996,518.715356,1.035001,1.039113,1.038903,1.042130,515.166929,516.662684,516.766996,518.715356,0.000000,0,1280,0,0,0.000000,0.000000,0.000000,0.000000,0.000000,0.000000
baseline,none,any,1,0,768,1024,768,1,2,1,2,1,13.950583,0.158389,0.161678,0.162474,0.172673,6995.648144,7471.390987,7434.805113,7626.536893,0.158389,0.161678,0.162474,0.172673,6995.648144,7471.390987,7434.805113,7626.536893,0.000000,0,40,0,0,0.000000,0.000000,0.000000,0.000000,0.000000,0.000000
baseline,none,any,1,0,768,1024,768,1,2,2,4,1,7.203642,0.179643,0.182458,0.182897,0.186996,6459.814927,6620.480067,6604.572956,6724.222775,0.179643,0.182458,0.182897,0.186996,6459.814927,6620.480067,6604.572956,6724.222775,0.000000,0,80,0,0,0.000000,0.000000,0.000000,0.000000,0.000000,0.000000
baseline,none,any,1,0,768,1024,768,1,2,4,8,1,3.733238,0.189869,0.193060,0.193174,0.197699,6110.094396,6256.912628,6253.210453,6362.068331,0.189869,0.193060,0.193174,0.197699,6110.094396,6256.912628,6253.210453,6362.068331,0.000000,0,160,0,0,0.000000,0.000000,0.000000,0.000000,0.000000,0.000000
baseline,none,any,1,0,768,1024,768,1,2,8,16,1,2.028627,0.321483,0.323793,0.324817,0.338167,3572.079925,3730.653695,3718.897224,3757.460121,0.321483,0.323793,0.324817,0.338167,3572.079925,3730.653695,3718.897224,3757.460121,0.000000,0,320,0,0,0.000000,0.000000,0.000000,0.000000,0.000000,0.000000
baseline,none,any,1,0,768,1024,768,1,2,16,32,1,1.081969,0.628754,0.640037,0.638812,0.645312,1871.900030,1887.327689,1890.945538,1921.195813,0.628754,0.640037,0.638812,0.645312,1871.900030,1887.327689,1890.945538,1921.195813,0.000000,0,640,0,0,0.000000,0.000000,0.000000,0.000000,0.000000,0.000000
baseline,none,any,1,0,768,1024,768,1,2,32,64,1,0.577150,1.252733,1.257337,1.257170,1.260985,957.949184,960.728549,960.856438,964.259385,1.252733,1.257337,1.257170,1.260985,957.949184,960.728549,960.856438,964.259385,0.000000,0,1280,0,0,0.000000,0.000000,0.000000,0.000000,0.000000,0.000000
baseline,none,any,1,0,1024,1024,1024,1,2,1,2,1,18.447144,0.272180,0.277101,0.281039,0.312289,6876.590748,7749.822801,7641.240911,7889.939187,0.272180,0.277101,0.281039,0.312289,6876.590748,7749.822801,7641.240911,7889.939187,0.000000,0,40,0,0,0.000000,0.000000,0.000000,0.000000,0.000000,0.000000
baseline,none,any,1,0,1024,1024,1024,1,2,2,4,1,9.558738,0.313970,0.318386,0.321419,0.390622,5497.600360,6744.906020,6681.260231,6839.773380,0.313970,0.318386,0.321419,0.390622,5497.600360,6744.906020,6681.260231,6839.773380,0.000000,0,80,0,0,0.000000,0.000000,0.000000,0.000000,0.000000,0.000000
baseline,none,any,1,0,1024,1024,1024,1,2,4,8,1,5.052209,0.345075,0.348151,0.348402,0.355181,6046.167019,6168.253568,6163.813298,6223.237406,0.345075,0.348151,0.348402,0.355181,6046.167019,6168.253568,6163.813298,6223.237406,0.000000,0,160,0,0,0.000000,0.000000,0.000000,0.000000,0.000000,0.000000
baseline,none,any,1,0,1024,1024,1024,1,2,8,16,1,2.711430,0.368788,0.373091,0.372895,0.383084,5605.777448,5755.924555,5758.950739,5823.084395,0.368788,0.373091,0.372895,0.383084,5605.777448,5755.924555,5758.950739,5823.084395,0.000000,0,320,0,0,0.000000,0.000000,0.000000,0.000000,0.000000,0.000000
baseline,none,any,1,0,1024,1024,1024,1,2,16,32,1,1.481360,0.631106,0.643300,0.644744,0.668910,3210.422401,3338.230449,3330.756311,3402.730521,0.631106,0.643300,0.644744,0.668910,3210.422401,3338.230449,3330.756311,3402.730521,0.000000,0,640,0,0,0.000000,0.000000,0.000000,0.000000,0.000000,0.000000
baseline,none,any,1,0,1024,1024,1024,1,2,32,64,1,0.845110,1.364507,1.373561,1.374059,1.382155,1553.721289,1563.442503,1562.876263,1573.816512,1.364507,1.373561,1.374059,1.382155,1553.721289,1563.442503,1562.876263,1573.816512,0.000000,0,1280,0,0,0.000000,0.000000,0.000000,0.000000,0.000000,0.000000
baseline,none,any,1,0,1280,1024,1280,1,2,1,2,1,23.410976,0.560552,0.568504,0.568952,0.578776,5797.481582,5902.233230,5897.587291,5985.962408,0.560552,0.568504,0.568952,0.578776,5797.481582,5902.233230,5897.587291,5985.962408,0.000000,0,40,0,0,0.000000,0.000000,0.000000,0.000000,0.000000,0.000000
baseline,none,any,1,0,1280,1024,1280,1,2,2,4,1,11.850242,0.497001,0.525229,0.520639,0.534394,6278.968701,6388.533763,6444.860600,6751.381184,0.497001,0.525229,0.520639,0.534394,6278.968701,6388.533763,6444.860600,6751.381184,0.000000,0,80,0,0,0.000000,0.000000,0.000000,0.000000,0.000000,0.000000
baseline,none,any,1,0,1280,1024,1280,1,2,4,8,1,6.390696,0.503128,0.507140,0.507188,0.511710,6557.314104,6616.404149,6615.773410,6669.164109,0.503128,0.507140,0.507188,0.511710,6557.314104,6616.404149,6615.773410,6669.164109,0.000000,0,160,0,0,0.000000,0.000000,0.000000,0.000000,0.000000,0.000000
baseline,none,any,1,0,1280,1024,1280,1,2,8,16,1,3.325366,0.666655,0.673205,0.672417,0.679432,4938.600478,4984.281460,4990.125467,5033.252882,0.666655,0.673205,0.672417,0.679432,4938.600478,4984.281460,4990.125467,5033.252882,0.000000,0,320,0,0,0.000000,0.000000,0.000000,0.000000,0.000000,0.000000
baseline,none,any,1,0,1280,1024,1280,1,2,16,32,1,1.723560,1.158520,1.163138,1.163128,1.172247,2862.402889,2884.819514,2884.843696,2896.318752,1.158520,1.163138,1.163128,1.172247,2862.402889,2884.819514,2884.843696,2896.318752,0.000000,0,640,0,0,0.000000,0.000000,0.000000,0.000000,0.000000,0.000000
baseline,none,any,1,0,1280,1024,1280,1,2,32,64,1,1.057259,1.386501,1.403681,1.403226,1.422727,2358.458931,2390.459941,2391.234884,2420.079899,1.386501,1.403681,1.403226,1.422727,2358.458931,2390.459941,2391.234884,2420.079899,0.000000,0,1280,0,0,0.000000,0.000000,0.000000,0.000000,0.000000,0.000000
baseline,none,any,1,0,1536,1024,1536,1,2,1,2,1,27.437354,0.584882,0.668293,0.656234,0.676291,7144.614091,7230.119436,7362.978351,8261.218858,0.584882,0.668293,0.656234,0.676291,7144.614091,7230.119436,7362.978351,8261.218858,0.000000,0,40,0,0,0.000000,0.000000,0.000000,0.000000,0.000000,0.000000
baseline,none,any,1,0,1536,1024,1536,1,2,2,4,1,13.950583,0.570901,0.599576,0.606656,0.844853,5719.146654,8058.758536,7964.706544,8463.530819,0.570901,0.599576,0.606656,0.844853,5719.146654,8058.758536,7964.706544,8463.530819,0.000000,0,80,0,0,0.000000,0.000000,0.000000,0.000000,0.000000,0.000000
baseline,none,any,1,0,1536,1024,1536,1,2,4,8,1,7.133785,0.669790,0.676145,0.676773,0.683018,7074.247250,7146.156827,7139.526728,7213.959910,0.669790,0.676145,0.676773,0.683018,7074.247250,7146.156827,7139.526728,7213.959910,0.000000,0,160,0,0,0.000000,0.000000,0.000000,0.000000,0.000000,0.000000
baseline,none,any,1,0,1536,1024,1536,1,2,8,16,1,3.846867,0.702953,0.708474,0.708278,0.714198,6765.404283,6820.064262,6821.947227,6873.629116,0.702953,0.708474,0.708278,0.714198,6765.404283,6820.064262,6821.947227,6873.629116,0.000000,0,320,0,0,0.000000,0.000000,0.000000,0.000000,0.000000,0.000000
baseline,none,any,1,0,1536,1024,1536,1,2,16,32,1,2.028627,1.216377,1.220552,1.220456,1.229406,3930.221756,3958.731957,3959.042375,3972.319608,1.216377,1.220552,1.220456,1.229406,3930.221756,3958.731957,3959.042375,3972.319608,0.000000,0,640,0,0,0.000000,0.000000,0.000000,0.000000,0.000000,0.000000
baseline,none,any,1,0,1536,1024,1536,1,2,32,64,1,1.081969,1.456182,1.470035,1.471831,1.511802,3196.078725,3286.886508,3282.876693,3318.155428,1.456182,1.470035,1.471831,1.511802,3196.078725,3286.886508,3282.876693,3318.155428,0.000000,0,1280,0,0,0.000000,0.000000,0.000000,0.000000,0.000000,0.000000
baseline,none,any,1,0,1792,1024,1792,1,2,1,2,1,31.643277,0.891036,0.901244,0.900193,0.910503,7223.115873,7297.323113,7305.844561,7380.923635,0.891036,0.901244,0.900193,0.910503,7223.115873,7297.323113,7305.844561,7380.923635,0.000000,0,40,0,0,0.000000,0.000000,0.000000,0.000000,0.000000,0.000000
baseline,none,any,1,0,1792,1024,1792,1,2,2,4,1,16.227689,1.122844,1.134209,1.133260,1.141991,5758.949652,5798.462781,5803.316150,5857.152616,1.122844,1.134209,1.133260,1.141991,5758.949652,5798.462781,5803.316150,5857.152616,0.000000,0,80,0,0,0.000000,0.000000,0.000000,0.000000,0.000000,0.000000
baseline,none,any,1,0,1792,1024,1792,1,2,4,8,1,8.295546,0.928207,0.931991,0.931685,0.936099,7025.612325,7056.579594,7058.895343,7085.346988,0.928207,0.931991,0.931685,0.936099,7025.612325,7056.579594,7058.895343,7085.346988,0.000000,0,160,0,0,0.000000,0.000000,0.000000,0.000000,0.000000,0.000000
baseline,none,any,1,0,1792,1024,1792,1,2,8,16,1,4.405505,1.181692,1.185911,1.185841,1.203578,5464.264611,5545.667990,5545.993012,5565.467712,1.181692,1.185911,1.185841,1.203578,5464.264611,5545.667990,5545.993012,5565.467712,0.000000,0,320,0,0,0.000000,0.000000,0.000000,0.000000,0.000000,0.000000
baseline,none,any,1,0,1792,1024,1792,1,2,16,32,1,2.375549,1.269449,1.284370,1.282103,1.303955,5043.631622,5120.540555,5129.593236,5180.726971,1.269449,1.284370,1.282103,1.303955,5043.631622,5120.540555,5129.593236,5180.726971,0.000000,0,640,0,0,0.000000,0.000000,0.000000,0.000000,0.000000,0.000000
baseline,none,any,1,0,1792,1024,1792,1,2,32,64,1,1.390624,1.586323,1.597861,1.597432,1.608904,4087.670036,4115.920391,4117.024973,4145.857226,1.586323,1.597861,1.597432,1.608904,4087.670036,4115.920391,4117.024973,4145.857226,0.000000,0,1280,0,0,0.000000,0.000000,0.000000,0.000000,0.000000,0.000000
baseline,none,any,1,0,2048,1024,2048,1,2,1,2,1,36.407428,1.007107,1.009812,1.009727,1.022514,8400.799003,8506.469117,8507.186044,8529.316738,1.007107,1.009812,1.009727,1.022514,8400.799003,8506.469117,8507.186044,8529.316738,0.000000,0,40,0,0,0.000000,0.000000,0.000000,0.000000,0.000000,0.000000
baseline,none,any,1,0,2048,1024,2048,1,2,2,4,1,18.411355,1.135276,1.144899,1.143960,1.224006,7017.886017,7502.788099,7508.945322,7566.384379,1.135276,1.144899,1.143960,1.224006,7017.886017,7502.788099,7508.945322,7566.384379,0.000000,0,80,0,0,0.000000,0.000000,0.000000,0.000000,0.000000,0.000000
baseline,none,any,1,0,2048,1024,2048,1,2,4,8,1,9.412116,1.347923,1.354858,1.359838,1.388092,6188.303507,6340.099547,6316.879667,6372.719059,1.347923,1.354858,1.359838,1.388092,6188.303507,6340.099547,6316.879667,6372.719059,0.000000,0,160,0,0,0.000000,0.000000,0.000000,0.000000,0.000000,0.000000
baseline,none,any,1,0,2048,1024,2048,1,2,8,16,1,4.997643,1.240632,1.248974,1.248750,1.262793,6802.329908,6877.592802,6878.824848,6923.837683,1.240632,1.248974,1.248750,1.262793,6802.329908,6877.592802,6878.824848,6923.837683,0.000000,0,320,0,0,0.000000,0.000000,0.000000,0.000000,0.000000,0.000000
baseline,none,any,1,0,2048,1024,2048,1,2,16,32,1,2.580045,1.352492,1.362614,1.362197,1.370474,6267.856663,6304.011695,6305.943351,6351.190685,1.352492,1.362614,1.362197,1.370474,6267.856663,6304.011695,6305.943351,6351.190685,0.000000,0,640,0,0,0.000000,0.000000,0.000000,0.000000,0.000000,0.000000
baseline,none,any,1,0,2048,1024,2048,1,2,32,64,1,1.386665,1.697606,1.707218,1.706774,1.719746,4994.885635,5031.539377,5032.847986,5060.028412,1.697606,1.707218,1.706774,1.719746,4994.885635,5031.539377,5032.847986,5060.028412,0.000000,0,1280,0,0,0.000000,0.000000,0.000000,0.000000,0.000000,0.000000
baseline,none,any,1,0,2304,1024,2304,1,2,1,2,1,40.688822,1.244026,1.318403,1.303175,1.335812,8138.597324,8246.064343,8342.424057,8739.074560,1.244026,1.318403,1.303175,1.335812,8138.597324,8246.064343,8342.424057,8739.074560,0.000000,0,40,0,0,0.000000,0.000000,0.000000,0.000000,0.000000,0.000000
baseline,none,any,1,0,2304,1024,2304,1,2,2,4,1,20.809433,1.347782,1.354810,1.354937,1.373009,7918.109763,8024.472781,8023.721525,8066.316339,1.347782,1.354810,1.354937,1.373009,7918.109763,8024.472781,8023.721525,8066.316339,0.000000,0,80,0,0,0.000000,0.000000,0.000000,0.000000,0.000000,0.000000
baseline,none,any,1,0,2304,1024,2304,1,2,4,8,1,10.836625,2.220677,2.240877,2.237228,2.253139,4825.106648,4851.509462,4859.421581,4895.640369,2.220677,2.240877,2.237228,2.253139,4825.106648,4851.509462,4859.421581,4895.640369,0.000000,0,160,0,0,0.000000,0.000000,0.000000,0.000000,0.000000,0.000000
baseline,none,any,1,0,2304,1024,2304,1,2,8,16,1,5.682930,1.657745,1.662923,1.662230,1.669341,6512.531573,6537.666487,6540.390727,6558.087021,1.657745,1.662923,1.662230,1.669341,6512.531573,6537.666487,6540.390727,6558.087021,0.000000,0,320,0,0,0.000000,0.000000,0.000000,0.000000,0.000000,0.000000
baseline,none,any,1,0,2304,1024,2304,1,2,16,32,1,2.896329,2.015906,2.024738,2.032506,2.185366,4974.743804,5369.403828,5348.881674,5392.928027,2.015906,2.024738,2.032506,2.185366,4974.743804,5369.403828,5348.881674,5392.928027,0.000000,0,640,0,0,0.000000,0.000000,0.000000,0.000000,0.000000,0.000000
baseline,none,any,1,0,2304,1024,2304,1,2,32,64,1,1.583359,2.758777,2.766907,2.767161,2.776665,3915.357441,3929.165660,3928.804714,3940.744746,2.758777,2.766907,2.767161,2.776665,3915.357441,3929.165660,3928.804714,3940.744746,0.000000,0,1280,0,0,0.000000,0.000000,0.000000,0.000000,0.000000,0.000000
baseline,none,any,1,0,2560,1024,2560,1,2,1,2,1,45.171692,1.567749,1.576332,1.576145,1.590167,8440.480025,8514.559623,8515.570904,8561.174525,1.567749,1.576332,1.576145,1.590167,8440.480025,8514.559623,8515.570904,8561.174525,0.000000,0,40,0,0,0.000000,0.000000,0.000000,0.000000,0.000000,0.000000
baseline,none,any,1,0,2560,1024,2560,1,2,2,4,1,23.410976,1.779477,1.792592,1.792812,1.808963,7419.594983,7487.355070,7486.437950,7542.537948,1.779477,1.792592,1.792812,1.808963,7419.594983,7487.355070,7486.437950,7542.537948,0.000000,0,80,0,0,0.000000,0.000000,0.000000,0.000000,0.000000,0.000000
baseline,none,any,1,0,2560,1024,2560,1,2,4,8,1,11.819902,2.225685,2.244076,2.244397,2.323572,5776.353304,5980.979610,5980.125260,6030.400888,2.225685,2.244076,2.244397,2.323572,5776.353304,5980.979610,5980.125260,6030.400888,0.000000,0,160,0,0,0.000000,0.000000,0.000000,0.000000,0.000000,0.000000
baseline,none,any,1,0,2560,1024,2560,1,2,8,16,1,6.390696,1.864008,1.869719,1.869881,1.878909,7143.386295,7178.497304,7177.876727,7200.490985,1.864008,1.869719,1.869881,1.878909,7143.386295,7178.497304,7177.876727,7200.490985,0.000000,0,320,0,0,0.000000,0.000000,0.000000,0.000000,0.000000,0.000000
baseline,none,any,1,0,2560,1024,2560,1,2,16,32,1,3.325366,2.426447,2.430772,2.431221,2.435762,5510.297311,5521.609102,5520.589934,5531.451048,2.426447,2.430772,2.431221,2.435762,5510.297311,5521.609102,5520.589934,5531.451048,0.000000,0,640,0,0,0.000000,0.000000,0.000000,0.000000,0.000000,0.000000
baseline,none,any,1,0,2560,1024,2560,1,2,32,64,1,1.723560,3.575462,3.582994,3.582438,3.593145,3735.383014,3745.965748,3746.547128,3753.856928,3.575462,3.582994,3.582438,3.593145,3735.383014,3745.965748,3746.547128,3753.856928,0.000000,0,1280,0,0,0.000000,0.000000,0.000000,0.000000,0.000000,0.000000
baseline,none,any,1,0,2816,1024,2816,1,2,1,2,1,48.970569,1.706139,1.714948,1.715162,1.725838,9410.121395,9469.876106,9468.695934,9518.770210,1.706139,1.714948,1.715162,1.725838,9410.121395,9469.876106,9468.695934,9518.770210,0.000000,0,40,0,0,0.000000,0.000000,0.000000,0.000000,0.000000,0.000000
baseline,none,any,1,0,2816,1024,2816,1,2,2,4,1,25.567089,1.807424,1.810649,1.812933,1.827137,8888.411262,8969.350265,8958.048617,8985.354343,1.807424,1.810649,1.812933,1.827137,8888.411262,8969.350265,8958.048617,8985.354343,0.000000,0,80,0,0,0.000000,0.000000,0.000000,0.000000,0.000000,0.000000
baseline,none,any,1,0,2816,1024,2816,1,2,4,8,1,12.926921,2.247117,2.259512,2.271716,2.353273,6901.173424,7187.545403,7148.932828,7227.191592,2.247117,2.259512,2.271716,2.353273,6901.173424,7187.545403,7148.932828,7227.191592,0.000000,0,160,0,0,0.000000,0.000000,0.000000,0.000000,0.000000,0.000000
baseline,none,any,1,0,2816,1024,2816,1,2,8,16,1,6.598020,2.703771,2.729851,2.728505,2.779830,5842.208008,5949.169053,5952.104713,6006.553472,2.703771,2.729851,2.728505,2.779830,5842.208008,5949.169053,5952.104713,6006.553472,0.000000,0,320,0,0,0.000000,0.000000,0.000000,0.000000,0.000000,0.000000
baseline,none,any,1,0,2816,1024,2816,1,2,16,32,1,3.487178,2.450889,2.463167,2.462433,2.471653,6570.641222,6593.278120,6595.242770,6626.307878,2.450889,2.463167,2.462433,2.471653,6570.641222,6593.278120,6595.242770,6626.307878,0.000000,0,640,0,0,0.000000,0.000000,0.000000,0.000000,0.000000,0.000000
baseline,none,any,1,0,2816,1024,2816,1,2,32,64,1,1.867845,3.546908,3.554652,3.554855,3.564861,4555.674145,4568.758092,4568.496550,4578.733107,3.546908,3.554652,3.554855,3.564861,4555.674145,4568.758092,4568.496550,4578.733107,0.000000,0,1280,0,0,0.000000,0.000000,0.000000,0.000000,0.000000,0.000000
baseline,none,any,1,0,3072,1024,3072,1,2,1,2,1,53.311659,1.922437,1.931468,1.934679,1.954635,9887.960070,10006.561244,9989.951736,10053.568898,1.922437,1.931468,1.934679,1.954635,9887.960070,10006.561244,9989.951736,10053.568898,0.000000,0,40,0,0,0.000000,0.000000,0.000000,0.000000,0.000000,0.000000
baseline,none,any,1,0,3072,1024,3072,1,2,2,4,1,27.260782,1.919344,1.946467,1.948385,1.969420,9813.728322,9929.453123,9919.677247,10069.770105,1.919344,1.946467,1.948385,1.969420,9813.728322,9929.453123,9919.677247,10069.770105,0.000000,0,80,0,0,0.000000,0.000000,0.000000,0.000000,0.000000,0.000000
baseline,none,any,1,0,3072,1024,3072,1,2,4,8,1,14.107417,2.236604,2.328799,2.367786,2.507020,7709.293437,8299.279084,8162.626879,8641.383469,2.236604,2.328799,2.367786,2.507020,7709.293437,8299.279084,8162.626879,8641.383469,0.000000,0,160,0,0,0.000000,0.000000,0.000000,0.000000,0.000000,0.000000
baseline,none,any,1,0,3072,1024,3072,1,2,8,16,1,7.187949,2.578930,2.618824,2.617519,2.664418,7253.874141,7380.164850,7383.845037,7494.330142,2.578930,2.618824,2.617519,2.664418,7253.874141,7380.164850,7383.845037,7494.330142,0.000000,0,320,0,0,0.000000,0.000000,0.000000,0.000000,0.000000,0.000000
baseline,none,any,1,0,3072,1024,3072,1,2,16,32,1,3.846867,2.546796,2.554697,2.554712,2.567910,7526.491517,7565.418847,7565.374427,7588.889268,2.546796,2.554697,2.554712,2.567910,7526.491517,7565.418847,7565.374427,7588.889268,0.000000,0,640,0,0,0.000000,0.000000,0.000000,0.000000,0.000000,0.000000
baseline,none,any,1,0,3072,1024,3072,1,2,32,64,1,1.965883,3.661269,3.676458,3.675346,3.688249,5240.251629,5257.057970,5258.648027,5278.867199,3.661269,3.676458,3.675346,3.688249,5240.251629,5257.057970,5258.648027,5278.867199,0.000000,0,1280,0,0,0.000000,0.000000,0.000000,0.000000,0.000000,0.000000
baseline,none,any,1,0,3328,1024,3328,1,2,1,2,1,57.860503,2.183936,2.196475,2.197088,2.232669,10159.497907,10326.908356,10324.027090,10386.199977,2.183936,2.196475,2.197088,2.232669,10159.497907,10326.908356,10324.027090,10386.199977,0.000000,0,40,0,0,0.000000,0.000000,0.000000,0.000000,0.000000,0.000000
baseline,none,any,1,0,3328,1024,3328,1,2,2,4,1,29.763137,2.278088,2.285061,2.286779,2.302532,9851.240301,9926.560399,9919.101954,9956.944610,2.278088,2.285061,2.286779,2.302532,9851.240301,9926.560399,9919.101954,9956.944610,0.000000,0,80,0,0,0.000000,0.000000,0.000000,0.000000,0.000000,0.000000
baseline,none,any,1,0,3328,1024,3328,1,2,4,8,1,15.062966,3.031023,3.042004,3.043786,3.060757,7410.845105,7456.530640,7452.164319,7483.544675,3.031023,3.042004,3.043786,3.060757,7410.845105,7456.530640,7452.164319,7483.544675,0.000000,0,160,0,0,0.000000,0.000000,0.000000,0.000000,0.000000,0.000000
baseline,none,any,1,0,3328,1024,3328,1,2,8,16,1,7.725071,3.812835,3.825153,3.824664,3.840761,5905.807738,5929.905557,5930.663256,5949.063107,3.812835,3.825153,3.824664,3.840761,5905.807738,5929.905557,5930.663256,5949.063107,0.000000,0,320,0,0,0.000000,0.000000,0.000000,0.000000,0.000000,0.000000
baseline,none,any,1,0,3328,1024,3328,1,2,16,32,1,4.146741,3.293105,3.299420,3.299074,3.305297,6862.559108,6874.782850,6875.504280,6887.966230,3.293105,3.299420,3.299074,3.305297,6862.559108,6874.782850,6875.504280,6887.966230,0.000000,0,640,0,0,0.000000,0.000000,0.000000,0.000000,0.000000,0.000000
baseline,none,any,1,0,3328,1024,3328,1,2,32,64,1,2.205174,3.558136,3.567097,3.566973,3.573857,6346.867273,6358.895211,6359.116357,6374.909793,3.558136,3.567097,3.566973,3.573857,6346.867273,6358.895211,6359.116357,6374.909793,0.000000,0,1280,0,0,0.000000,0.000000,0.000000,0.000000,0.000000,0.000000
baseline,none,any,1,0,3584,1024,3584,1,2,1,2,1,62.243630,2.487913,2.496450,2.498198,2.559083,10279.727030,10537.633315,10530.261351,10573.792045,2.487913,2.496450,2.498198,2.559083,10279.727030,10537.633315,10530.261351,10573.792045,0.000000,0,40,0,0,0.000000,0.000000,0.000000,0.000000,0.000000,0.000000
baseline,none,any,1,0,3584,1024,3584,1,2,2,4,1,31.494415,2.655942,2.665735,2.665873,2.676230,9829.751063,9868.450798,9867.941434,9904.837789,2.655942,2.665735,2.665873,2.676230,9829.751063,9868.450798,9867.941434,9904.837789,0.000000,0,80,0,0,0.000000,0.000000,0.000000,0.000000,0.000000,0.000000
baseline,none,any,1,0,3584,1024,3584,1,2,4,8,1,16.305244,3.039348,3.052108,3.066339,3.208755,8198.405515,8619.182115,8579.180292,8655.367759,3.039348,3.052108,3.066339,3.208755,8198.405515,8619.182115,8579.180292,8655.367759,0.000000,0,160,0,0,0.000000,0.000000,0.000000,0.000000,0.000000,0.000000
baseline,none,any,1,0,3584,1024,3584,1,2,8,16,1,8.295546,3.830717,3.836699,3.837454,3.847762,6836.876784,6856.590702,6855.241969,6867.297868,3.830717,3.836699,3.837454,3.847762,6836.876784,6856.590702,6855.241969,6867.297868,0.000000,0,320,0,0,0.000000,0.000000,0.000000,0.000000,0.000000,0.000000
baseline,none,any,1,0,3584,1024,3584,1,2,16,32,1,4.407114,3.644246,3.654042,3.653720,3.659921,7187.771181,7199.335609,7199.969589,7218.687950,3.644246,3.654042,3.653720,3.659921,7187.771181,7199.335609,7199.969589,7218.687950,0.000000,0,640,0,0,0.000000,0.000000,0.000000,0.000000,0.000000,0.000000
baseline,none,any,1,0,3584,1024,3584,1,2,32,64,1,2.375549,4.272674,4.278927,4.278777,4.284799,6139.535294,6147.960619,6148.175859,6156.958075,4.272674,4.278927,4.278777,4.284799,6139.535294,6147.960619,6148.175859,6156.958075,0.000000,0,1280,0,0,0.000000,0.000000,0.000000,0.000000,0.000000,0.000000
baseline,none,any,1,0,3840,1024,3840,1,2,1,2,1,66.870574,2.788676,2.854829,2.838789,2.868705,10527.045758,10578.212846,10637.984573,10829.149317,2.788676,2.854829,2.838789,2.868705,10527.045758,10578.212846,10637.984573,10829.149317,0.000000,0,40,0,0,0.000000,0.000000,0.000000,0.000000,0.000000,0.000000
baseline,none,any,1,0,3840,1024,3840,1,2,2,4,1,34.096817,2.873023,2.888474,2.889960,2.916463,10354.662068,10454.997622,10449.621363,10511.224170,2.873023,2.888474,2.889960,2.916463,10354.662068,10454.997622,10449.621363,10511.224170,0.000000,0,80,0,0,0.000000,0.000000,0.000000,0.000000,0.000000,0.000000
baseline,none,any,1,0,3840,1024,3840,1,2,4,8,1,17.515323,3.203504,3.371367,3.333869,3.386094,8918.532327,8957.490775,9058.240981,9426.861587,3.203504,3.371367,3.333869,3.386094,8918.532327,8957.490775,9058.240981,9426.861587,0.000000,0,160,0,0,0.000000,0.000000,0.000000,0.000000,0.000000,0.000000
baseline,none,any,1,0,3840,1024,3840,1,2,8,16,1,8.964766,3.838637,3.851048,3.854794,3.913175,7717.259974,7841.758607,7834.138370,7867.112415,3.838637,3.851048,3.854794,3.913175,7717.259974,7841.758607,7834.138370,7867.112415,0.000000,0,320,0,0,0.000000,0.000000,0.000000,0.000000,0.000000,0.000000
baseline,none,any,1,0,3840,1024,3840,1,2,16,32,1,4.636043,3.798841,3.811464,3.811146,3.822708,7899.894211,7923.199275,7923.859654,7949.526922,3.798841,3.811464,3.811146,3.822708,7899.894211,7923.199275,7923.859654,7949.526922,0.000000,0,640,0,0,0.000000,0.000000,0.000000,0.000000,0.000000,0.000000
baseline,none,any,1,0,3840,1024,3840,1,2,32,64,1,2.470667,4.441020,4.448240,4.450271,4.465309,6763.023298,6788.974696,6785.876747,6800.011889,4.441020,4.448240,4.450271,4.465309,6763.023298,6788.974696,6785.876747,6800.011889,0.000000,0,1280,0,0,0.000000,0.000000,0.000000,0.000000,0.000000,0.000000
baseline,none,any,1,0,4096,1024,4096,1,2,1,2,1,70.807358,3.159573,3.167983,3.167804,3.175015,10821.913713,10845.935211,10846.548414,10874.804402,3.159573,3.167983,3.167804,3.175015,10821.913713,10845.935211,10846.548414,10874.804402,0.000000,0,40,0,0,0.000000,0.000000,0.000000,0.000000,0.000000,0.000000
baseline,none,any,1,0,4096,1024,4096,1,2,2,4,1,35.895481,3.247682,3.312762,3.295765,3.384133,10153.187941,10371.930844,10425.420904,10579.773010,3.247682,3.312762,3.295765,3.384133,10153.187941,10371.930844,10425.420904,10579.773010,0.000000,0,80,0,0,0.000000,0.000000,0.000000,0.000000,0.000000,0.000000
baseline,none,any,1,0,4096,1024,4096,1,2,4,8,1,18.325467,3.403159,3.411472,3.412191,3.433569,10007.003898,10071.821890,10069.698868,10096.424636,3.403159,3.411472,3.412191,3.433569,10007.003898,10071.821890,10069.698868,10096.424636,0.000000,0,160,0,0,0.000000,0.000000,0.000000,0.000000,0.000000,0.000000
baseline,none,any,1,0,4096,1024,4096,1,2,8,16,1,9.412116,3.857680,3.875108,3.880413,3.949784,8699.143641,8866.782130,8854.660153,8906.839958,3.857680,3.875108,3.880413,3.949784,8699.143641,8866.782130,8854.660153,8906.839958,0.000000,0,320,0,0,0.000000,0.000000,0.000000,0.000000,0.000000,0.000000
baseline,none,any,1,0,4096,1024,4096,1,2,16,32,1,4.889979,4.181805,4.188833,4.187828,4.192485,8195.554276,8202.699503,8204.667311,8216.485075,4.181805,4.188833,4.187828,4.192485,8195.554276,8202.699503,8204.667311,8216.485075,0.000000,0,640,0,0,0.000000,0.000000,0.000000,0.000000,0.000000,0.000000
baseline,none,any,1,0,4096,1024,4096,1,2,32,64,1,2.568611,4.411537,4.421547,4.421031,4.431043,7754.322937,7770.976622,7771.882995,7788.609360,4.411537,4.421547,4.421031,4.431043,7754.322937,7770.976622,7771.882995,7788.609360,0.000000,0,1280,0,0,0.000000,0.000000,0.000000,0.000000,0.000000,0.000000
baseline,none,any,1,0,4352,1024,4352,1,2,1,2,1,75.675620,3.624899,3.635666,3.636158,3.649711,10627.943799,10669.000781,10667.555863,10700.690803,3.624899,3.635666,3.636158,3.649711,10627.943799,10669.000781,10667.555863,10700.690803,0.000000,0,40,0,0,0.000000,0.000000,0.000000,0.000000,0.000000,0.000000
baseline,none,any,1,0,4352,1024,4352,1,2,2,4,1,38.487394,3.816419,3.891626,3.894288,3.965028,9782.761532,9967.279331,9960.466940,10163.696227,3.816419,3.891626,3.894288,3.965028,9782.761532,9967.279331,9960.466940,10163.696227,0.000000,0,80,0,0,0.000000,0.000000,0.000000,0.000000,0.000000,0.000000
baseline,none,any,1,0,4352,1024,4352,1,2,4,8,1,19.809181,4.491492,4.505200,4.505085,4.527292,8567.798011,8609.811638,8610.030749,8636.088719,4.491492,4.505200,4.505085,4.527292,8567.798011,8609.811638,8610.030749,8636.088719,0.000000,0,160,0,0,0.000000,0.000000,0.000000,0.000000,0.000000,0.000000
baseline,none,any,1,0,4352,1024,4352,1,2,8,16,1,10.078017,6.042490,6.057565,6.055206,6.068358,6391.996549,6403.385418,6405.879640,6419.360792,6.042490,6.057565,6.055206,6.068358,6391.996549,6403.385418,6405.879640,6419.360792,0.000000,0,320,0,0,0.000000,0.000000,0.000000,0.000000,0.000000,0.000000
baseline,none,any,1,0,4352,1024,4352,1,2,16,32,1,5.185361,7.650574,7.827521,7.822052,8.161047,4752.934690,4955.454401,4958.919047,5070.067082,7.650574,7.827521,7.822052,8.161047,4752.934690,4955.454401,4958.919047,5070.067082,0.000000,0,640,0,0,0.000000,0.000000,0.000000,0.000000,0.000000,0.000000
baseline,none,any,1,0,4352,1024,4352,1,2,32,64,1,2.755021,6.521249,6.536971,6.536131,6.552199,5919.985549,5933.776269,5934.538721,5948.081938,6.521249,6.536971,6.536131,6.552199,5919.985549,5933.776269,5934.538721,5948.081938,0.000000,0,1280,0,0,0.000000,0.000000,0.000000,0.000000,0.000000,0.000000
baseline,none,any,1,0,4608,1024,4608,1,2,1,2,1,79.884175,4.021516,4.030569,4.031549,4.046579,10746.495712,10789.182339,10786.559140,10813.470311,4.021516,4.030569,4.031549,4.046579,10746.495712,10789.182339,10786.559140,10813.470311,0.000000,0,40,0,0,0.000000,0.000000,0.000000,0.000000,0.000000,0.000000
baseline,none,any,1,0,4608,1024,4608,1,2,2,4,1,40.688822,3.988484,4.000060,4.000094,4.020382,10816.520388,10871.472896,10871.380491,10903.025779,3.988484,4.000060,4.000094,4.020382,10816.520388,10871.472896,10871.380491,10903.025779,0.000000,0,80,0,0,0.000000,0.000000,0.000000,0.000000,0.000000,0.000000
baseline,none,any,1,0,4608,1024,4608,1,2,4,8,1,20.809433,4.540157,4.553792,4.556730,4.580156,9494.555179,9549.523534,9543.365539,9578.202664,4.540157,4.553792,4.556730,4.580156,9494.555179,9549.523534,9543.365539,9578.202664,0.000000,0,160,0,0,0.000000,0.000000,0.000000,0.000000,0.000000,0.000000
baseline,none,any,1,0,4608,1024,4608,1,2,8,16,1,10.659426,6.050619,6.072306,6.080322,6.152505,7068.103784,7161.454622,7152.013310,7187.123148,6.050619,6.072306,6.080322,6.152505,7068.103784,7161.454622,7152.013310,7187.123148,0.000000,0,320,0,0,0.000000,0.000000,0.000000,0.000000,0.000000,0.000000
baseline,none,any,1,0,4608,1024,4608,1,2,16,32,1,5.471802,8.331891,8.597210,8.573038,8.859728,4908.338481,5058.215848,5072.477913,5219.288619,8.331891,8.597210,8.573038,8.859728,4908.338481,5058.215848,5072.477913,5219.288619,0.000000,0,640,0,0,0.000000,0.000000,0.000000,0.000000,0.000000,0.000000
baseline,none,any,1,0,4608,1024,4608,1,2,32,64,1,2.848811,6.709824,6.720917,6.720590,6.732122,6459.559686,6470.328955,6470.643490,6481.026011,6.709824,6.720917,6.720590,6.732122,6459.559686,6470.328955,6470.643490,6481.026011,0.000000,0,1280,0,0,0.000000,0.000000,0.000000,0.000000,0.000000,0.000000
baseline,none,any,1,0,4864,1024,4864,1,2,1,2,1,83.944203,4.498584,4.505042,4.506215,4.519851,10719.955106,10755.193805,10752.394509,10770.633561,4.498584,4.505042,4.506215,4.519851,10719.955106,10755.193805,10752.394509,10770.633561,0.000000,0,40,0,0,0.000000,0.000000,0.000000,0.000000,0.000000,0.000000
baseline,none,any,1,0,4864,1024,4864,1,2,2,4,1,42.690469,4.583441,4.595150,4.595574,4.616366,10495.831528,10544.291222,10543.319180,10571.227994,4.583441,4.595150,4.595574,4.616366,10495.831528,10544.291222,10543.319180,10571.227994,0.000000,0,80,0,0,0.000000,0.000000,0.000000,0.000000,0.000000,0.000000
baseline,none,any,1,0,4864,1024,4864,1,2,4,8,1,21.889795,4.595952,4.622239,4.626581,4.657749,10402.578543,10482.495563,10472.657846,10542.451228,4.595952,4.622239,4.626581,4.657749,10402.578543,10482.495563,10472.657846,10542.451228,0.000000,0,160,0,0,0.000000,0.000000,0.000000,0.000000,0.000000,0.000000
baseline,none,any,1,0,4864,1024,4864,1,2,8,16,1,11.369050,6.069864,6.247527,6.254272,6.451308,7510.507917,7755.484659,7747.120410,7982.485243,6.069864,6.247527,6.254272,6.451308,7510.507917,7755.484659,7747.120410,7982.485243,0.000000,0,320,0,0,0.000000,0.000000,0.000000,0.000000,0.000000,0.000000
baseline,none,any,1,0,4864,1024,4864,1,2,16,32,1,6.134562,8.987388,9.009956,9.009602,9.036734,5361.737969,5377.673299,5377.884715,5391.177037,8.987388,9.009956,9.009602,9.036734,5361.737969,5377.673299,5377.884715,5391.177037,0.000000,0,640,0,0,0.000000,0.000000,0.000000,0.000000,0.000000,0.000000
baseline,none,any,1,0,4864,1024,4864,1,2,32,64,1,3.170891,7.450026,7.458753,7.457863,7.463728,6491.742439,6496.072441,6496.847446,6503.681975,7.450026,7.458753,7.457863,7.463728,6491.742439,6496.072441,6496.847446,6503.681975,0.000000,0,1280,0,0,0.000000,0.000000,0.000000,0.000000,0.000000,0.000000
baseline,none,any,1,0,5120,1024,5120,1,2,1,2,1,88.986717,4.906649,4.912603,4.915236,4.936285,10876.011251,10928.440829,10922.586334,10941.702005,4.906649,4.912603,4.915236,4.936285,10876.011251,10928.440829,10922.586334,10941.702005,0.000000,0,40,0,0,0.000000,0.000000,0.000000,0.000000,0.000000,0.000000
baseline,none,any,1,0,5120,1024,5120,1,2,2,4,1,45.171692,4.975126,5.043611,5.051377,5.108623,10509.111986,10644.574135,10628.209666,10791.101813,4.975126,5.043611,5.051377,5.108623,10509.111986,10644.574135,10628.209666,10791.101813,0.000000,0,80,0,0,0.000000,0.000000,0.000000,0.000000,0.000000,0.000000
baseline,none,any,1,0,5120,1024,5120,1,2,4,8,1,22.938007,5.318922,5.335932,5.336443,5.395296,9950.722111,10061.427170,10060.464475,10093.603779,5.318922,5.335932,5.336443,5.395296,9950.722111,10061.427170,10060.464475,10093.603779,0.000000,0,160,0,0,0.000000,0.000000,0.000000,0.000000,0.000000,0.000000
baseline,none,any,1,0,5120,1024,5120,1,2,8,16,1,11.696419,6.482863,6.649219,6.646944,6.743852,7960.894041,8074.195060,8076.958250,8281.386048,6.482863,6.649219,6.646944,6.743852,7960.894041,8074.195060,8076.958250,8281.386048,0.000000,0,320,0,0,0.000000,0.000000,0.000000,0.000000,0.000000,0.000000
baseline,none,any,1,0,5120,1024,5120,1,2,16,32,1,6.390696,9.032853,9.061279,9.057441,9.087695,5907.668688,5924.891089,5927.401964,5943.536466,9.032853,9.061279,9.057441,9.087695,5907.668688,5924.891089,5927.401964,5943.536466,0.000000,0,640,0,0,0.000000,0.000000,0.000000,0.000000,0.000000,0.000000
baseline,none,any,1,0,5120,1024,5120,1,2,32,64,1,3.325366,7.540058,7.550263,7.550240,7.573377,7088.923633,7110.625312,7110.646690,7120.249102,7.540058,7.550263,7.550240,7.573377,7088.923633,7110.625312,7110.646690,7120.249102,0.000000,0,1280,0,0,0.000000,0.000000,0.000000,0.000000,0.000000,0.000000
baseline,none,any,1,0,5376,1024,5376,1,2,1,2,1,92.493747,5.460505,5.473107,5.473307,5.484779,10791.686966,10814.701421,10814.305450,10839.660077,5.460505,5.473107,5.473307,5.484779,10791.686966,10814.701421,10814.305450,10839.660077,0.000000,0,40,0,0,0.000000,0.000000,0.000000,0.000000,0.000000,0.000000
baseline,none,any,1,0,5376,1024,5376,1,2,2,4,1,46.945280,5.698990,5.712063,5.711566,5.726423,10336.298602,10362.283828,10363.185335,10386.054029,5.698990,5.712063,5.711566,5.726423,10336.298602,10362.283828,10363.185335,10386.054029,0.000000,0,80,0,0,0.000000,0.000000,0.000000,0.000000,0.000000,0.000000
baseline,none,any,1,0,5376,1024,5376,1,2,4,8,1,24.237748,6.439490,6.453430,6.461672,6.525431,9070.667983,9171.869540,9160.170838,9191.724507,6.439490,6.453430,6.461672,6.525431,9070.667983,9171.869540,9160.170838,9191.724507,0.000000,0,160,0,0,0.000000,0.000000,0.000000,0.000000,0.000000,0.000000
baseline,none,any,1,0,5376,1024,5376,1,2,8,16,1,12.310454,6.780444,6.793131,6.795273,6.827523,8669.325325,8713.216048,8710.469861,8729.519490,6.780444,6.793131,6.795273,6.827523,8669.325325,8713.216048,8710.469861,8729.519490,0.000000,0,320,0,0,0.000000,0.000000,0.000000,0.000000,0.000000,0.000000
baseline,none,any,1,0,5376,1024,5376,1,2,16,32,1,6.269879,9.099403,9.140476,9.138238,9.189597,6440.980823,6475.594712,6477.180723,6504.824333,9.099403,9.140476,9.138238,9.189597,6440.980823,6475.594712,6477.180723,6504.824333,0.000000,0,640,0,0,0.000000,0.000000,0.000000,0.000000,0.000000,0.000000
baseline,none,any,1,0,5376,1024,5376,1,2,32,64,1,3.342059,7.986651,7.997009,7.996676,8.005814,7393.379118,7401.519499,7401.827715,7411.118634,7.986651,7.997009,7.996676,8.005814,7393.379118,7401.519499,7401.827715,7411.118634,0.000000,0,1280,0,0,0.000000,0.000000,0.000000,0.000000,0.000000,0.000000
baseline,none,any,1,0,5632,1024,5632,1,2,1,2,1,96.793436,5.968665,6.009043,6.007709,6.045516,10745.382256,10810.603344,10813.003548,10883.737042,5.968665,6.009043,6.007709,6.045516,10745.382256,10810.603344,10813.003548,10883.737042,0.000000,0,40,0,0,0.000000,0.000000,0.000000,0.000000,0.000000,0.000000
baseline,none,any,1,0,5632,1024,5632,1,2,2,4,1,48.970569,6.088888,6.099594,6.100542,6.118605,10617.024690,10650.115459,10648.460386,10668.841396,6.088888,6.099594,6.100542,6.118605,10617.024690,10650.115459,10648.460386,10668.841396,0.000000,0,80,0,0,0.000000,0.000000,0.000000,0.000000,0.000000,0.000000
baseline,none,any,1,0,5632,1024,5632,1,2,4,8,1,25.567089,6.693716,6.771319,6.765554,6.783581,9576.266628,9593.608033,9601.783061,9704.830673,6.693716,6.771319,6.765554,6.783581,9576.266628,9593.608033,9601.783061,9704.830673,0.000000,0,160,0,0,0.000000,0.000000,0.000000,0.000000,0.000000,0.000000
baseline,none,any,1,0,5632,1024,5632,1,2,8,16,1,12.926921,6.831243,6.863267,6.860401,6.882068,9439.223843,9465.081331,9469.036014,9509.452431,6.831243,6.863267,6.860401,6.882068,9439.223843,9465.081331,9469.036014,9509.452431,0.000000,0,320,0,0,0.000000,0.000000,0.000000,0.000000,0.000000,0.000000
baseline,none,any,1,0,5632,1024,5632,1,2,16,32,1,6.598020,9.150271,9.190084,9.193004,9.259529,7015.624699,7068.638366,7066.393327,7099.394144,9.150271,9.190084,9.193004,9.259529,7015.624699,7068.638366,7066.393327,7099.394144,0.000000,0,640,0,0,0.000000,0.000000,0.000000,0.000000,0.000000,0.000000
baseline,none,any,1,0,5632,1024,5632,1,2,32,64,1,3.487178,8.593019,8.661073,8.662356,9.154440,7096.161027,7500.384808,7499.273737,7559.785490,8.593019,8.661073,8.662356,9.154440,7096.161027,7500.384808,7499.273737,7559.785490,0.000000,0,1280,0,0,0.000000,0.000000,0.000000,0.000000,0.000000,0.000000
baseline,none,any,1,0,5888,1024,5888,1,2,1,2,1,100.915195,6.584492,6.598894,6.600209,6.630345,10708.519408,10759.557300,10757.413934,10783.091256,6.584492,6.598894,6.600209,6.630345,10708.519408,10759.557300,10757.413934,10783.091256,0.000000,0,40,0,0,0.000000,0.000000,0.000000,0.000000,0.000000,0.000000
baseline,none,any,1,0,5888,1024,5888,1,2,2,4,1,51.367785,6.836649,6.849392,6.850283,6.870958,10333.519447,10366.055573,10364.707663,10385.377121,6.836649,6.849392,6.850283,6.870958,10333.519447,10366.055573,10364.707663,10385.377121,0.000000,0,80,0,0,0.000000,0.000000,0.000000,0.000000,0.000000,0.000000
baseline,none,any,1,0,5888,1024,5888,1,2,4,8,1,26.151017,6.825404,6.834614,6.839912,6.862036,10346.955060,10388.469358,10380.423278,10402.487254,6.825404,6.834614,6.839912,6.862036,10346.955060,10388.469358,10380.423278,10402.487254,0.000000,0,160,0,0,0.000000,0.000000,0.000000,0.000000,0.000000,0.000000
baseline,none,any,1,0,5888,1024,5888,1,2,8,16,1,13.486077,6.872783,6.905146,6.912582,6.941671,10228.254568,10282.357261,10271.296699,10330.775482,6.872783,6.905146,6.912582,6.941671,10228.254568,10282.357261,10271.296699,10330.775482,0.000000,0,320,0,0,0.000000,0.000000,0.000000,0.000000,0.000000,0.000000
baseline,none,any,1,0,5888,1024,5888,1,2,16,32,1,7.003505,9.233124,9.288303,9.318516,9.907167,7166.647954,7644.149648,7619.365329,7689.832619,9.233124,9.288303,9.318516,9.907167,7166.647954,7644.149648,7619.365329,7689.832619,0.000000,0,640,0,0,0.000000,0.000000,0.000000,0.000000,0.000000,0.000000
baseline,none,any,1,0,5888,1024,5888,1,2,32,64,1,3.603231,9.067201,9.081672,9.079449,9.090831,7810.196682,7818.073380,7819.987633,7830.550807,9.067201,9.081672,9.079449,9.090831,7810.196682,7818.073380,7819.987633,7830.550807,0.000000,0,1280,0,0,0.000000,0.000000,0.000000,0.000000,0.000000,0.000000
baseline,none,any,1,0,6144,1024,6144,1,2,1,2,1,105.713580,7.007702,7.248279,7.191443,7.617848,10148.458112,10665.898943,10750.194174,11032.063197,7.007702,7.248279,7.191443,7.617848,10148.458112,10665.898943,10750.194174,11032.063197,0.000000,0,40,0,0,0.000000,0.000000,0.000000,0.000000,0.000000,0.000000
baseline,none,any,1,0,6144,1024,6144,1,2,2,4,1,53.501532,6.907408,6.930591,6.942089,7.377318,10479.338335,11154.807913,11136.333139,11192.246256,6.907408,6.930591,6.942089,7.377318,10479.338335,11154.807913,11136.333139,11192.246256,0.000000,0,80,0,0,0.000000,0.000000,0.000000,0.000000,0.000000,0.000000
baseline,none,any,1,0,6144,1024,6144,1,2,4,8,1,27.271376,6.929712,6.955568,6.957957,7.009296,11029.554370,11114.751711,11110.936123,11156.222846,6.929712,6.955568,6.957957,7.009296,11029.554370,11114.751711,11110.936123,11156.222846,0.000000,0,160,0,0,0.000000,0.000000,0.000000,0.000000,0.000000,0.000000
baseline,none,any,1,0,6144,1024,6144,1,2,8,16,1,14.107417,6.964608,7.053752,7.080899,7.613364,10154.435192,10960.041029,10918.022577,11100.324861,6.964608,7.053752,7.080899,7.613364,10154.435192,10960.041029,10918.022577,11100.324861,0.000000,0,320,0,0,0.000000,0.000000,0.000000,0.000000,0.000000,0.000000
baseline,none,any,1,0,6144,1024,6144,1,2,16,32,1,7.187949,9.448740,9.514609,9.561676,10.107853,7648.450302,8125.337713,8085.340824,8181.981018,9.448740,9.514609,9.561676,10.107853,7648.450302,8125.337713,8085.340824,8181.981018,0.000000,0,640,0,0,0.000000,0.000000,0.000000,0.000000,0.000000,0.000000
baseline,none,any,1,0,6144,1024,6144,1,2,32,64,1,3.846867,9.196856,9.212789,9.233715,9.665155,7998.776153,8391.531742,8372.514666,8406.069566,9.196856,9.212789,9.233715,9.665155,7998.776153,8391.531742,8372.514666,8406.069566,0.000000,0,1280,0,0,0.000000,0.000000,0.000000,0.000000,0.000000,0.000000
baseline,none,any,1,0,6400,1024,6400,1,2,1,2,1,110.956668,8.104032,8.121718,8.123551,8.159562,10280.708695,10328.612739,10326.281744,10351.153599,8.104032,8.121718,8.123551,8.159562,10280.708695,10328.612739,10326.281744,10351.153599,0.000000,0,40,0,0,0.000000,0.000000,0.000000,0.000000,0.000000,0.000000
baseline,none,any,1,0,6400,1024,6400,1,2,2,4,1,55.729864,7.999858,8.014835,8.040920,8.545740,9816.128270,10466.351460,10432.398802,10485.946126,7.999858,8.014835,8.040920,8.545740,9816.128270,10466.351460,10432.398802,10485.946126,0.000000,0,80,0,0,0.000000,0.000000,0.000000,0.000000,0.000000,0.000000
baseline,none,any,1,0,6400,1024,6400,1,2,4,8,1,28.894215,8.808023,9.129139,9.103623,9.502147,8828.118529,9188.827117,9214.581627,9523.826175,8.808023,9.129139,9.103623,9.502147,8828.118529,9188.827117,9214.581627,9523.826175,0.000000,0,160,0,0,0.000000,0.000000,0.000000,0.000000,0.000000,0.000000
baseline,none,any,1,0,6400,1024,6400,1,2,8,16,1,14.570377,10.569492,10.589741,10.615906,11.139254,7530.673059,7921.447748,7901.923588,7936.623633,10.569492,10.589741,10.615906,11.139254,7530.673059,7921.447748,7901.923588,7936.623633,0.000000,0,320,0,0,0.000000,0.000000,0.000000,0.000000,0.000000,0.000000
baseline,none,any,1,0,6400,1024,6400,1,2,16,32,1,7.749592,12.118555,12.134395,12.138010,12.561701,6677.923635,6913.083017,6911.023845,6922.119015,12.118555,12.134395,12.138010,12.561701,6677.923635,6913.083017,6911.023845,6922.119015,0.000000,0,640,0,0,0.000000,0.000000,0.000000,0.000000,0.000000,0.000000
baseline,none,any,1,0,6400,1024,6400,1,2,32,64,1,4.049453,12.588119,12.600239,12.752955,13.510693,6208.865822,6657.499116,6577.776051,6663.909040,12.588119,12.600239,12.752955,13.510693,6208.865822,6657.499116,6577.776051,6663.909040,0.000000,0,1280,0,0,0.000000,0.000000,0.000000,0.000000,0.000000,0.000000
baseline,none,any,1,0,6656,1024,6656,1,2,1,2,1,115.046739,8.364817,8.939549,8.875262,9.336376,9718.030222,10149.414040,10222.930222,10846.762592,8.364817,8.939549,8.875262,9.336376,9718.030222,10149.414040,10222.930222,10846.762592,0.000000,0,40,0,0,0.000000,0.000000,0.000000,0.000000,0.000000,0.000000
baseline,none,any,1,0,6656,1024,6656,1,2,2,4,1,58.365523,8.469015,8.478997,8.485919,8.933242,10156.579675,10700.697751,10691.969588,10713.310123,8.469015,8.478997,8.485919,8.933242,10156.579675,10700.697751,10691.969588,10713.310123,0.000000,0,80,0,0,0.000000,0.000000,0.000000,0.000000,0.000000,0.000000
baseline,none,any,1,0,6656,1024,6656,1,2,4,8,1,29.597619,9.128159,9.154475,9.162339,9.732856,9322.154168,9911.129161,9902.621991,9939.702423,9.128159,9.154475,9.162339,9.732856,9322.154168,9911.129161,9902.621991,9939.702423,0.000000,0,160,0,0,0.000000,0.000000,0.000000,0.000000,0.000000,0.000000
baseline,none,any,1,0,6656,1024,6656,1,2,8,16,1,15.203146,10.667847,11.033113,10.941735,11.385171,7969.242107,8223.534385,8292.211880,8505.107369,10.667847,11.033113,10.941735,11.385171,7969.242107,8223.534385,8292.211880,8505.107369,0.000000,0,320,0,0,0.000000,0.000000,0.000000,0.000000,0.000000,0.000000
baseline,none,any,1,0,6656,1024,6656,1,2,16,32,1,7.814327,12.243662,12.277691,12.277933,12.357853,7341.986033,7389.922432,7389.776534,7410.461358,12.243662,12.277691,12.277933,12.357853,7341.986033,7389.922432,7389.776534,7410.461358,0.000000,0,640,0,0,0.000000,0.000000,0.000000,0.000000,0.000000,0.000000
baseline,none,any,1,0,6656,1024,6656,1,2,32,64,1,4.333352,12.803423,12.813751,13.001808,13.623932,6659.691499,7080.766914,6978.351543,7086.478681,12.803423,12.813751,13.001808,13.623932,6659.691499,7080.766914,6978.351543,7086.478681,0.000000,0,1280,0,0,0.000000,0.000000,0.000000,0.000000,0.000000,0.000000
baseline,none,any,1,0,6912,1024,6912,1,2,1,2,1,119.151170,9.028356,9.126719,9.122345,9.642971,10146.740430,10720.689846,10725.830047,10837.490647,9.028356,9.126719,9.122345,9.642971,10146.740430,10720.689846,10725.830047,10837.490647,0.000000,0,40,0,0,0.000000,0.000000,0.000000,0.000000,0.000000,0.000000
baseline,none,any,1,0,6912,1024,6912,1,2,2,4,1,60.837921,9.195273,9.515303,9.409535,9.936790,9846.713447,10282.880504,10398.465024,10640.763326,9.195273,9.515303,9.409535,9.936790,9846.713447,10282.880504,10398.465024,10640.763326,0.000000,0,80,0,0,0.000000,0.000000,0.000000,0.000000,0.000000,0.000000
baseline,none,any,1,0,6912,1024,6912,1,2,4,8,1,30.907106,9.157263,9.257307,9.321887,9.949602,9834.033935,10569.458668,10496.235876,10684.931045,9.157263,9.257307,9.321887,9.949602,9834.033935,10569.458668,10496.235876,10684.931045,0.000000,0,160,0,0,0.000000,0.000000,0.000000,0.000000,0.000000,0.000000
baseline,none,any,1,0,6912,1024,6912,1,2,8,16,1,15.924608,11.233446,11.265918,11.313575,11.702357,8361.112527,8685.020050,8648.435428,8710.125434,11.233446,11.265918,11.313575,11.702357,8361.112527,8685.020050,8648.435428,8710.125434,0.000000,0,320,0,0,0.000000,0.000000,0.000000,0.000000,0.000000,0.000000
baseline,none,any,1,0,6912,1024,6912,1,2,16,32,1,8.111739,12.166648,12.187204,12.213039,12.624930,7750.120097,8028.480012,8011.496935,8042.044424,12.166648,12.187204,12.213039,12.624930,7750.120097,8028.480012,8011.496935,8042.044424,0.000000,0,640,0,0,0.000000,0.000000,0.000000,0.000000,0.000000,0.000000
baseline,none,any,1,0,6912,1024,6912,1,2,32,64,1,4.217212,13.414911,13.429668,13.804600,15.151067,6457.942778,7285.714264,7087.834528,7293.728875,13.414911,13.429668,13.804600,15.151067,6457.942778,7285.714264,7087.834528,7293.728875,0.000000,0,1280,0,0,0.000000,0.000000,0.000000,0.000000,0.000000,0.000000
baseline,none,any,1,0,7168,1024,7168,1,2,1,2,1,124.240515,9.637775,9.697310,9.988087,10.784112,9757.567313,10851.122502,10535.220800,10918.152660,9.637775,9.697310,9.988087,10.784112,9757.567313,10851.122502,10535.220800,10918.152660,0.000000,0,40,0,0,0.000000,0.000000,0.000000,0.000000,0.000000,0.000000
baseline,none,any,1,0,7168,1024,7168,1,2,2,4,1,62.910545,9.666535,9.747109,9.811674,10.424588,10094.087052,10795.682982,10724.643329,10885.668831,9.666535,9.747109,9.811674,10.424588,10094.087052,10795.682982,10724.643329,10885.668831,0.000000,0,80,0,0,0.000000,0.000000,0.000000,0.000000,0.000000,0.000000
baseline,none,any,1,0,7168,1024,7168,1,2,4,8,1,32.047570,10.097871,10.348180,10.333458,10.852371,9696.194385,10168.618902,10183.105811,10420.681622,10.097871,10.348180,10.333458,10.852371,9696.194385,10168.618902,10183.105811,10420.681622,0.000000,0,160,0,0,0.000000,0.000000,0.000000,0.000000,0.000000,0.000000
baseline,none,any,1,0,7168,1024,7168,1,2,8,16,1,16.411603,11.349823,11.464942,11.518535,12.044615,8736.410317,9178.127439,9135.424115,9271.219362,11.349823,11.464942,11.518535,12.044615,8736.410317,9178.127439,9135.424115,9271.219362,0.000000,0,320,0,0,0.000000,0.000000,0.000000,0.000000,0.000000,0.000000
baseline,none,any,1,0,7168,1024,7168,1,2,16,32,1,8.343517,12.299405,12.579710,12.535360,13.365468,7873.027623,8364.795274,8394.389817,8555.430019,12.299405,12.579710,12.535360,13.365468,7873.027623,8364.795274,8394.389817,8555.430019,0.000000,0,640,0,0,0.000000,0.000000,0.000000,0.000000,0.000000,0.000000
baseline,none,any,1,0,7168,1024,7168,1,2,32,64,1,4.456239,13.890888,14.003926,14.229094,15.077987,6978.829386,7514.085604,7395.179243,7575.231962,13.890888,14.003926,14.229094,15.077987,6978.829386,7514.085604,7395.179243,7575.231962,0.000000,0,1280,0,0,0.000000,0.000000,0.000000,0.000000,0.000000,0.000000
baseline,none,any,1,0,7424,1024,7424,1,2,1,2,1,127.651912,10.718388,11.320657,11.222038,11.352523,9942.909541,9970.897382,10058.521792,10531.164691,10.718388,11.320657,11.222038,11.352523,9942.909541,9970.897382,10058.521792,10531.164691,0.000000,0,40,0,0,0.000000,0.000000,0.000000,0.000000,0.000000,0.000000
baseline,none,any,1,0,7424,1024,7424,1,2,2,4,1,64.737815,10.716561,11.093593,11.051229,11.348360,9946.556969,10174.982014,10213.987038,10532.960084,10.716561,11.093593,11.051229,11.348360,9946.556969,10174.982014,10213.987038,10532.960084,0.000000,0,80,0,0,0.000000,0.000000,0.000000,0.000000,0.000000,0.000000
baseline,none,any,1,0,7424,1024,7424,1,2,4,8,1,33.394554,11.399472,11.537227,11.553818,11.946890,9448.242116,9783.729595,9769.680441,9901.959428,11.399472,11.537227,11.553818,11.946890,9448.242116,9783.729595,9769.680441,9901.959428,0.000000,0,160,0,0,0.000000,0.000000,0.000000,0.000000,0.000000,0.000000
baseline,none,any,1,0,7424,1024,7424,1,2,8,16,1,16.615503,11.420517,11.720175,11.694616,11.985693,9417.653969,9631.008858,9652.058060,9883.712729,11.420517,11.720175,11.694616,11.985693,9417.653969,9631.008858,9652.058060,9883.712729,0.000000,0,320,0,0,0.000000,0.000000,0.000000,0.000000,0.000000,0.000000
baseline,none,any,1,0,7424,1024,7424,1,2,16,32,1,8.623879,12.576629,13.193622,13.076250,13.602133,8298.485925,8555.429983,8632.223149,8975.148209,12.576629,13.193622,13.076250,13.602133,8298.485925,8555.429983,8632.223149,8975.148209,0.000000,0,640,0,0,0.000000,0.000000,0.000000,0.000000,0.000000,0.000000
baseline,none,any,1,0,7424,1024,7424,1,2,32,64,1,4.482462,14.861467,14.885360,15.169832,15.745607,7168.800113,7583.095689,7440.893579,7595.287144,14.861467,14.885360,15.169832,15.745607,7168.800113,7583.095689,7440.893579,7595.287144,0.000000,0,1280,0,0,0.000000,0.000000,0.000000,0.000000,0.000000,0.000000
baseline,none,any,1,0,7680,1024,7680,1,2,1,2,1,132.944569,11.377792,12.629274,12.172395,12.658850,9542.411451,9564.758449,9923.762349,10616.818729,11.377792,12.629274,12.172395,12.658850,9542.411451,9564.758449,9923.762349,10616.818729,0.000000,0,40,0,0,0.000000,0.000000,0.000000,0.000000,0.000000,0.000000
baseline,none,any,1,0,7680,1024,7680,1,2,2,4,1,67.127523,11.334288,11.351474,11.389476,11.885571,10163.243752,10641.433456,10605.927227,10657.568892,11.334288,11.351474,11.389476,11.885571,10163.243752,10641.433456,10605.927227,10657.568892,0.000000,0,80,0,0,0.000000,0.000000,0.000000,0.000000,0.000000,0.000000
baseline,none,any,1,0,7680,1024,7680,1,2,4,8,1,34.054395,11.647429,11.975565,11.921521,12.481278,9678.171995,10086.868987,10132.595508,10371.040270,11.647429,11.975565,11.921521,12.481278,9678.171995,10086.868987,10132.595508,10371.040270,0.000000,0,160,0,0,0.000000,0.000000,0.000000,0.000000,0.000000,0.000000
baseline,none,any,1,0,7680,1024,7680,1,2,8,16,1,17.598406,11.748534,12.081970,12.072118,12.403334,9738.990758,9998.034691,10006.194249,10281.789643,11.748534,12.081970,12.072118,12.403334,9738.990758,9998.034691,10006.194249,10281.789643,0.000000,0,320,0,0,0.000000,0.000000,0.000000,0.000000,0.000000,0.000000
baseline,none,any,1,0,7680,1024,7680,1,2,16,32,1,9.044620,13.438577,13.631132,13.657858,14.461100,8353.165057,8861.769896,8844.428923,8988.745996,13.438577,13.631132,13.657858,14.461100,8353.165057,8861.769896,8844.428923,8988.745996,0.000000,0,640,0,0,0.000000,0.000000,0.000000,0.000000,0.000000,0.000000
baseline,none,any,1,0,7680,1024,7680,1,2,32,64,1,4.664618,15.347604,15.371614,15.563980,17.052276,7083.861134,7858.378125,7761.250767,7870.671878,15.347604,15.371614,15.563980,17.052276,7083.861134,7858.378125,7761.250767,7870.671878,0.000000,0,1280,0,0,0.000000,0.000000,0.000000,0.000000,0.000000,0.000000
baseline,none,any,1,0,7936,1024,7936,1,2,1,2,1,136.461981,12.148139,13.490701,13.059698,13.915529,9269.014251,9560.899512,9876.433368,10617.530521,12.148139,13.490701,13.059698,13.915529,9269.014251,9560.899512,9876.433368,10617.530521,0.000000,0,40,0,0,0.000000,0.000000,0.000000,0.000000,0.000000,0.000000
baseline,none,any,1,0,7936,1024,7936,1,2,2,4,1,69.180365,12.177317,12.225394,12.402008,13.158128,9802.552203,10550.435970,10400.189425,10592.089917,12.177317,12.225394,12.402008,13.158128,9802.552203,10550.435970,10400.189425,10592.089917,0.000000,0,80,0,0,0.000000,0.000000,0.000000,0.000000,0.000000,0.000000
baseline,none,any,1,0,7936,1024,7936,1,2,4,8,1,35.408816,12.429265,12.632400,12.833240,13.614476,9473.977302,10210.509215,10050.715066,10377.382461,12.429265,12.632400,12.833240,13.614476,9473.977302,10210.509215,10050.715066,10377.382461,0.000000,0,160,0,0,0.000000,0.000000,0.000000,0.000000,0.000000,0.000000
baseline,none,any,1,0,7936,1024,7936,1,2,8,16,1,18.253158,13.028794,13.314993,13.341879,13.907833,9274.143327,9687.067549,9667.546465,9899.860003,13.028794,13.314993,13.341879,13.907833,9274.143327,9687.067549,9667.546465,9899.860003,0.000000,0,320,0,0,0.000000,0.000000,0.000000,0.000000,0.000000,0.000000
baseline,none,any,1,0,7936,1024,7936,1,2,16,32,1,9.254294,13.787330,13.959889,13.991358,14.482914,8905.889837,9239.560329,9218.778752,9355.200507,13.787330,13.959889,13.991358,14.482914,8905.889837,9239.560329,9218.778752,9355.200507,0.000000,0,640,0,0,0.000000,0.000000,0.000000,0.000000,0.000000,0.000000
baseline,none,any,1,0,7936,1024,7936,1,2,32,64,1,4.866404,16.101380,16.801908,16.859655,18.225885,7076.925845,7676.701754,7650.408033,8010.694525,16.101380,16.801908,16.859655,18.225885,7076.925845,7676.701754,7650.408033,8010.694525,0.000000,0,1280,0,0,0.000000,0.000000,0.000000,0.000000,0.000000,0.000000
baseline,none,any,1,0,8192,1024,8192,1,2,1,2,1,141.455959,12.637991,12.656144,12.964304,13.541528,10149.442033,10859.465053,10601.337116,10875.063408,12.637991,12.656144,12.964304,13.541528,10149.442033,10859.465053,10601.337116,10875.063408,0.000000,0,40,0,0,0.000000,0.000000,0.000000,0.000000,0.000000,0.000000
baseline,none,any,1,0,8192,1024,8192,1,2,2,4,1,71.296675,12.627149,12.915439,13.060978,14.016349,9805.617245,10641.446526,10522.868663,10884.401021,12.627149,12.915439,13.060978,14.016349,9805.617245,10641.446526,10522.868663,10884.401021,0.000000,0,80,0,0,0.000000,0.000000,0.000000,0.000000,0.000000,0.000000
baseline,none,any,1,0,8192,1024,8192,1,2,4,8,1,36.247333,12.640749,13.111106,13.038950,13.685218,10042.876443,10482.636131,10540.646077,10872.690651,12.640749,13.111106,13.038950,13.685218,10042.876443,10482.636131,10540.646077,10872.690651,0.000000,0,160,0,0,0.000000,0.000000,0.000000,0.000000,0.000000,0.000000
baseline,none,any,1,0,8192,1024,8192,1,2,8,16,1,18.411441,13.197751,13.575908,13.611719,14.318972,9598.381327,10123.739309,10097.105113,10413.816223,13.197751,13.575908,13.611719,14.318972,9598.381327,10123.739309,10097.105113,10413.816223,0.000000,0,320,0,0,0.000000,0.000000,0.000000,0.000000,0.000000,0.000000
baseline,none,any,1,0,8192,1024,8192,1,2,16,32,1,9.477159,13.856498,13.885519,14.086339,14.702020,9348.304075,9898.006223,9756.896315,9918.736572,13.856498,13.885519,14.086339,14.702020,9348.304075,9898.006223,9756.896315,9918.736572,0.000000,0,640,0,0,0.000000,0.000000,0.000000,0.000000,0.000000,0.000000
baseline,none,any,1,0,8192,1024,8192,1,2,32,64,1,5.127335,16.290883,17.021872,17.039426,18.251066,7530.461699,8074.256079,8065.938130,8436.556415,16.290883,17.021872,17.039426,18.251066,7530.461699,8074.256079,8065.938130,8436.556415,0.000000,0,1280,0,0,0.000000,0.000000,0.000000,0.000000,0.000000,0.000000
baseline,none,any,1,0,8448,1024,8448,1,2,1,2,1,145.849064,13.882878,13.923117,14.343127,15.458971,9454.905232,10497.872408,10190.462736,10528.300097,13.882878,13.923117,14.343127,15.458971,9454.905232,10497.872408,10190.462736,10528.300097,0.000000,0,40,0,0,0.000000,0.000000,0.000000,0.000000,0.000000,0.000000
baseline,none,any,1,0,8448,1024,8448,1,2,2,4,1,73.107727,13.954876,14.327707,14.310594,15.088663,9686.948790,10201.430403,10213.629660,10473.980979,13.954876,14.327707,14.310594,15.088663,9686.948790,10201.430403,10213.629660,10473.980979,0.000000,0,80,0,0,0.000000,0.000000,0.000000,0.000000,0.000000,0.000000
baseline,none,any,1,0,8448,1024,8448,1,2,4,8,1,37.241025,15.187532,15.858414,15.613596,16.340666,8944.745936,9216.754323,9361.271330,9623.887923,15.187532,15.858414,15.613596,16.340666,8944.745936,9216.754323,9361.271330,9623.887923,0.000000,0,160,0,0,0.000000,0.000000,0.000000,0.000000,0.000000,0.000000
baseline,none,any,1,0,8448,1024,8448,1,2,8,16,1,19.176398,16.108060,16.639823,16.589540,17.427772,8386.792402,8783.933927,8810.557900,9073.911184,16.108060,16.639823,16.589540,17.427772,8386.792402,8783.933927,8810.557900,9073.911184,0.000000,0,320,0,0,0.000000,0.000000,0.000000,0.000000,0.000000,0.000000
baseline,none,any,1,0,8448,1024,8448,1,2,16,32,1,9.819794,21.249857,21.543127,21.585922,21.993533,6645.731079,6784.674564,6771.223771,6878.310089,21.249857,21.543127,21.585922,21.993533,6645.731079,6784.674564,6771.223771,6878.310089,0.000000,0,640,0,0,0.000000,0.000000,0.000000,0.000000,0.000000,0.000000
baseline,none,any,1,0,8448,1024,8448,1,2,32,64,1,5.105218,27.492513,27.537206,27.682728,28.199706,5183.142895,5307.840810,5279.938670,5316.469462,27.492513,27.537206,27.682728,28.199706,5183.142895,5307.840810,5279.938670,5316.469462,0.000000,0,1280,0,0,0.000000,0.000000,0.000000,0.000000,0.000000,0.000000
baseline,none,any,1,0,8704,1024,8704,1,2,1,2,1,149.351554,14.265906,14.784961,14.655484,15.566357,9967.373456,10494.156432,10586.869620,10875.978965,14.265906,14.784961,14.655484,15.566357,9967.373456,10494.156432,10586.869620,10875.978965,0.000000,0,40,0,0,0.000000,0.000000,0.000000,0.000000,0.000000,0.000000
baseline,none,any,1,0,8704,1024,8704,1,2,2,4,1,76.198580,14.338453,14.437227,14.852753,16.165046,9598.221593,10746.917920,10446.258532,10820.950738,14.338453,14.437227,14.852753,16.165046,9598.221593,10746.917920,10446.258532,10820.950738,0.000000,0,80,0,0,0.000000,0.000000,0.000000,0.000000,0.000000,0.000000
baseline,none,any,1,0,8704,1024,8704,1,2,4,8,1,38.679024,15.358922,15.392942,15.456389,16.362313,9482.503700,10079.664665,10038.288475,10101.991114,15.358922,15.392942,15.456389,16.362313,9482.503700,10079.664665,10038.288475,10101.991114,0.000000,0,160,0,0,0.000000,0.000000,0.000000,0.000000,0.000000,0.000000
baseline,none,any,1,0,8704,1024,8704,1,2,8,16,1,19.946073,17.484941,17.958840,18.046789,19.160853,8097.535823,8639.516448,8597.412949,8873.675557,17.484941,17.958840,18.046789,19.160853,8097.535823,8639.516448,8597.412949,8873.675557,0.000000,0,320,0,0,0.000000,0.000000,0.000000,0.000000,0.000000,0.000000
baseline,none,any,1,0,8704,1024,8704,1,2,16,32,1,10.376751,21.262440,21.950045,21.813262,22.525632,6887.961837,7068.582027,7112.906637,7297.172553,21.262440,21.950045,21.813262,22.525632,6887.961837,7068.582027,7112.906637,7297.172553,0.000000,0,640,0,0,0.000000,0.000000,0.000000,0.000000,0.000000,0.000000
baseline,none,any,1,0,8704,1024,8704,1,2,32,64,1,5.192138,27.640530,28.002329,28.055497,28.672260,5411.352072,5540.813893,5530.313472,5613.340032,27.640530,28.002329,28.055497,28.672260,5411.352072,5540.813893,5530.313472,5613.340032,0.000000,0,1280,0,0,0.000000,0.000000,0.000000,0.000000,0.000000,0.000000
baseline,none,any,1,0,8960,1024,8960,1,2,1,2,1,154.620667,15.455586,15.517247,15.651557,16.815609,9777.624872,10595.740134,10504.815689,10638.012483,15.455586,15.517247,15.651557,16.815609,9777.624872,10595.740134,10504.815689,10638.012483,0.000000,0,40,0,0,0.000000,0.000000,0.000000,0.000000,0.000000,0.000000
baseline,none,any,1,0,8960,1024,8960,1,2,2,4,1,78.090570,15.676487,16.462803,16.323309,17.038888,9649.498066,9987.164203,10072.511727,10488.109791,15.676487,16.462803,16.323309,17.038888,9649.498066,9987.164203,10072.511727,10488.109791,0.000000,0,80,0,0,0.000000,0.000000,0.000000,0.000000,0.000000,0.000000
baseline,none,any,1,0,8960,1024,8960,1,2,4,8,1,39.467828,16.142918,16.705242,16.669087,17.239243,9537.351309,9842.222986,9863.570561,10185.067954,16.142918,16.705242,16.669087,17.239243,9537.351309,9842.222986,9863.570561,10185.067954,0.000000,0,160,0,0,0.000000,0.000000,0.000000,0.000000,0.000000,0.000000
baseline,none,any,1,0,8960,1024,8960,1,2,8,16,1,20.500771,17.955600,18.365098,18.352191,19.276887,8529.215158,8952.672989,8958.969259,9156.848938,17.955600,18.365098,18.352191,19.276887,8529.215158,8952.672989,8958.969259,9156.848938,0.000000,0,320,0,0,0.000000,0.000000,0.000000,0.000000,0.000000,0.000000
baseline,none,any,1,0,8960,1024,8960,1,2,16,32,1,10.410223,21.707846,22.947848,22.917816,23.888522,6882.665943,7164.798930,7174.187947,7574.068694,21.707846,22.947848,22.917816,23.888522,6882.665943,7164.798930,7174.187947,7574.068694,0.000000,0,640,0,0,0.000000,0.000000,0.000000,0.000000,0.000000,0.000000
baseline,none,any,1,0,8960,1024,8960,1,2,32,64,1,5.421161,27.843824,28.281819,28.398128,29.269302,5617.377442,5813.512801,5789.702645,5904.961790,27.843824,28.281819,28.398128,29.269302,5617.377442,5813.512801,5789.702645,5904.961790,0.000000,0,1280,0,0,0.000000,0.000000,0.000000,0.000000,0.000000,0.000000
baseline,none,any,1,0,9216,1024,9216,1,2,1,2,1,159.406695,16.397468,16.591250,16.646988,17.137479,10150.044560,10484.211587,10449.108188,10608.111904,16.397468,16.591250,16.646988,17.137479,10150.044560,10484.211587,10449.108188,10608.111904,0.000000,0,40,0,0,0.000000,0.000000,0.000000,0.000000,0.000000,0.000000
baseline,none,any,1,0,9216,1024,9216,1,2,2,4,1,80.409580,15.915571,16.791639,16.687517,17.831777,9754.842464,10359.094517,10423.730109,10929.307876,15.915571,16.791639,16.687517,17.831777,9754.842464,10359.094517,10423.730109,10929.307876,0.000000,0,80,0,0,0.000000,0.000000,0.000000,0.000000,0.000000,0.000000
baseline,none,any,1,0,9216,1024,9216,1,2,4,8,1,40.667491,16.102620,16.323487,16.678478,17.712685,9820.429567,10656.189789,10429.379593,10802.352380,16.102620,16.323487,16.678478,17.712685,9820.429567,10656.189789,10429.379593,10802.352380,0.000000,0,160,0,0,0.000000,0.000000,0.000000,0.000000,0.000000,0.000000
baseline,none,any,1,0,9216,1024,9216,1,2,8,16,1,20.831444,18.246446,18.927220,18.826333,19.896005,8742.768987,9190.265421,9239.514188,9533.153771,18.246446,18.927220,18.826333,19.896005,8742.768987,9190.265421,9239.514188,9533.153771,0.000000,0,320,0,0,0.000000,0.000000,0.000000,0.000000,0.000000,0.000000
baseline,none,any,1,0,9216,1024,9216,1,2,16,32,1,10.769300,22.655464,23.222775,23.121280,24.582822,7075.923809,7490.326866,7523.206900,7677.890662,22.655464,23.222775,23.121280,24.582822,7075.923809,7490.326866,7523.206900,7677.890662,0.000000,0,640,0,0,0.000000,0.000000,0.000000,0.000000,0.000000,0.000000
baseline,none,any,1,0,9216,1024,9216,1,2,32,64,1,5.509615,28.393291,29.409720,29.120961,29.976101,5802.828576,5914.581148,5973.229252,6126.312568,28.393291,29.409720,29.120961,29.976101,5802.828576,5914.581148,5973.229252,6126.312568,0.000000,0,1280,0,0,0.000000,0.000000,0.000000,0.000000,0.000000,0.000000
baseline,none,any,1,0,9472,1024,9472,1,2,1,2,1,162.508260,17.325602,17.564604,17.761879,18.896263,9723.831089,10461.042539,10344.855415,10605.349796,17.325602,17.564604,17.761879,18.896263,9723.831089,10461.042539,10344.855415,10605.349796,0.000000,0,40,0,0,0.000000,0.000000,0.000000,0.000000,0.000000,0.000000
baseline,none,any,1,0,9472,1024,9472,1,2,2,4,1,82.234755,17.430652,18.324212,18.407314,19.239696,9550.258467,10027.392699,9982.122874,10541.434115,17.430652,18.324212,18.407314,19.239696,9550.258467,10027.392699,9982.122874,10541.434115,0.000000,0,80,0,0,0.000000,0.000000,0.000000,0.000000,0.000000,0.000000
baseline,none,any,1,0,9472,1024,9472,1,2,4,8,1,41.890861,18.892328,19.280455,19.300833,20.138319,9124.101651,9530.069162,9520.007473,9725.856423,18.892328,19.280455,19.300833,20.138319,9124.101651,9530.069162,9520.007473,9725.856423,0.000000,0,160,0,0,0.000000,0.000000,0.000000,0.000000,0.000000,0.000000
baseline,none,any,1,0,9472,1024,9472,1,2,8,16,1,21.559480,18.351924,19.044915,19.117064,20.752488,8854.074250,9647.933300,9611.521595,10012.251012,18.351924,19.044915,19.117064,20.752488,8854.074250,9647.933300,9611.521595,10012.251012,0.000000,0,320,0,0,0.000000,0.000000,0.000000,0.000000,0.000000,0.000000
baseline,none,any,1,0,9472,1024,9472,1,2,16,32,1,11.004090,22.798446,23.674461,23.638174,25.151110,7305.604788,7761.277844,7773.192178,8059.499741,22.798446,23.674461,23.638174,25.151110,7305.604788,7761.277844,7773.192178,8059.499741,0.000000,0,640,0,0,0.000000,0.000000,0.000000,0.000000,0.000000,0.000000
baseline,none,any,1,0,9472,1024,9472,1,2,32,64,1,5.761636,33.363010,33.419828,33.605214,35.504976,5175.163888,5498.055515,5467.725100,5507.418834,33.363010,33.419828,33.605214,35.504976,5175.163888,5498.055515,5467.725100,5507.418834,0.000000,0,1280,0,0,0.000000,0.000000,0.000000,0.000000,0.000000,0.000000
baseline,none,any,1,0,9728,1024,9728,1,2,1,2,1,167.732429,17.783223,17.911223,18.474483,19.809876,9783.524098,10820.612263,10490.707402,10898.496815,17.783223,17.911223,18.474483,19.809876,9783.524098,10820.612263,10490.707402,10898.496815,0.000000,0,40,0,0,0.000000,0.000000,0.000000,0.000000,0.000000,0.000000
baseline,none,any,1,0,9728,1024,9728,1,2,2,4,1,84.524303,17.856492,19.115648,19.032001,19.950579,9714.525039,10138.834908,10183.395756,10853.777955,17.856492,19.115648,19.032001,19.950579,9714.525039,10138.834908,10183.395756,10853.777955,0.000000,0,80,0,0,0.000000,0.000000,0.000000,0.000000,0.000000,0.000000
baseline,none,any,1,0,9728,1024,9728,1,2,4,8,1,42.979357,18.731258,19.459896,19.499406,20.493782,9457.034296,9959.477647,9939.297548,10346.897108,18.731258,19.459896,19.499406,20.493782,9457.034296,9959.477647,9939.297548,10346.897108,0.000000,0,160,0,0,0.000000,0.000000,0.000000,0.000000,0.000000,0.000000
baseline,none,any,1,0,9728,1024,9728,1,2,8,16,1,21.788879,18.612194,19.173297,19.501170,20.613515,9402.103389,10108.350130,9938.398452,10413.087207,18.612194,19.173297,19.501170,20.613515,9402.103389,10108.350130,9938.398452,10413.087207,0.000000,0,320,0,0,0.000000,0.000000,0.000000,0.000000,0.000000,0.000000
baseline,none,any,1,0,9728,1024,9728,1,2,16,32,1,11.246489,22.925467,23.639245,23.810825,25.121653,7714.874464,8198.671287,8139.591973,8453.934624,22.925467,23.639245,23.810825,25.121653,7714.874464,8198.671287,8139.591973,8453.934624,0.000000,0,640,0,0,0.000000,0.000000,0.000000,0.000000,0.000000,0.000000
baseline,none,any,1,0,9728,1024,9728,1,2,32,64,1,6.176955,33.398870,33.469542,33.935350,36.207983,5352.698029,5790.649876,5711.165414,5802.902890,33.398870,33.469542,33.935350,36.207983,5352.698029,5790.649876,5711.165414,5802.902890,0.000000,0,1280,0,0,0.000000,0.000000,0.000000,0.000000,0.000000,0.000000
baseline,none,any,1,0,9984,1024,9984,1,2,1,2,1,171.351582,18.714725,19.893908,19.681038,21.405867,9536.879038,10261.692388,10372.682586,10908.264176,18.714725,19.893908,19.681038,21.405867,9536.879038,10261.692388,10372.682586,10908.264176,0.000000,0,40,0,0,0.000000,0.000000,0.000000,0.000000,0.000000,0.000000
baseline,none,any,1,0,9984,1024,9984,1,2,2,4,1,86.530785,19.978908,20.652985,20.773087,21.697518,9408.687403,9884.535542,9827.386794,10218.034153,19.978908,20.652985,20.773087,21.697518,9408.687403,9884.535542,9827.386794,10218.034153,0.000000,0,80,0,0,0.000000,0.000000,0.000000,0.000000,0.000000,0.000000
baseline,none,any,1,0,9984,1024,9984,1,2,4,8,1,43.941884,19.384135,20.323970,20.203466,21.426910,9527.513033,10044.551546,10104.462636,10531.559148,19.384135,20.323970,20.203466,21.426910,9527.513033,10044.551546,10104.462636,10531.559148,0.000000,0,160,0,0,0.000000,0.000000,0.000000,0.000000,0.000000,0.000000
baseline,none,any,1,0,9984,1024,9984,1,2,8,16,1,22.539285,19.911382,21.149047,21.026486,21.925372,9310.909949,9652.688572,9708.952929,10252.686845,19.911382,21.149047,21.026486,21.925372,9310.909949,9652.688572,9708.952929,10252.686845,0.000000,0,320,0,0,0.000000,0.000000,0.000000,0.000000,0.000000,0.000000
baseline,none,any,1,0,9984,1024,9984,1,2,16,32,1,11.677671,23.080408,24.277288,24.174390,25.220471,8094.423149,8408.894943,8444.687163,8844.954746,23.080408,24.277288,24.174390,25.220471,8094.423149,8408.894943,8444.687163,8844.954746,0.000000,0,640,0,0,0.000000,0.000000,0.000000,0.000000,0.000000,0.000000
baseline,none,any,1,0,9984,1024,9984,1,2,32,64,1,6.118451,33.579453,34.179801,34.044459,35.052349,5824.008094,5972.684402,5996.428432,6079.466640,33.579453,34.179801,34.044459,35.052349,5824.008094,5972.684402,5996.428432,6079.466640,0.000000,0,1280,0,0,0.000000,0.000000,0.000000,0.000000,0.000000,0.000000
baseline,none,any,1,0,10240,1024,10240,1,2,1,2,1,176.521384,19.753296,20.720376,20.781646,22.258962,9647.725927,10364.115246,10333.558764,10871.520621,19.753296,20.720376,20.781646,22.258962,9647.725927,10364.115246,10333.558764,10871.520621,0.000000,0,40,0,0,0.000000,0.000000,0.000000,0.000000,0.000000,0.000000
baseline,none,any,1,0,10240,1024,10240,1,2,2,4,1,89.601664,20.347379,21.077148,21.231780,22.101437,9716.488788,10188.682302,10114.477698,10554.104526,20.347379,21.077148,21.231780,22.101437,9716.488788,10188.682302,10114.477698,10554.104526,0.000000,0,80,0,0,0.000000,0.000000,0.000000,0.000000,0.000000,0.000000
baseline,none,any,1,0,10240,1024,10240,1,2,4,8,1,45.483853,19.646758,20.515734,20.683777,21.911470,9800.728331,10467.496059,10382.453975,10930.473353,19.646758,20.515734,20.683777,21.911470,9800.728331,10467.496059,10382.453975,10930.473353,0.000000,0,160,0,0,0.000000,0.000000,0.000000,0.000000,0.000000,0.000000
baseline,none,any,1,0,10240,1024,10240,1,2,8,16,1,23.096521,20.370623,21.286371,21.467237,22.871499,9389.343689,10088.538098,10003.540153,10542.061713,20.370623,21.286371,21.467237,22.871499,9389.343689,10088.538098,10003.540153,10542.061713,0.000000,0,320,0,0,0.000000,0.000000,0.000000,0.000000,0.000000,0.000000
baseline,none,any,1,0,10240,1024,10240,1,2,16,32,1,11.777248,23.562566,25.337432,25.002004,26.168781,8206.280789,8475.537884,8589.245941,9113.963428,23.562566,25.337432,25.002004,26.168781,8206.280789,8475.537884,8589.245941,9113.963428,0.000000,0,640,0,0,0.000000,0.000000,0.000000,0.000000,0.000000,0.000000
baseline,none,any,1,0,10240,1024,10240,1,2,32,64,1,6.235117,34.501678,35.032355,35.029021,35.607286,6031.023111,6130.000818,6130.584322,6224.287549,34.501678,35.032355,35.029021,35.607286,6031.023111,6130.000818,6130.584322,6224.287549,0.000000,0,1280,0,0,0.000000,0.000000,0.000000,0.000000,0.000000,0.000000
