timestamp, index, clocks.current.sm [MHz], clocks.current.memory [MHz], power.draw [W], temperature.gpu, clocks_event_reasons.active
2026/10/01 10:55:56.940, 0, 135 MHz, 405 MHz, 16.20 W, 46, 0x0000000000000001
2026/10/01 10:55:56.943, 1, 135 MHz, 405 MHz, 15.70 W, 43, 0x0000000000000001
2026/10/01 10:55:57.048, 0, 135 MHz, 405 MHz, 16.20 W, 46, 0x0000000000000001
2026/10/01 10:55:57.050, 1, 135 MHz, 405 MHz, 15.70 W, 43, 0x0000000000000001
2026/10/01 10:55:57.152, 0, 135 MHz, 405 MHz, 16.20 W, 46, 0x0000000000000001
2026/10/01 10:55:57.154, 1, 135 MHz, 405 MHz, 15.70 W, 43, 0x0000000000000001
2026/10/01 10:55:57.256, 0, 135 MHz, 405 MHz, 15.91 W, 46, 0x0000000000000001
2026/10/01 10:55:57.260, 1, 135 MHz, 405 MHz, 15.70 W, 43, 0x0000000000000001
2026/10/01 10:55:57.363, 0, 135 MHz, 405 MHz, 15.91 W, 46, 0x0000000000000001
2026/10/01 10:55:57.365, 1, 135 MHz, 405 MHz, 15.70 W, 43, 0x0000000000000001
2026/10/01 10:55:57.467, 0, 135 MHz, 405 MHz, 15.91 W, 46, 0x0000000000000001
2026/10/01 10:55:57.469, 1, 135 MHz, 405 MHz, 15.70 W, 43, 0x0000000000000001
2026/10/01 10:55:57.571, 0, 135 MHz, 405 MHz, 15.91 W, 46, 0x0000000000000001
2026/10/01 10:55:57.573, 1, 135 MHz, 405 MHz, 15.70 W, 43, 0x0000000000000001
2026/10/01 10:55:57.675, 0, 135 MHz, 405 MHz, 15.91 W, 46, 0x0000000000000001
2026/10/01 10:55:57.677, 1, 135 MHz, 405 MHz, 15.70 W, 43, 0x0000000000000001
2026/10/01 10:55:57.779, 0, 135 MHz, 405 MHz, 15.91 W, 46, 0x0000000000000001
2026/10/01 10:55:57.781, 1, 135 MHz, 405 MHz, 15.70 W, 43, 0x0000000000000001
2026/10/01 10:55:57.883, 0, 135 MHz, 405 MHz, 15.91 W, 46, 0x0000000000000001
2026/10/01 10:55:57.885, 1, 135 MHz, 405 MHz, 15.70 W, 43, 0x0000000000000001
2026/10/01 10:55:57.987, 0, 135 MHz, 405 MHz, 15.91 W, 46, 0x0000000000000001
2026/10/01 10:55:57.989, 1, 135 MHz, 405 MHz, 15.50 W, 43, 0x0000000000000001
2026/10/01 10:55:58.094, 0, 135 MHz, 405 MHz, 15.91 W, 46, 0x0000000000000001
2026/10/01 10:55:58.095, 1, 135 MHz, 405 MHz, 15.50 W, 43, 0x0000000000000001
2026/10/01 10:55:58.198, 0, 135 MHz, 405 MHz, 15.91 W, 46, 0x0000000000000001
2026/10/01 10:55:58.200, 1, 135 MHz, 405 MHz, 15.50 W, 43, 0x0000000000000001
2026/10/01 10:55:58.302, 0, 135 MHz, 405 MHz, 15.91 W, 46, 0x0000000000000001
2026/10/01 10:55:58.306, 1, 135 MHz, 405 MHz, 15.50 W, 43, 0x0000000000000001
2026/10/01 10:55:58.408, 0, 135 MHz, 405 MHz, 15.91 W, 46, 0x0000000000000001
2026/10/01 10:55:58.410, 1, 135 MHz, 405 MHz, 15.50 W, 43, 0x0000000000000001
2026/10/01 10:55:58.512, 0, 135 MHz, 405 MHz, 15.91 W, 46, 0x0000000000000001
2026/10/01 10:55:58.514, 1, 135 MHz, 405 MHz, 15.50 W, 43, 0x0000000000000001
2026/10/01 10:55:58.616, 0, 135 MHz, 405 MHz, 15.91 W, 46, 0x0000000000000001
2026/10/01 10:55:58.618, 1, 135 MHz, 405 MHz, 15.50 W, 43, 0x0000000000000001
2026/10/01 10:55:58.720, 0, 135 MHz, 405 MHz, 15.91 W, 46, 0x0000000000000001
2026/10/01 10:55:58.723, 1, 135 MHz, 405 MHz, 15.50 W, 43, 0x0000000000000001
2026/10/01 10:55:58.825, 0, 135 MHz, 405 MHz, 15.91 W, 46, 0x0000000000000001
2026/10/01 10:55:58.827, 1, 135 MHz, 405 MHz, 15.50 W, 43, 0x0000000000000001
2026/10/01 10:55:58.929, 0, 135 MHz, 405 MHz, 15.91 W, 46, 0x0000000000000001
2026/10/01 10:55:58.931, 1, 135 MHz, 405 MHz, 15.50 W, 43, 0x0000000000000001
2026/10/01 10:55:59.033, 0, 135 MHz, 405 MHz, 15.91 W, 46, 0x0000000000000001
2026/10/01 10:55:59.035, 1, 135 MHz, 405 MHz, 15.50 W, 43, 0x0000000000000001
2026/10/01 10:55:59.140, 0, 135 MHz, 405 MHz, 15.91 W, 46, 0x0000000000000001
2026/10/01 10:55:59.142, 1, 135 MHz, 405 MHz, 15.50 W, 43, 0x0000000000000001
2026/10/01 10:55:59.244, 0, 135 MHz, 405 MHz, 15.91 W, 46, 0x0000000000000001
2026/10/01 10:55:59.246, 1, 135 MHz, 405 MHz, 15.50 W, 43, 0x0000000000000001
2026/10/01 10:55:59.348, 0, 135 MHz, 405 MHz, 15.91 W, 46, 0x0000000000000001
2026/10/01 10:55:59.352, 1, 135 MHz, 405 MHz, 15.50 W, 43, 0x0000000000000001
2026/10/01 10:55:59.454, 0, 135 MHz, 405 MHz, 15.91 W, 46, 0x0000000000000001
2026/10/01 10:55:59.456, 1, 135 MHz, 405 MHz, 15.50 W, 43, 0x0000000000000001
2026/10/01 10:55:59.559, 0, 135 MHz, 405 MHz, 15.91 W, 46, 0x0000000000000001
2026/10/01 10:55:59.561, 1, 135 MHz, 405 MHz, 15.50 W, 43, 0x0000000000000001
2026/10/01 10:55:59.663, 0, 135 MHz, 405 MHz, 15.91 W, 46, 0x0000000000000001
2026/10/01 10:55:59.665, 1, 135 MHz, 405 MHz, 15.50 W, 43, 0x0000000000000001
2026/10/01 10:55:59.767, 0, 135 MHz, 405 MHz, 15.91 W, 46, 0x0000000000000001
2026/10/01 10:55:59.769, 1, 135 MHz, 405 MHz, 15.50 W, 43, 0x0000000000000001
2026/10/01 10:55:59.871, 0, 135 MHz, 405 MHz, 15.91 W, 46, 0x0000000000000001
2026/10/01 10:55:59.873, 1, 135 MHz, 405 MHz, 15.50 W, 43, 0x0000000000000001
2026/10/01 10:55:59.975, 0, 135 MHz, 405 MHz, 15.91 W, 46, 0x0000000000000001
2026/10/01 10:55:59.977, 1, 135 MHz, 405 MHz, 15.80 W, 43, 0x0000000000000001
2026/10/01 10:56:00.081, 0, 135 MHz, 405 MHz, 15.91 W, 46, 0x0000000000000001
2026/10/01 10:56:00.083, 1, 135 MHz, 405 MHz, 15.80 W, 43, 0x0000000000000001
2026/10/01 10:56:00.186, 0, 135 MHz, 405 MHz, 15.91 W, 46, 0x0000000000000001
2026/10/01 10:56:00.188, 1, 135 MHz, 405 MHz, 15.80 W, 43, 0x0000000000000001
2026/10/01 10:56:00.290, 0, 135 MHz, 405 MHz, 15.91 W, 46, 0x0000000000000001
2026/10/01 10:56:00.292, 1, 135 MHz, 405 MHz, 15.80 W, 43, 0x0000000000000001
2026/10/01 10:56:00.394, 0, 135 MHz, 405 MHz, 15.91 W, 46, 0x0000000000000001
2026/10/01 10:56:00.398, 1, 135 MHz, 405 MHz, 15.80 W, 43, 0x0000000000000001
2026/10/01 10:56:00.500, 0, 135 MHz, 405 MHz, 15.91 W, 46, 0x0000000000000001
2026/10/01 10:56:00.502, 1, 135 MHz, 405 MHz, 15.80 W, 43, 0x0000000000000001
2026/10/01 10:56:00.604, 0, 135 MHz, 405 MHz, 15.91 W, 46, 0x0000000000000001
2026/10/01 10:56:00.606, 1, 135 MHz, 405 MHz, 15.80 W, 43, 0x0000000000000001
2026/10/01 10:56:00.708, 0, 135 MHz, 405 MHz, 15.91 W, 46, 0x0000000000000001
2026/10/01 10:56:00.710, 1, 135 MHz, 405 MHz, 15.80 W, 43, 0x0000000000000001
2026/10/01 10:56:00.812, 0, 135 MHz, 405 MHz, 15.91 W, 46, 0x0000000000000001
2026/10/01 10:56:00.814, 1, 135 MHz, 405 MHz, 15.80 W, 43, 0x0000000000000001
2026/10/01 10:56:00.916, 0, 135 MHz, 405 MHz, 15.91 W, 46, 0x0000000000000001
2026/10/01 10:56:00.918, 1, 135 MHz, 405 MHz, 15.80 W, 43, 0x0000000000000001
2026/10/01 10:56:01.020, 0, 135 MHz, 405 MHz, 15.91 W, 46, 0x0000000000000001
2026/10/01 10:56:01.022, 1, 135 MHz, 405 MHz, 15.50 W, 43, 0x0000000000000001
2026/10/01 10:56:01.127, 0, 135 MHz, 405 MHz, 15.91 W, 46, 0x0000000000000001
2026/10/01 10:56:01.129, 1, 135 MHz, 405 MHz, 15.50 W, 43, 0x0000000000000001
2026/10/01 10:56:01.231, 0, 135 MHz, 405 MHz, 16.30 W, 46, 0x0000000000000001
2026/10/01 10:56:01.235, 1, 135 MHz, 405 MHz, 15.50 W, 43, 0x0000000000000001
2026/10/01 10:56:01.338, 0, 135 MHz, 405 MHz, 16.30 W, 46, 0x0000000000000001
2026/10/01 10:56:01.339, 1, 135 MHz, 405 MHz, 15.50 W, 43, 0x0000000000000001
2026/10/01 10:56:01.442, 0, 135 MHz, 405 MHz, 16.30 W, 46, 0x0000000000000001
2026/10/01 10:56:01.444, 1, 135 MHz, 405 MHz, 15.50 W, 43, 0x0000000000000001
2026/10/01 10:56:01.546, 0, 135 MHz, 405 MHz, 16.30 W, 46, 0x0000000000000001
2026/10/01 10:56:01.548, 1, 135 MHz, 405 MHz, 15.50 W, 43, 0x0000000000000001
2026/10/01 10:56:01.650, 0, 135 MHz, 405 MHz, 16.30 W, 46, 0x0000000000000001
2026/10/01 10:56:01.652, 1, 135 MHz, 405 MHz, 15.50 W, 43, 0x0000000000000001
2026/10/01 10:56:01.754, 0, 135 MHz, 405 MHz, 16.30 W, 46, 0x0000000000000001
2026/10/01 10:56:01.756, 1, 135 MHz, 405 MHz, 15.50 W, 43, 0x0000000000000001
2026/10/01 10:56:01.858, 0, 135 MHz, 405 MHz, 16.30 W, 46, 0x0000000000000001
2026/10/01 10:56:01.860, 1, 135 MHz, 405 MHz, 15.50 W, 43, 0x0000000000000001
2026/10/01 10:56:01.962, 0, 135 MHz, 405 MHz, 16.30 W, 46, 0x0000000000000001
2026/10/01 10:56:01.964, 1, 135 MHz, 405 MHz, 15.50 W, 43, 0x0000000000000001
2026/10/01 10:56:02.067, 0, 135 MHz, 405 MHz, 16.30 W, 46, 0x0000000000000001
2026/10/01 10:56:02.069, 1, 135 MHz, 405 MHz, 15.50 W, 43, 0x0000000000000001
2026/10/01 10:56:02.173, 0, 135 MHz, 405 MHz, 16.30 W, 46, 0x0000000000000001
2026/10/01 10:56:02.176, 1, 135 MHz, 405 MHz, 15.50 W, 43, 0x0000000000000001
2026/10/01 10:56:02.278, 0, 135 MHz, 405 MHz, 15.91 W, 46, 0x0000000000000001
2026/10/01 10:56:02.283, 1, 135 MHz, 405 MHz, 15.50 W, 43, 0x0000000000000001
2026/10/01 10:56:02.388, 0, 135 MHz, 405 MHz, 15.91 W, 46, 0x0000000000000001
2026/10/01 10:56:02.533, 1, 135 MHz, 405 MHz, 15.50 W, 43, 0x0000000000000001
2026/10/01 10:56:02.638, 0, 1001 MHz, 3004 MHz, 42.42 W, 46, 0x0000000000000000
2026/10/01 10:56:02.643, 1, 1001 MHz, 3004 MHz, 40.85 W, 43, 0x0000000000000000
2026/10/01 10:56:02.748, 0, 1001 MHz, 3004 MHz, 59.21 W, 47, 0x0000000000000000
2026/10/01 10:56:02.753, 1, 1001 MHz, 3004 MHz, 58.09 W, 44, 0x0000000000000000
2026/10/01 10:56:02.857, 0, 1001 MHz, 3004 MHz, 65.26 W, 47, 0x0000000000000000
2026/10/01 10:56:02.862, 1, 1001 MHz, 3004 MHz, 64.25 W, 44, 0x0000000000000000
2026/10/01 10:56:02.967, 0, 1001 MHz, 3004 MHz, 67.46 W, 47, 0x0000000000000000
2026/10/01 10:56:02.971, 1, 1001 MHz, 3004 MHz, 66.46 W, 44, 0x0000000000000000
2026/10/01 10:56:03.076, 0, 1001 MHz, 3004 MHz, 68.14 W, 47, 0x0000000000000000
2026/10/01 10:56:03.080, 1, 1001 MHz, 3004 MHz, 67.23 W, 44, 0x0000000000000000
2026/10/01 10:56:03.184, 0, 1001 MHz, 3004 MHz, 68.54 W, 47, 0x0000000000000000
2026/10/01 10:56:03.188, 1, 1001 MHz, 3004 MHz, 67.52 W, 44, 0x0000000000000000
2026/10/01 10:56:03.293, 0, 1001 MHz, 3004 MHz, 68.72 W, 47, 0x0000000000000000
2026/10/01 10:56:03.297, 1, 1001 MHz, 3004 MHz, 67.72 W, 44, 0x0000000000000000
2026/10/01 10:56:03.401, 0, 1001 MHz, 3004 MHz, 68.82 W, 47, 0x0000000000000000
2026/10/01 10:56:03.406, 1, 1001 MHz, 3004 MHz, 67.72 W, 44, 0x0000000000000000
2026/10/01 10:56:03.510, 0, 1001 MHz, 3004 MHz, 68.82 W, 47, 0x0000000000000000
2026/10/01 10:56:03.514, 1, 1001 MHz, 3004 MHz, 67.81 W, 44, 0x0000000000000000
2026/10/01 10:56:03.618, 0, 1001 MHz, 3004 MHz, 68.82 W, 48, 0x0000000000000000
2026/10/01 10:56:03.623, 1, 1001 MHz, 3004 MHz, 67.81 W, 44, 0x0000000000000000
2026/10/01 10:56:03.727, 0, 1001 MHz, 3004 MHz, 68.78 W, 48, 0x0000000000000000
2026/10/01 10:56:03.731, 1, 1001 MHz, 3004 MHz, 67.79 W, 44, 0x0000000000000000
2026/10/01 10:56:03.836, 0, 1001 MHz, 3004 MHz, 68.88 W, 48, 0x0000000000000000
2026/10/01 10:56:03.841, 1, 1001 MHz, 3004 MHz, 67.79 W, 45, 0x0000000000000000
2026/10/01 10:56:03.945, 0, 1001 MHz, 3004 MHz, 69.17 W, 48, 0x0000000000000000
2026/10/01 10:56:03.950, 1, 1001 MHz, 3004 MHz, 68.08 W, 45, 0x0000000000000000
2026/10/01 10:56:04.055, 0, 1001 MHz, 3004 MHz, 70.24 W, 48, 0x0000000000000000
2026/10/01 10:56:04.060, 1, 1001 MHz, 3004 MHz, 74.07 W, 45, 0x0000000000000000
2026/10/01 10:56:04.164, 0, 1063 MHz, 3004 MHz, 149.36 W, 50, 0x0000000000000000
2026/10/01 10:56:04.168, 1, 1001 MHz, 3004 MHz, 143.01 W, 47, 0x0000000000000000
2026/10/01 10:56:04.273, 0, 1177 MHz, 3004 MHz, 179.89 W, 52, 0x0000000000000000
2026/10/01 10:56:04.279, 1, 1113 MHz, 3004 MHz, 179.38 W, 48, 0x0000000000000000
2026/10/01 10:56:04.383, 0, 1177 MHz, 3004 MHz, 221.36 W, 53, 0x0000000000000000
2026/10/01 10:56:04.388, 1, 1113 MHz, 3004 MHz, 203.14 W, 50, 0x0000000000000000
2026/10/01 10:56:04.492, 0, 1189 MHz, 3004 MHz, 239.73 W, 54, 0x0000000000000000
2026/10/01 10:56:04.496, 1, 1202 MHz, 3004 MHz, 232.94 W, 51, 0x0000000000000000
2026/10/01 10:56:04.601, 0, 1189 MHz, 3004 MHz, 251.99 W, 56, 0x0000000000000000
2026/10/01 10:56:04.605, 1, 1202 MHz, 3004 MHz, 248.71 W, 53, 0x0000000000000000
2026/10/01 10:56:04.709, 0, 1177 MHz, 3004 MHz, 249.96 W, 56, 0x0000000000000000
2026/10/01 10:56:04.713, 1, 1189 MHz, 3004 MHz, 250.15 W, 54, 0x0000000000000000
2026/10/01 10:56:04.818, 0, 1177 MHz, 3004 MHz, 244.06 W, 57, 0x0000000000000000
2026/10/01 10:56:04.822, 1, 1189 MHz, 3004 MHz, 234.44 W, 55, 0x0000000000000000
2026/10/01 10:56:04.928, 0, 1177 MHz, 3004 MHz, 133.03 W, 55, 0x0000000000000000
2026/10/01 10:56:04.953, 1, 1202 MHz, 3505 MHz, 127.10 W, 52, 0x0000000000000002
2026/10/01 10:56:05.063, 0, 1177 MHz, 3505 MHz, 100.31 W, 54, 0x0000000000000002
2026/10/01 10:56:05.067, 1, 1202 MHz, 3505 MHz, 100.72 W, 52, 0x0000000000000002
2026/10/01 10:56:05.171, 0, 1177 MHz, 3505 MHz, 90.88 W, 54, 0x0000000000000002
2026/10/01 10:56:05.175, 1, 1202 MHz, 3505 MHz, 91.77 W, 51, 0x0000000000000002
2026/10/01 10:56:05.280, 0, 1177 MHz, 3505 MHz, 87.40 W, 54, 0x0000000000000002
2026/10/01 10:56:05.284, 1, 1202 MHz, 3505 MHz, 88.48 W, 51, 0x0000000000000002
2026/10/01 10:56:05.388, 0, 1177 MHz, 3505 MHz, 86.07 W, 53, 0x0000000000000002
2026/10/01 10:56:05.393, 1, 1202 MHz, 3505 MHz, 87.25 W, 51, 0x0000000000000002
2026/10/01 10:56:05.497, 0, 1177 MHz, 3505 MHz, 85.48 W, 53, 0x0000000000000002
2026/10/01 10:56:05.501, 1, 1202 MHz, 3505 MHz, 86.80 W, 50, 0x0000000000000002
2026/10/01 10:56:05.605, 0, 1177 MHz, 3505 MHz, 85.29 W, 53, 0x0000000000000002
2026/10/01 10:56:05.610, 1, 1202 MHz, 3505 MHz, 86.51 W, 50, 0x0000000000000002
2026/10/01 10:56:05.714, 0, 1177 MHz, 3505 MHz, 85.09 W, 53, 0x0000000000000002
2026/10/01 10:56:05.718, 1, 1202 MHz, 3505 MHz, 86.41 W, 50, 0x0000000000000002
2026/10/01 10:56:05.822, 0, 1177 MHz, 3505 MHz, 85.01 W, 53, 0x0000000000000002
2026/10/01 10:56:05.827, 1, 1202 MHz, 3505 MHz, 86.41 W, 50, 0x0000000000000002
2026/10/01 10:56:05.931, 0, 1177 MHz, 3505 MHz, 85.01 W, 53, 0x0000000000000002
2026/10/01 10:56:05.935, 1, 1202 MHz, 3505 MHz, 86.32 W, 50, 0x0000000000000002
2026/10/01 10:56:06.040, 0, 1177 MHz, 3505 MHz, 85.03 W, 53, 0x0000000000000002
2026/10/01 10:56:06.044, 1, 1202 MHz, 3505 MHz, 86.32 W, 50, 0x0000000000000002
2026/10/01 10:56:06.148, 0, 1177 MHz, 3505 MHz, 84.99 W, 53, 0x0000000000000002
2026/10/01 10:56:06.152, 1, 1202 MHz, 3505 MHz, 86.22 W, 50, 0x0000000000000002
2026/10/01 10:56:06.257, 0, 1177 MHz, 3505 MHz, 84.90 W, 53, 0x0000000000000002
2026/10/01 10:56:06.261, 1, 1202 MHz, 3505 MHz, 86.12 W, 50, 0x0000000000000000
2026/10/01 10:56:06.364, 0, 1177 MHz, 3505 MHz, 84.81 W, 53, 0x0000000000000002
2026/10/01 10:56:06.368, 1, 1202 MHz, 3505 MHz, 86.22 W, 50, 0x0000000000000000
2026/10/01 10:56:06.471, 0, 1177 MHz, 3505 MHz, 84.93 W, 53, 0x0000000000000002
2026/10/01 10:56:06.475, 1, 1202 MHz, 3505 MHz, 86.12 W, 50, 0x0000000000000000
2026/10/01 10:56:06.578, 0, 1177 MHz, 3505 MHz, 84.83 W, 53, 0x0000000000000000
2026/10/01 10:56:06.581, 1, 1202 MHz, 3505 MHz, 86.12 W, 50, 0x0000000000000000
2026/10/01 10:56:06.685, 0, 1177 MHz, 3505 MHz, 84.92 W, 53, 0x0000000000000000
2026/10/01 10:56:06.688, 1, 1202 MHz, 3505 MHz, 86.22 W, 50, 0x0000000000000000
2026/10/01 10:56:06.791, 0, 1177 MHz, 3505 MHz, 84.83 W, 53, 0x0000000000000000
2026/10/01 10:56:06.793, 1, 1202 MHz, 3505 MHz, 86.22 W, 50, 0x0000000000000000
2026/10/01 10:56:06.897, 0, 1177 MHz, 3505 MHz, 84.83 W, 53, 0x0000000000000000
2026/10/01 10:56:06.900, 1, 1202 MHz, 3505 MHz, 86.22 W, 50, 0x0000000000000000
2026/10/01 10:56:07.003, 0, 1177 MHz, 3505 MHz, 84.93 W, 53, 0x0000000000000000
2026/10/01 10:56:07.006, 1, 1202 MHz, 3505 MHz, 86.12 W, 50, 0x0000000000000000
2026/10/01 10:56:07.109, 0, 1177 MHz, 3505 MHz, 84.81 W, 53, 0x0000000000000000
2026/10/01 10:56:07.112, 1, 1202 MHz, 3505 MHz, 86.22 W, 50, 0x0000000000000000
2026/10/01 10:56:07.215, 0, 1177 MHz, 3505 MHz, 84.83 W, 53, 0x0000000000000000
2026/10/01 10:56:07.218, 1, 1202 MHz, 3505 MHz, 86.22 W, 50, 0x0000000000000000
2026/10/01 10:56:07.321, 0, 1177 MHz, 3505 MHz, 84.83 W, 53, 0x0000000000000000
2026/10/01 10:56:07.324, 1, 1202 MHz, 3505 MHz, 86.22 W, 50, 0x0000000000000000
2026/10/01 10:56:07.427, 0, 1177 MHz, 3505 MHz, 84.92 W, 53, 0x0000000000000000
2026/10/01 10:56:07.430, 1, 1202 MHz, 3505 MHz, 86.22 W, 50, 0x0000000000000000
2026/10/01 10:56:07.533, 0, 1037 MHz, 3505 MHz, 79.80 W, 53, 0x0000000000000000
2026/10/01 10:56:07.536, 1, 1202 MHz, 3505 MHz, 86.22 W, 50, 0x0000000000000000
2026/10/01 10:56:07.639, 0, 1037 MHz, 3505 MHz, 77.12 W, 53, 0x0000000000000000
2026/10/01 10:56:07.642, 1, 810 MHz, 3004 MHz, 78.04 W, 50, 0x0000000000000000
2026/10/01 10:56:07.745, 0, 1037 MHz, 3505 MHz, 76.16 W, 53, 0x0000000000000000
2026/10/01 10:56:07.748, 1, 810 MHz, 3004 MHz, 71.57 W, 50, 0x0000000000000000
2026/10/01 10:56:07.851, 0, 1037 MHz, 3505 MHz, 75.86 W, 52, 0x0000000000000000
2026/10/01 10:56:07.854, 1, 810 MHz, 3004 MHz, 69.26 W, 49, 0x0000000000000000
2026/10/01 10:56:07.957, 0, 1037 MHz, 3505 MHz, 75.66 W, 53, 0x0000000000000000
2026/10/01 10:56:07.960, 1, 810 MHz, 3004 MHz, 68.39 W, 49, 0x0000000000000000
2026/10/01 10:56:08.063, 0, 1037 MHz, 3505 MHz, 75.57 W, 52, 0x0000000000000000
2026/10/01 10:56:08.066, 1, 810 MHz, 3004 MHz, 68.09 W, 49, 0x0000000000000000
2026/10/01 10:56:08.169, 0, 1037 MHz, 3505 MHz, 75.57 W, 52, 0x0000000000000000
2026/10/01 10:56:08.172, 1, 810 MHz, 3004 MHz, 68.00 W, 49, 0x0000000000000000
2026/10/01 10:56:08.275, 0, 1037 MHz, 3505 MHz, 75.47 W, 52, 0x0000000000000000
2026/10/01 10:56:08.279, 1, 810 MHz, 3004 MHz, 67.90 W, 49, 0x0000000000000000
2026/10/01 10:56:08.382, 0, 1037 MHz, 3505 MHz, 75.47 W, 52, 0x0000000000000000
2026/10/01 10:56:08.385, 1, 810 MHz, 3004 MHz, 67.90 W, 49, 0x0000000000000000
2026/10/01 10:56:08.489, 0, 1037 MHz, 3505 MHz, 75.57 W, 52, 0x0000000000000000
2026/10/01 10:56:08.644, 1, 810 MHz, 3004 MHz, 67.90 W, 49, 0x0000000000000000
2026/10/01 10:56:08.749, 0, 1037 MHz, 3004 MHz, 74.49 W, 52, 0x0000000000000000
2026/10/01 10:56:08.754, 1, 1001 MHz, 3004 MHz, 69.13 W, 49, 0x0000000000000000
2026/10/01 10:56:08.859, 0, 1037 MHz, 3004 MHz, 72.48 W, 52, 0x0000000000000000
2026/10/01 10:56:08.864, 1, 1001 MHz, 3004 MHz, 68.83 W, 49, 0x0000000000000000
2026/10/01 10:56:08.968, 0, 1037 MHz, 3004 MHz, 71.69 W, 52, 0x0000000000000000
2026/10/01 10:56:08.972, 1, 1001 MHz, 3004 MHz, 68.83 W, 49, 0x0000000000000000
2026/10/01 10:56:09.076, 0, 1037 MHz, 3004 MHz, 71.50 W, 52, 0x0000000000000000
2026/10/01 10:56:09.081, 1, 1001 MHz, 3004 MHz, 68.85 W, 49, 0x0000000000000000
2026/10/01 10:56:09.185, 0, 1037 MHz, 3004 MHz, 71.40 W, 52, 0x0000000000000000
2026/10/01 10:56:09.189, 1, 1001 MHz, 3004 MHz, 68.88 W, 49, 0x0000000000000000
2026/10/01 10:56:09.294, 0, 1037 MHz, 3004 MHz, 71.40 W, 52, 0x0000000000000000
2026/10/01 10:56:09.298, 1, 1001 MHz, 3004 MHz, 68.85 W, 49, 0x0000000000000000
2026/10/01 10:56:09.402, 0, 1037 MHz, 3004 MHz, 71.31 W, 52, 0x0000000000000000
2026/10/01 10:56:09.406, 1, 1001 MHz, 3004 MHz, 68.83 W, 49, 0x0000000000000000
2026/10/01 10:56:09.510, 0, 1037 MHz, 3004 MHz, 71.31 W, 52, 0x0000000000000000
2026/10/01 10:56:09.514, 1, 1001 MHz, 3004 MHz, 68.86 W, 49, 0x0000000000000000
2026/10/01 10:56:09.619, 0, 1037 MHz, 3004 MHz, 71.40 W, 52, 0x0000000000000000
2026/10/01 10:56:09.623, 1, 1001 MHz, 3004 MHz, 68.88 W, 49, 0x0000000000000000
2026/10/01 10:56:09.727, 0, 1037 MHz, 3004 MHz, 71.31 W, 52, 0x0000000000000000
2026/10/01 10:56:09.731, 1, 1001 MHz, 3004 MHz, 68.83 W, 49, 0x0000000000000000
2026/10/01 10:56:09.836, 0, 1037 MHz, 3004 MHz, 71.50 W, 52, 0x0000000000000000
2026/10/01 10:56:09.840, 1, 1001 MHz, 3004 MHz, 68.83 W, 49, 0x0000000000000000
2026/10/01 10:56:09.944, 0, 1037 MHz, 3004 MHz, 71.31 W, 52, 0x0000000000000000
2026/10/01 10:56:09.949, 1, 1001 MHz, 3004 MHz, 68.83 W, 49, 0x0000000000000000
2026/10/01 10:56:10.053, 0, 1037 MHz, 3004 MHz, 71.70 W, 52, 0x0000000000000000
2026/10/01 10:56:10.058, 1, 1001 MHz, 3004 MHz, 69.13 W, 49, 0x0000000000000000
2026/10/01 10:56:10.163, 0, 1001 MHz, 3004 MHz, 109.71 W, 53, 0x0000000000000000
2026/10/01 10:56:10.167, 1, 1001 MHz, 3004 MHz, 110.16 W, 50, 0x0000000000000000
2026/10/01 10:56:10.272, 0, 1001 MHz, 3004 MHz, 156.28 W, 54, 0x0000000000000000
2026/10/01 10:56:10.276, 1, 1113 MHz, 3004 MHz, 160.92 W, 51, 0x0000000000000000
2026/10/01 10:56:10.380, 0, 1113 MHz, 3004 MHz, 198.30 W, 56, 0x0000000000000000
2026/10/01 10:56:10.384, 1, 1113 MHz, 3004 MHz, 196.82 W, 53, 0x0000000000000000
2026/10/01 10:56:10.488, 0, 1189 MHz, 3004 MHz, 225.72 W, 57, 0x0000000000000000
2026/10/01 10:56:10.492, 1, 1202 MHz, 3004 MHz, 230.07 W, 54, 0x0000000000000000
2026/10/01 10:56:10.597, 0, 1189 MHz, 3004 MHz, 248.30 W, 59, 0x0000000000000000
2026/10/01 10:56:10.601, 1, 1189 MHz, 3004 MHz, 248.82 W, 56, 0x0000000000000000
2026/10/01 10:56:10.705, 0, 1177 MHz, 3004 MHz, 253.07 W, 60, 0x0000000000000000
2026/10/01 10:56:10.710, 1, 1177 MHz, 3004 MHz, 249.18 W, 57, 0x0000000000000000
2026/10/01 10:56:10.814, 0, 1164 MHz, 3004 MHz, 250.18 W, 60, 0x0000000000000000
2026/10/01 10:56:10.818, 1, 1177 MHz, 3004 MHz, 247.36 W, 58, 0x0000000000000000
2026/10/01 10:56:10.922, 0, 1151 MHz, 3004 MHz, 245.40 W, 60, 0x0000000000000000
2026/10/01 10:56:10.926, 1, 1177 MHz, 3004 MHz, 244.84 W, 58, 0x0000000000000000
2026/10/01 10:56:11.031, 0, 1164 MHz, 3004 MHz, 246.76 W, 61, 0x0000000000000000
2026/10/01 10:56:11.035, 1, 1177 MHz, 3004 MHz, 243.72 W, 59, 0x0000000000000000
2026/10/01 10:56:11.139, 0, 1164 MHz, 3004 MHz, 246.34 W, 61, 0x0000000000000000
2026/10/01 10:56:11.143, 1, 1177 MHz, 3004 MHz, 245.71 W, 59, 0x0000000000000000
2026/10/01 10:56:11.248, 0, 1164 MHz, 3004 MHz, 246.36 W, 61, 0x0000000000000000
2026/10/01 10:56:11.252, 1, 1177 MHz, 3004 MHz, 245.54 W, 60, 0x0000000000000000
2026/10/01 10:56:11.356, 0, 1164 MHz, 3004 MHz, 247.00 W, 62, 0x0000000000000000
2026/10/01 10:56:11.360, 1, 1177 MHz, 3004 MHz, 245.30 W, 60, 0x0000000000000000
2026/10/01 10:56:11.464, 0, 1164 MHz, 3004 MHz, 248.43 W, 62, 0x0000000000000000
2026/10/01 10:56:11.469, 1, 1177 MHz, 3004 MHz, 246.36 W, 60, 0x0000000000000000
2026/10/01 10:56:11.573, 0, 1164 MHz, 3004 MHz, 249.92 W, 63, 0x0000000000000000
2026/10/01 10:56:11.577, 1, 1177 MHz, 3004 MHz, 246.22 W, 61, 0x0000000000000000
2026/10/01 10:56:11.681, 0, 1164 MHz, 3004 MHz, 200.67 W, 62, 0x0000000000000000
2026/10/01 10:56:11.685, 1, 1177 MHz, 3004 MHz, 193.60 W, 60, 0x0000000000000000
2026/10/01 10:56:11.790, 0, 1164 MHz, 3004 MHz, 124.75 W, 60, 0x0000000000000000
2026/10/01 10:56:11.822, 1, 1202 MHz, 3505 MHz, 115.95 W, 58, 0x0000000000000002
2026/10/01 10:56:11.926, 0, 1164 MHz, 3505 MHz, 96.61 W, 60, 0x0000000000000002
2026/10/01 10:56:11.931, 1, 1202 MHz, 3505 MHz, 98.77 W, 57, 0x0000000000000002
2026/10/01 10:56:12.035, 0, 1164 MHz, 3505 MHz, 89.58 W, 59, 0x0000000000000002
2026/10/01 10:56:12.039, 1, 1202 MHz, 3505 MHz, 92.71 W, 57, 0x0000000000000002
2026/10/01 10:56:12.144, 0, 1164 MHz, 3505 MHz, 87.12 W, 59, 0x0000000000000002
2026/10/01 10:56:12.149, 1, 1202 MHz, 3505 MHz, 90.32 W, 57, 0x0000000000000002
2026/10/01 10:56:12.254, 0, 1164 MHz, 3505 MHz, 86.07 W, 59, 0x0000000000000002
2026/10/01 10:56:12.258, 1, 1202 MHz, 3505 MHz, 89.35 W, 56, 0x0000000000000002
2026/10/01 10:56:12.362, 0, 1164 MHz, 3505 MHz, 85.67 W, 58, 0x0000000000000002
2026/10/01 10:56:12.366, 1, 1202 MHz, 3505 MHz, 88.87 W, 56, 0x0000000000000002
2026/10/01 10:56:12.471, 0, 1164 MHz, 3505 MHz, 85.57 W, 58, 0x0000000000000002
2026/10/01 10:56:12.475, 1, 1202 MHz, 3505 MHz, 88.68 W, 56, 0x0000000000000002
2026/10/01 10:56:12.579, 0, 1164 MHz, 3505 MHz, 85.38 W, 58, 0x0000000000000002
2026/10/01 10:56:12.583, 1, 1202 MHz, 3505 MHz, 88.67 W, 56, 0x0000000000000002
2026/10/01 10:56:12.688, 0, 1164 MHz, 3505 MHz, 85.28 W, 58, 0x0000000000000002
2026/10/01 10:56:12.692, 1, 1202 MHz, 3505 MHz, 88.61 W, 56, 0x0000000000000002
2026/10/01 10:56:12.796, 0, 1164 MHz, 3505 MHz, 85.29 W, 58, 0x0000000000000002
2026/10/01 10:56:12.801, 1, 1202 MHz, 3505 MHz, 88.48 W, 56, 0x0000000000000002
2026/10/01 10:56:12.905, 0, 1164 MHz, 3505 MHz, 85.20 W, 58, 0x0000000000000002
2026/10/01 10:56:12.909, 1, 1202 MHz, 3505 MHz, 88.30 W, 55, 0x0000000000000002
2026/10/01 10:56:13.013, 0, 1164 MHz, 3505 MHz, 85.10 W, 58, 0x0000000000000002
2026/10/01 10:56:13.018, 1, 1202 MHz, 3505 MHz, 88.22 W, 55, 0x0000000000000002
2026/10/01 10:56:13.122, 0, 1164 MHz, 3505 MHz, 85.10 W, 57, 0x0000000000000002
2026/10/01 10:56:13.126, 1, 1202 MHz, 3505 MHz, 88.22 W, 55, 0x0000000000000002
2026/10/01 10:56:13.231, 0, 1164 MHz, 3505 MHz, 85.10 W, 57, 0x0000000000000002
2026/10/01 10:56:13.235, 1, 1202 MHz, 3505 MHz, 88.15 W, 55, 0x0000000000000000
2026/10/01 10:56:13.338, 0, 1164 MHz, 3505 MHz, 85.10 W, 57, 0x0000000000000002
2026/10/01 10:56:13.342, 1, 1202 MHz, 3505 MHz, 88.25 W, 55, 0x0000000000000000
2026/10/01 10:56:13.445, 0, 1164 MHz, 3505 MHz, 85.01 W, 57, 0x0000000000000002
2026/10/01 10:56:13.449, 1, 1202 MHz, 3505 MHz, 88.16 W, 55, 0x0000000000000000
2026/10/01 10:56:13.552, 0, 1164 MHz, 3505 MHz, 85.01 W, 57, 0x0000000000000000
2026/10/01 10:56:13.556, 1, 1202 MHz, 3505 MHz, 88.06 W, 55, 0x0000000000000000
2026/10/01 10:56:13.659, 0, 1164 MHz, 3505 MHz, 84.91 W, 57, 0x0000000000000000
2026/10/01 10:56:13.662, 1, 1202 MHz, 3505 MHz, 88.16 W, 55, 0x0000000000000000
2026/10/01 10:56:13.765, 0, 1164 MHz, 3505 MHz, 84.90 W, 57, 0x0000000000000000
2026/10/01 10:56:13.768, 1, 1202 MHz, 3505 MHz, 88.06 W, 55, 0x0000000000000000
2026/10/01 10:56:13.871, 0, 1164 MHz, 3505 MHz, 84.91 W, 57, 0x0000000000000000
2026/10/01 10:56:13.874, 1, 1202 MHz, 3505 MHz, 88.06 W, 55, 0x0000000000000000
2026/10/01 10:56:13.977, 0, 1164 MHz, 3505 MHz, 84.81 W, 57, 0x0000000000000000
2026/10/01 10:56:13.980, 1, 1202 MHz, 3505 MHz, 87.96 W, 55, 0x0000000000000000
2026/10/01 10:56:14.083, 0, 1164 MHz, 3505 MHz, 84.90 W, 57, 0x0000000000000000
2026/10/01 10:56:14.086, 1, 1202 MHz, 3505 MHz, 88.06 W, 55, 0x0000000000000000
2026/10/01 10:56:14.189, 0, 1164 MHz, 3505 MHz, 84.80 W, 57, 0x0000000000000000
2026/10/01 10:56:14.192, 1, 1202 MHz, 3505 MHz, 88.06 W, 54, 0x0000000000000000
2026/10/01 10:56:14.295, 0, 1164 MHz, 3505 MHz, 84.80 W, 57, 0x0000000000000000
2026/10/01 10:56:14.298, 1, 1202 MHz, 3505 MHz, 88.06 W, 54, 0x0000000000000000
2026/10/01 10:56:14.401, 0, 1164 MHz, 3505 MHz, 84.81 W, 57, 0x0000000000000000
2026/10/01 10:56:14.404, 1, 1202 MHz, 3505 MHz, 87.96 W, 54, 0x0000000000000000
2026/10/01 10:56:14.507, 0, 1164 MHz, 3505 MHz, 84.81 W, 57, 0x0000000000000000
2026/10/01 10:56:14.510, 1, 1202 MHz, 3505 MHz, 87.96 W, 54, 0x0000000000000000
2026/10/01 10:56:14.613, 0, 1164 MHz, 3505 MHz, 84.81 W, 57, 0x0000000000000000
2026/10/01 10:56:14.616, 1, 1202 MHz, 3505 MHz, 87.87 W, 55, 0x0000000000000000
2026/10/01 10:56:14.719, 0, 1164 MHz, 3505 MHz, 84.71 W, 57, 0x0000000000000000
2026/10/01 10:56:14.722, 1, 1202 MHz, 3505 MHz, 87.96 W, 54, 0x0000000000000000
2026/10/01 10:56:14.825, 0, 1164 MHz, 3505 MHz, 84.71 W, 57, 0x0000000000000000
2026/10/01 10:56:14.828, 1, 1202 MHz, 3505 MHz, 87.96 W, 54, 0x0000000000000000
2026/10/01 10:56:14.931, 0, 1164 MHz, 3505 MHz, 84.81 W, 57, 0x0000000000000000
2026/10/01 10:56:14.934, 1, 1202 MHz, 3505 MHz, 87.96 W, 54, 0x0000000000000000
2026/10/01 10:56:15.037, 0, 1164 MHz, 3505 MHz, 84.88 W, 57, 0x0000000000000000
2026/10/01 10:56:15.040, 1, 1202 MHz, 3505 MHz, 87.87 W, 54, 0x0000000000000000
2026/10/01 10:56:15.143, 0, 1164 MHz, 3505 MHz, 84.78 W, 57, 0x0000000000000000
2026/10/01 10:56:15.146, 1, 1202 MHz, 3505 MHz, 87.87 W, 54, 0x0000000000000000
2026/10/01 10:56:15.250, 0, 1164 MHz, 3505 MHz, 84.78 W, 57, 0x0000000000000000
2026/10/01 10:56:15.254, 1, 1202 MHz, 3505 MHz, 87.96 W, 54, 0x0000000000000000
2026/10/01 10:56:15.358, 0, 1164 MHz, 3505 MHz, 84.78 W, 57, 0x0000000000000000
2026/10/01 10:56:15.372, 1, 1202 MHz, 3505 MHz, 87.91 W, 54, 0x0000000000000000
2026/10/01 10:56:15.577, 0, 1164 MHz, 3004 MHz, 83.67 W, 57, 0x0000000000000000
2026/10/01 10:56:15.582, 1, 1202 MHz, 3004 MHz, 86.31 W, 54, 0x0000000000000000
2026/10/01 10:56:15.687, 0, 1164 MHz, 3004 MHz, 81.74 W, 57, 0x0000000000000000
2026/10/01 10:56:15.691, 1, 1202 MHz, 3004 MHz, 84.58 W, 54, 0x0000000000000000
2026/10/01 10:56:15.796, 0, 1164 MHz, 3004 MHz, 81.06 W, 57, 0x0000000000000000
2026/10/01 10:56:15.800, 1, 1202 MHz, 3004 MHz, 83.90 W, 54, 0x0000000000000000
2026/10/01 10:56:15.904, 0, 1164 MHz, 3004 MHz, 80.78 W, 57, 0x0000000000000000
2026/10/01 10:56:15.908, 1, 1202 MHz, 3004 MHz, 83.71 W, 54, 0x0000000000000000
2026/10/01 10:56:16.013, 0, 1164 MHz, 3004 MHz, 80.58 W, 57, 0x0000000000000000
2026/10/01 10:56:16.017, 1, 1202 MHz, 3004 MHz, 83.71 W, 54, 0x0000000000000000
2026/10/01 10:56:16.121, 0, 1164 MHz, 3004 MHz, 80.68 W, 57, 0x0000000000000000
2026/10/01 10:56:16.125, 1, 1202 MHz, 3004 MHz, 83.71 W, 54, 0x0000000000000000
2026/10/01 10:56:16.229, 0, 1164 MHz, 3004 MHz, 80.68 W, 57, 0x0000000000000000
2026/10/01 10:56:16.233, 1, 1202 MHz, 3004 MHz, 83.61 W, 54, 0x0000000000000000
2026/10/01 10:56:16.338, 0, 1164 MHz, 3004 MHz, 80.58 W, 57, 0x0000000000000000
2026/10/01 10:56:16.342, 1, 1202 MHz, 3004 MHz, 83.61 W, 54, 0x0000000000000000
2026/10/01 10:56:16.446, 0, 1164 MHz, 3004 MHz, 80.68 W, 57, 0x0000000000000000
2026/10/01 10:56:16.451, 1, 1202 MHz, 3004 MHz, 83.61 W, 54, 0x0000000000000000
2026/10/01 10:56:16.555, 0, 1164 MHz, 3004 MHz, 80.58 W, 57, 0x0000000000000000
2026/10/01 10:56:16.559, 1, 1202 MHz, 3004 MHz, 83.51 W, 54, 0x0000000000000000
2026/10/01 10:56:16.664, 0, 1164 MHz, 3004 MHz, 80.68 W, 57, 0x0000000000000000
2026/10/01 10:56:16.668, 1, 1202 MHz, 3004 MHz, 83.62 W, 54, 0x0000000000000000
2026/10/01 10:56:16.773, 0, 1164 MHz, 3004 MHz, 80.58 W, 57, 0x0000000000000000
2026/10/01 10:56:16.777, 1, 1202 MHz, 3004 MHz, 83.62 W, 54, 0x0000000000000000
2026/10/01 10:56:16.882, 0, 1164 MHz, 3004 MHz, 80.87 W, 57, 0x0000000000000000
2026/10/01 10:56:16.887, 1, 1202 MHz, 3004 MHz, 83.90 W, 54, 0x0000000000000000
2026/10/01 10:56:16.991, 0, 1164 MHz, 3004 MHz, 102.32 W, 57, 0x0000000000000000
2026/10/01 10:56:16.996, 1, 1202 MHz, 3004 MHz, 113.98 W, 56, 0x0000000000000000
2026/10/01 10:56:17.100, 0, 1164 MHz, 3004 MHz, 192.13 W, 60, 0x0000000000000000
2026/10/01 10:56:17.104, 1, 1202 MHz, 3004 MHz, 204.22 W, 58, 0x0000000000000000
2026/10/01 10:56:17.208, 0, 1189 MHz, 3004 MHz, 231.74 W, 61, 0x0000000000000000
2026/10/01 10:56:17.212, 1, 1202 MHz, 3004 MHz, 236.34 W, 60, 0x0000000000000000
2026/10/01 10:56:17.317, 0, 1189 MHz, 3004 MHz, 248.49 W, 62, 0x0000000000000000
2026/10/01 10:56:17.321, 1, 1189 MHz, 3004 MHz, 248.71 W, 61, 0x0000000000000000
2026/10/01 10:56:17.425, 0, 1177 MHz, 3004 MHz, 249.40 W, 63, 0x0000000000000000
2026/10/01 10:56:17.429, 1, 1177 MHz, 3004 MHz, 246.86 W, 61, 0x0000000000000000
2026/10/01 10:56:17.536, 0, 1164 MHz, 3004 MHz, 245.01 W, 63, 0x0000000000000000
2026/10/01 10:56:17.540, 1, 1164 MHz, 3004 MHz, 242.27 W, 62, 0x0000000000000000
2026/10/01 10:56:17.644, 0, 1164 MHz, 3004 MHz, 243.83 W, 64, 0x0000000000000000
2026/10/01 10:56:17.649, 1, 1164 MHz, 3004 MHz, 238.94 W, 62, 0x0000000000000000
2026/10/01 10:56:17.753, 0, 1164 MHz, 3004 MHz, 192.44 W, 63, 0x0000000000000000
2026/10/01 10:56:17.757, 1, 1164 MHz, 3004 MHz, 183.86 W, 61, 0x0000000000000000
2026/10/01 10:56:17.861, 0, 1189 MHz, 3505 MHz, 118.60 W, 61, 0x0000000000000002
2026/10/01 10:56:17.884, 1, 1177 MHz, 3505 MHz, 114.30 W, 59, 0x0000000000000002
2026/10/01 10:56:17.988, 0, 1189 MHz, 3505 MHz, 100.39 W, 61, 0x0000000000000002
2026/10/01 10:56:17.993, 1, 1177 MHz, 3505 MHz, 95.84 W, 59, 0x0000000000000002
2026/10/01 10:56:18.097, 0, 1189 MHz, 3505 MHz, 93.96 W, 61, 0x0000000000000002
2026/10/01 10:56:18.101, 1, 1177 MHz, 3505 MHz, 89.29 W, 58, 0x0000000000000002
2026/10/01 10:56:18.205, 0, 1189 MHz, 3505 MHz, 91.55 W, 60, 0x0000000000000002
2026/10/01 10:56:18.210, 1, 1177 MHz, 3505 MHz, 86.79 W, 58, 0x0000000000000002
2026/10/01 10:56:18.314, 0, 1189 MHz, 3505 MHz, 90.50 W, 60, 0x0000000000000002
2026/10/01 10:56:18.318, 1, 1177 MHz, 3505 MHz, 85.83 W, 58, 0x0000000000000002
2026/10/01 10:56:18.422, 0, 1189 MHz, 3505 MHz, 90.21 W, 60, 0x0000000000000002
2026/10/01 10:56:18.427, 1, 1177 MHz, 3505 MHz, 85.36 W, 57, 0x0000000000000002
2026/10/01 10:56:18.531, 0, 1189 MHz, 3505 MHz, 90.01 W, 60, 0x0000000000000002
2026/10/01 10:56:18.535, 1, 1177 MHz, 3505 MHz, 85.26 W, 57, 0x0000000000000002
2026/10/01 10:56:18.640, 0, 1189 MHz, 3505 MHz, 89.92 W, 60, 0x0000000000000002
2026/10/01 10:56:18.644, 1, 1177 MHz, 3505 MHz, 85.17 W, 57, 0x0000000000000002
2026/10/01 10:56:18.748, 0, 1189 MHz, 3505 MHz, 89.73 W, 60, 0x0000000000000002
2026/10/01 10:56:18.753, 1, 1177 MHz, 3505 MHz, 84.97 W, 57, 0x0000000000000002
2026/10/01 10:56:18.857, 0, 1189 MHz, 3505 MHz, 89.73 W, 60, 0x0000000000000002
2026/10/01 10:56:18.861, 1, 1177 MHz, 3505 MHz, 84.87 W, 57, 0x0000000000000002
2026/10/01 10:56:18.965, 0, 1189 MHz, 3505 MHz, 89.73 W, 59, 0x0000000000000002
2026/10/01 10:56:18.970, 1, 1177 MHz, 3505 MHz, 84.87 W, 57, 0x0000000000000002
2026/10/01 10:56:19.074, 0, 1189 MHz, 3505 MHz, 89.73 W, 59, 0x0000000000000002
2026/10/01 10:56:19.078, 1, 1177 MHz, 3505 MHz, 84.87 W, 57, 0x0000000000000002
2026/10/01 10:56:19.183, 0, 1189 MHz, 3505 MHz, 89.73 W, 60, 0x0000000000000002
2026/10/01 10:56:19.187, 1, 1177 MHz, 3505 MHz, 84.78 W, 57, 0x0000000000000000
2026/10/01 10:56:19.290, 0, 1189 MHz, 3505 MHz, 89.63 W, 59, 0x0000000000000002
2026/10/01 10:56:19.294, 1, 1177 MHz, 3505 MHz, 84.78 W, 57, 0x0000000000000000
2026/10/01 10:56:19.397, 0, 1189 MHz, 3505 MHz, 89.63 W, 59, 0x0000000000000002
2026/10/01 10:56:19.401, 1, 1177 MHz, 3505 MHz, 84.78 W, 57, 0x0000000000000000
2026/10/01 10:56:19.504, 0, 1189 MHz, 3505 MHz, 89.63 W, 59, 0x0000000000000002
2026/10/01 10:56:19.509, 1, 1177 MHz, 3505 MHz, 84.68 W, 56, 0x0000000000000000
2026/10/01 10:56:19.612, 0, 1189 MHz, 3505 MHz, 89.63 W, 59, 0x0000000000000000
2026/10/01 10:56:19.615, 1, 1177 MHz, 3505 MHz, 84.68 W, 56, 0x0000000000000000
2026/10/01 10:56:19.718, 0, 1189 MHz, 3505 MHz, 89.53 W, 59, 0x0000000000000000
2026/10/01 10:56:19.721, 1, 1177 MHz, 3505 MHz, 84.68 W, 56, 0x0000000000000000
2026/10/01 10:56:19.824, 0, 1189 MHz, 3505 MHz, 89.63 W, 59, 0x0000000000000000
2026/10/01 10:56:19.827, 1, 1177 MHz, 3505 MHz, 84.58 W, 56, 0x0000000000000000
2026/10/01 10:56:19.930, 0, 1189 MHz, 3505 MHz, 89.63 W, 59, 0x0000000000000000
2026/10/01 10:56:19.933, 1, 1177 MHz, 3505 MHz, 84.58 W, 56, 0x0000000000000000
2026/10/01 10:56:20.036, 0, 1189 MHz, 3505 MHz, 89.63 W, 59, 0x0000000000000000
2026/10/01 10:56:20.039, 1, 1177 MHz, 3505 MHz, 84.58 W, 56, 0x0000000000000000
2026/10/01 10:56:20.142, 0, 1189 MHz, 3505 MHz, 89.53 W, 59, 0x0000000000000000
2026/10/01 10:56:20.145, 1, 1177 MHz, 3505 MHz, 84.58 W, 56, 0x0000000000000000
2026/10/01 10:56:20.248, 0, 1189 MHz, 3505 MHz, 89.63 W, 59, 0x0000000000000000
2026/10/01 10:56:20.251, 1, 1177 MHz, 3505 MHz, 84.58 W, 56, 0x0000000000000000
2026/10/01 10:56:20.354, 0, 1189 MHz, 3505 MHz, 89.63 W, 59, 0x0000000000000000
2026/10/01 10:56:20.357, 1, 1177 MHz, 3505 MHz, 84.48 W, 56, 0x0000000000000000
2026/10/01 10:56:20.460, 0, 1189 MHz, 3505 MHz, 89.53 W, 59, 0x0000000000000000
2026/10/01 10:56:20.463, 1, 1177 MHz, 3505 MHz, 84.48 W, 56, 0x0000000000000000
2026/10/01 10:56:20.566, 0, 1189 MHz, 3505 MHz, 89.53 W, 59, 0x0000000000000000
2026/10/01 10:56:20.569, 1, 1177 MHz, 3505 MHz, 84.48 W, 56, 0x0000000000000000
2026/10/01 10:56:20.672, 0, 1189 MHz, 3505 MHz, 89.53 W, 59, 0x0000000000000000
2026/10/01 10:56:20.675, 1, 1177 MHz, 3505 MHz, 84.48 W, 56, 0x0000000000000000
2026/10/01 10:56:20.778, 0, 1189 MHz, 3505 MHz, 89.53 W, 59, 0x0000000000000000
2026/10/01 10:56:20.781, 1, 1177 MHz, 3505 MHz, 84.48 W, 56, 0x0000000000000000
2026/10/01 10:56:20.884, 0, 1189 MHz, 3505 MHz, 89.53 W, 59, 0x0000000000000000
2026/10/01 10:56:20.887, 1, 1177 MHz, 3505 MHz, 84.58 W, 56, 0x0000000000000000
2026/10/01 10:56:20.991, 0, 1189 MHz, 3505 MHz, 89.53 W, 59, 0x0000000000000000
2026/10/01 10:56:20.994, 1, 1177 MHz, 3505 MHz, 84.48 W, 56, 0x0000000000000000
2026/10/01 10:56:21.097, 0, 1189 MHz, 3505 MHz, 89.43 W, 59, 0x0000000000000000
2026/10/01 10:56:21.100, 1, 1177 MHz, 3505 MHz, 84.58 W, 56, 0x0000000000000000
2026/10/01 10:56:21.203, 0, 1189 MHz, 3505 MHz, 89.53 W, 59, 0x0000000000000000
2026/10/01 10:56:21.206, 1, 1177 MHz, 3505 MHz, 84.46 W, 56, 0x0000000000000000
2026/10/01 10:56:21.309, 0, 1189 MHz, 3505 MHz, 89.53 W, 59, 0x0000000000000000
2026/10/01 10:56:21.313, 1, 1177 MHz, 3505 MHz, 84.56 W, 56, 0x0000000000000000
2026/10/01 10:56:21.417, 0, 1189 MHz, 3505 MHz, 89.53 W, 59, 0x0000000000000000
2026/10/01 10:56:21.543, 1, 1177 MHz, 3505 MHz, 84.46 W, 56, 0x0000000000000000
2026/10/01 10:56:21.648, 0, 1189 MHz, 3004 MHz, 88.46 W, 59, 0x0000000000000000
2026/10/01 10:56:21.653, 1, 1177 MHz, 3004 MHz, 83.04 W, 56, 0x0000000000000000
2026/10/01 10:56:21.757, 0, 1189 MHz, 3004 MHz, 86.44 W, 59, 0x0000000000000000
2026/10/01 10:56:21.762, 1, 1177 MHz, 3004 MHz, 81.30 W, 56, 0x0000000000000000
2026/10/01 10:56:21.867, 0, 1189 MHz, 3004 MHz, 85.79 W, 59, 0x0000000000000000
2026/10/01 10:56:21.871, 1, 1177 MHz, 3004 MHz, 80.65 W, 56, 0x0000000000000000
2026/10/01 10:56:21.975, 0, 1189 MHz, 3004 MHz, 85.49 W, 59, 0x0000000000000000
2026/10/01 10:56:21.979, 1, 1177 MHz, 3004 MHz, 80.36 W, 56, 0x0000000000000000
2026/10/01 10:56:22.083, 0, 1189 MHz, 3004 MHz, 85.39 W, 59, 0x0000000000000000
2026/10/01 10:56:22.088, 1, 1177 MHz, 3004 MHz, 80.46 W, 56, 0x0000000000000000
2026/10/01 10:56:22.192, 0, 1189 MHz, 3004 MHz, 85.39 W, 59, 0x0000000000000000
2026/10/01 10:56:22.196, 1, 1177 MHz, 3004 MHz, 80.36 W, 56, 0x0000000000000000
2026/10/01 10:56:22.300, 0, 1189 MHz, 3004 MHz, 85.39 W, 59, 0x0000000000000000
2026/10/01 10:56:22.305, 1, 1177 MHz, 3004 MHz, 80.46 W, 56, 0x0000000000000000
2026/10/01 10:56:22.409, 0, 1189 MHz, 3004 MHz, 85.30 W, 59, 0x0000000000000000
2026/10/01 10:56:22.413, 1, 1177 MHz, 3004 MHz, 80.36 W, 56, 0x0000000000000000
2026/10/01 10:56:22.517, 0, 1189 MHz, 3004 MHz, 85.39 W, 59, 0x0000000000000000
2026/10/01 10:56:22.521, 1, 1177 MHz, 3004 MHz, 80.36 W, 56, 0x0000000000000000
2026/10/01 10:56:22.626, 0, 1189 MHz, 3004 MHz, 85.30 W, 59, 0x0000000000000000
2026/10/01 10:56:22.630, 1, 1177 MHz, 3004 MHz, 80.36 W, 56, 0x0000000000000000
2026/10/01 10:56:22.734, 0, 1189 MHz, 3004 MHz, 85.39 W, 59, 0x0000000000000000
2026/10/01 10:56:22.738, 1, 1177 MHz, 3004 MHz, 80.36 W, 56, 0x0000000000000000
2026/10/01 10:56:22.843, 0, 1189 MHz, 3004 MHz, 85.39 W, 59, 0x0000000000000000
2026/10/01 10:56:22.847, 1, 1177 MHz, 3004 MHz, 80.33 W, 56, 0x0000000000000000
2026/10/01 10:56:22.952, 0, 1189 MHz, 3004 MHz, 85.69 W, 59, 0x0000000000000000
2026/10/01 10:56:22.957, 1, 1177 MHz, 3004 MHz, 80.72 W, 56, 0x0000000000000000
2026/10/01 10:56:23.061, 0, 1189 MHz, 3004 MHz, 146.00 W, 61, 0x0000000000000000
2026/10/01 10:56:23.066, 1, 1177 MHz, 3004 MHz, 142.19 W, 58, 0x0000000000000000
2026/10/01 10:56:23.170, 0, 1189 MHz, 3004 MHz, 216.63 W, 62, 0x0000000000000000
2026/10/01 10:56:23.174, 1, 1202 MHz, 3004 MHz, 211.27 W, 60, 0x0000000000000000
2026/10/01 10:56:23.278, 0, 1189 MHz, 3004 MHz, 246.35 W, 64, 0x0000000000000000
2026/10/01 10:56:23.282, 1, 1202 MHz, 3004 MHz, 243.62 W, 62, 0x0000000000000000
2026/10/01 10:56:23.387, 0, 1177 MHz, 3004 MHz, 252.01 W, 64, 0x0000000000000000
2026/10/01 10:56:23.391, 1, 1189 MHz, 3004 MHz, 249.67 W, 62, 0x0000000000000000
2026/10/01 10:56:23.495, 0, 1164 MHz, 3004 MHz, 249.30 W, 65, 0x0000000000000000
2026/10/01 10:56:23.500, 1, 1164 MHz, 3004 MHz, 245.87 W, 63, 0x0000000000000000
2026/10/01 10:56:23.605, 0, 1151 MHz, 3004 MHz, 245.35 W, 65, 0x0000000000000000
2026/10/01 10:56:23.609, 1, 1164 MHz, 3004 MHz, 241.28 W, 63, 0x0000000000000000
2026/10/01 10:56:23.713, 0, 1164 MHz, 3004 MHz, 245.16 W, 65, 0x0000000000000000
2026/10/01 10:56:23.717, 1, 1164 MHz, 3004 MHz, 240.18 W, 64, 0x0000000000000000
2026/10/01 10:56:23.822, 0, 1164 MHz, 3004 MHz, 247.93 W, 66, 0x0000000000000000
2026/10/01 10:56:23.826, 1, 1177 MHz, 3004 MHz, 244.42 W, 64, 0x0000000000000000
2026/10/01 10:56:23.930, 0, 1164 MHz, 3004 MHz, 246.58 W, 66, 0x0000000000000000
2026/10/01 10:56:23.936, 1, 1177 MHz, 3004 MHz, 245.74 W, 64, 0x0000000000000000
2026/10/01 10:56:24.040, 0, 1164 MHz, 3004 MHz, 248.26 W, 66, 0x0000000000000000
2026/10/01 10:56:24.044, 1, 1177 MHz, 3004 MHz, 247.37 W, 65, 0x0000000000000000
2026/10/01 10:56:24.148, 0, 1164 MHz, 3004 MHz, 248.18 W, 66, 0x0000000000000000
2026/10/01 10:56:24.152, 1, 1177 MHz, 3004 MHz, 246.16 W, 65, 0x0000000000000000
2026/10/01 10:56:24.257, 0, 1164 MHz, 3004 MHz, 248.12 W, 67, 0x0000000000000000
2026/10/01 10:56:24.261, 1, 1177 MHz, 3004 MHz, 246.45 W, 65, 0x0000000000000000
2026/10/01 10:56:24.365, 0, 1164 MHz, 3004 MHz, 248.01 W, 67, 0x0000000000000000
2026/10/01 10:56:24.369, 1, 1177 MHz, 3004 MHz, 246.60 W, 65, 0x0000000000000000
2026/10/01 10:56:24.473, 0, 1164 MHz, 3004 MHz, 247.93 W, 67, 0x0000000000000000
2026/10/01 10:56:24.477, 1, 1177 MHz, 3004 MHz, 246.52 W, 65, 0x0000000000000000
2026/10/01 10:56:24.582, 0, 1164 MHz, 3004 MHz, 181.32 W, 66, 0x0000000000000000
2026/10/01 10:56:24.586, 1, 1177 MHz, 3004 MHz, 175.33 W, 64, 0x0000000000000000
2026/10/01 10:56:24.690, 0, 1164 MHz, 3505 MHz, 117.18 W, 65, 0x0000000000000002
2026/10/01 10:56:24.702, 1, 1202 MHz, 3505 MHz, 117.82 W, 62, 0x0000000000000002
2026/10/01 10:56:24.806, 0, 1164 MHz, 3505 MHz, 98.07 W, 64, 0x0000000000000002
2026/10/01 10:56:24.811, 1, 1202 MHz, 3505 MHz, 100.74 W, 62, 0x0000000000000002
2026/10/01 10:56:24.915, 0, 1164 MHz, 3505 MHz, 91.24 W, 64, 0x0000000000000002
2026/10/01 10:56:24.919, 1, 1202 MHz, 3505 MHz, 94.55 W, 62, 0x0000000000000002
2026/10/01 10:56:25.023, 0, 1164 MHz, 3505 MHz, 88.62 W, 64, 0x0000000000000002
2026/10/01 10:56:25.028, 1, 1202 MHz, 3505 MHz, 92.29 W, 61, 0x0000000000000002
2026/10/01 10:56:25.132, 0, 1164 MHz, 3505 MHz, 87.88 W, 63, 0x0000000000000002
2026/10/01 10:56:25.136, 1, 1202 MHz, 3505 MHz, 91.22 W, 61, 0x0000000000000002
2026/10/01 10:56:25.241, 0, 1164 MHz, 3505 MHz, 87.40 W, 64, 0x0000000000000002
2026/10/01 10:56:25.245, 1, 1202 MHz, 3505 MHz, 90.94 W, 61, 0x0000000000000002
2026/10/01 10:56:25.349, 0, 1164 MHz, 3505 MHz, 87.22 W, 63, 0x0000000000000002
2026/10/01 10:56:25.353, 1, 1202 MHz, 3505 MHz, 90.74 W, 60, 0x0000000000000002
2026/10/01 10:56:25.458, 0, 1164 MHz, 3505 MHz, 87.12 W, 63, 0x0000000000000002
2026/10/01 10:56:25.462, 1, 1202 MHz, 3505 MHz, 90.55 W, 61, 0x0000000000000002
2026/10/01 10:56:25.566, 0, 1164 MHz, 3505 MHz, 87.03 W, 63, 0x0000000000000002
2026/10/01 10:56:25.570, 1, 1202 MHz, 3505 MHz, 90.45 W, 60, 0x0000000000000002
2026/10/01 10:56:25.675, 0, 1164 MHz, 3505 MHz, 86.93 W, 63, 0x0000000000000002
2026/10/01 10:56:25.679, 1, 1202 MHz, 3505 MHz, 90.36 W, 60, 0x0000000000000002
2026/10/01 10:56:25.783, 0, 1164 MHz, 3505 MHz, 86.83 W, 63, 0x0000000000000002
2026/10/01 10:56:25.787, 1, 1202 MHz, 3505 MHz, 90.36 W, 60, 0x0000000000000002
2026/10/01 10:56:25.892, 0, 1164 MHz, 3505 MHz, 86.85 W, 62, 0x0000000000000002
2026/10/01 10:56:25.896, 1, 1202 MHz, 3505 MHz, 90.27 W, 60, 0x0000000000000002
2026/10/01 10:56:26.000, 0, 1164 MHz, 3505 MHz, 86.85 W, 62, 0x0000000000000002
2026/10/01 10:56:26.004, 1, 1202 MHz, 3505 MHz, 90.27 W, 60, 0x0000000000000002
2026/10/01 10:56:26.109, 0, 1164 MHz, 3505 MHz, 86.75 W, 63, 0x0000000000000002
2026/10/01 10:56:26.113, 1, 1202 MHz, 3505 MHz, 90.20 W, 60, 0x0000000000000002
2026/10/01 10:56:26.217, 0, 1164 MHz, 3505 MHz, 86.75 W, 62, 0x0000000000000002
2026/10/01 10:56:26.221, 1, 1202 MHz, 3505 MHz, 90.10 W, 60, 0x0000000000000000
2026/10/01 10:56:26.324, 0, 1164 MHz, 3505 MHz, 86.75 W, 63, 0x0000000000000002
2026/10/01 10:56:26.328, 1, 1202 MHz, 3505 MHz, 90.18 W, 60, 0x0000000000000000
2026/10/01 10:56:26.431, 0, 1164 MHz, 3505 MHz, 86.75 W, 62, 0x0000000000000002
2026/10/01 10:56:26.436, 1, 1202 MHz, 3505 MHz, 89.99 W, 60, 0x0000000000000000
2026/10/01 10:56:26.539, 0, 1164 MHz, 3505 MHz, 86.63 W, 62, 0x0000000000000000
2026/10/01 10:56:26.543, 1, 1202 MHz, 3505 MHz, 89.99 W, 59, 0x0000000000000000
2026/10/01 10:56:26.646, 0, 1164 MHz, 3505 MHz, 86.75 W, 62, 0x0000000000000000
2026/10/01 10:56:26.649, 1, 1202 MHz, 3505 MHz, 89.90 W, 60, 0x0000000000000000
2026/10/01 10:56:26.752, 0, 1164 MHz, 3505 MHz, 86.66 W, 62, 0x0000000000000000
2026/10/01 10:56:26.755, 1, 1202 MHz, 3505 MHz, 90.00 W, 59, 0x0000000000000000
2026/10/01 10:56:26.858, 0, 1164 MHz, 3505 MHz, 86.66 W, 62, 0x0000000000000000
2026/10/01 10:56:26.861, 1, 1202 MHz, 3505 MHz, 89.91 W, 60, 0x0000000000000000
2026/10/01 10:56:26.964, 0, 1164 MHz, 3505 MHz, 86.56 W, 62, 0x0000000000000000
2026/10/01 10:56:26.967, 1, 1202 MHz, 3505 MHz, 89.90 W, 59, 0x0000000000000000
2026/10/01 10:56:27.070, 0, 1164 MHz, 3505 MHz, 86.56 W, 62, 0x0000000000000000
2026/10/01 10:56:27.073, 1, 1202 MHz, 3505 MHz, 89.91 W, 60, 0x0000000000000000
2026/10/01 10:56:27.176, 0, 1164 MHz, 3505 MHz, 86.56 W, 62, 0x0000000000000000
2026/10/01 10:56:27.179, 1, 1202 MHz, 3505 MHz, 89.91 W, 59, 0x0000000000000000
2026/10/01 10:56:27.282, 0, 1164 MHz, 3505 MHz, 86.56 W, 62, 0x0000000000000000
2026/10/01 10:56:27.285, 1, 1202 MHz, 3505 MHz, 89.90 W, 59, 0x0000000000000000
2026/10/01 10:56:27.389, 0, 1164 MHz, 3505 MHz, 86.56 W, 62, 0x0000000000000000
2026/10/01 10:56:27.392, 1, 1202 MHz, 3505 MHz, 89.80 W, 59, 0x0000000000000000
2026/10/01 10:56:27.495, 0, 1164 MHz, 3505 MHz, 86.56 W, 62, 0x0000000000000000
2026/10/01 10:56:27.498, 1, 1202 MHz, 3505 MHz, 89.91 W, 59, 0x0000000000000000
2026/10/01 10:56:27.601, 0, 1164 MHz, 3505 MHz, 86.56 W, 62, 0x0000000000000000
2026/10/01 10:56:27.604, 1, 1202 MHz, 3505 MHz, 89.91 W, 59, 0x0000000000000000
2026/10/01 10:56:27.707, 0, 1164 MHz, 3505 MHz, 86.46 W, 62, 0x0000000000000000
2026/10/01 10:56:27.710, 1, 1202 MHz, 3505 MHz, 89.81 W, 59, 0x0000000000000000
2026/10/01 10:56:27.813, 0, 1164 MHz, 3505 MHz, 86.43 W, 62, 0x0000000000000000
2026/10/01 10:56:27.816, 1, 1202 MHz, 3505 MHz, 89.81 W, 59, 0x0000000000000000
2026/10/01 10:56:27.919, 0, 1164 MHz, 3505 MHz, 86.43 W, 62, 0x0000000000000000
2026/10/01 10:56:27.922, 1, 1202 MHz, 3505 MHz, 89.80 W, 59, 0x0000000000000000
2026/10/01 10:56:28.025, 0, 1164 MHz, 3505 MHz, 86.43 W, 62, 0x0000000000000000
2026/10/01 10:56:28.028, 1, 1202 MHz, 3505 MHz, 89.68 W, 59, 0x0000000000000000
2026/10/01 10:56:28.132, 0, 1164 MHz, 3505 MHz, 86.53 W, 62, 0x0000000000000000
2026/10/01 10:56:28.137, 1, 1202 MHz, 3505 MHz, 89.78 W, 59, 0x0000000000000000
2026/10/01 10:56:28.245, 0, 1164 MHz, 3505 MHz, 86.53 W, 62, 0x0000000000000000
2026/10/01 10:56:28.351, 1, 1202 MHz, 3505 MHz, 89.68 W, 59, 0x0000000000000000
2026/10/01 10:56:28.456, 0, 1164 MHz, 3004 MHz, 85.29 W, 62, 0x0000000000000000
2026/10/01 10:56:28.461, 1, 1202 MHz, 3004 MHz, 88.26 W, 59, 0x0000000000000000
2026/10/01 10:56:28.565, 0, 1164 MHz, 3004 MHz, 83.49 W, 62, 0x0000000000000000
2026/10/01 10:56:28.570, 1, 1202 MHz, 3004 MHz, 86.52 W, 59, 0x0000000000000000
2026/10/01 10:56:28.674, 0, 1164 MHz, 3004 MHz, 82.81 W, 62, 0x0000000000000000
2026/10/01 10:56:28.679, 1, 1202 MHz, 3004 MHz, 85.94 W, 59, 0x0000000000000000
2026/10/01 10:56:28.783, 0, 1164 MHz, 3004 MHz, 82.51 W, 62, 0x0000000000000000
2026/10/01 10:56:28.788, 1, 1202 MHz, 3004 MHz, 85.65 W, 59, 0x0000000000000000
2026/10/01 10:56:28.893, 0, 1164 MHz, 3004 MHz, 82.20 W, 62, 0x0000000000000000
2026/10/01 10:56:28.898, 1, 1202 MHz, 3004 MHz, 85.65 W, 59, 0x0000000000000000
2026/10/01 10:56:29.002, 0, 1164 MHz, 3004 MHz, 82.32 W, 62, 0x0000000000000000
2026/10/01 10:56:29.007, 1, 1202 MHz, 3004 MHz, 85.65 W, 59, 0x0000000000000000
2026/10/01 10:56:29.112, 0, 1164 MHz, 3004 MHz, 82.32 W, 61, 0x0000000000000000
2026/10/01 10:56:29.116, 1, 1202 MHz, 3004 MHz, 85.56 W, 59, 0x0000000000000000
2026/10/01 10:56:29.220, 0, 1164 MHz, 3004 MHz, 82.32 W, 61, 0x0000000000000000
2026/10/01 10:56:29.224, 1, 1202 MHz, 3004 MHz, 85.56 W, 59, 0x0000000000000000
2026/10/01 10:56:29.328, 0, 1164 MHz, 3004 MHz, 82.22 W, 62, 0x0000000000000000
2026/10/01 10:56:29.332, 1, 1202 MHz, 3004 MHz, 85.56 W, 59, 0x0000000000000000
2026/10/01 10:56:29.437, 0, 1164 MHz, 3004 MHz, 82.32 W, 61, 0x0000000000000000
2026/10/01 10:56:29.441, 1, 1202 MHz, 3004 MHz, 85.56 W, 59, 0x0000000000000000
2026/10/01 10:56:29.546, 0, 1164 MHz, 3004 MHz, 82.32 W, 62, 0x0000000000000000
2026/10/01 10:56:29.550, 1, 1202 MHz, 3004 MHz, 85.56 W, 59, 0x0000000000000000
2026/10/01 10:56:29.654, 0, 1164 MHz, 3004 MHz, 82.22 W, 61, 0x0000000000000000
2026/10/01 10:56:29.658, 1, 1202 MHz, 3004 MHz, 85.57 W, 59, 0x0000000000000000
2026/10/01 10:56:29.762, 0, 1164 MHz, 3004 MHz, 82.22 W, 61, 0x0000000000000000
2026/10/01 10:56:29.767, 1, 1202 MHz, 3004 MHz, 85.46 W, 59, 0x0000000000000000
2026/10/01 10:56:29.871, 0, 1164 MHz, 3004 MHz, 82.22 W, 62, 0x0000000000000000
2026/10/01 10:56:29.875, 1, 1202 MHz, 3004 MHz, 85.47 W, 59, 0x0000000000000000
2026/10/01 10:56:29.979, 0, 1164 MHz, 3004 MHz, 82.32 W, 61, 0x0000000000000000
2026/10/01 10:56:29.983, 1, 1202 MHz, 3004 MHz, 85.47 W, 59, 0x0000000000000000
2026/10/01 10:56:30.088, 0, 1164 MHz, 3004 MHz, 82.22 W, 61, 0x0000000000000000
2026/10/01 10:56:30.092, 1, 1202 MHz, 3004 MHz, 85.57 W, 59, 0x0000000000000000
2026/10/01 10:56:30.196, 0, 1164 MHz, 3004 MHz, 82.22 W, 62, 0x0000000000000000
2026/10/01 10:56:30.201, 1, 1202 MHz, 3004 MHz, 85.46 W, 59, 0x0000000000000000
2026/10/01 10:56:30.305, 0, 1164 MHz, 3004 MHz, 82.22 W, 62, 0x0000000000000000
2026/10/01 10:56:30.309, 1, 1202 MHz, 3004 MHz, 85.46 W, 59, 0x0000000000000000
2026/10/01 10:56:30.413, 0, 1164 MHz, 3004 MHz, 82.22 W, 61, 0x0000000000000000
2026/10/01 10:56:30.417, 1, 1202 MHz, 3004 MHz, 85.47 W, 59, 0x0000000000000000
2026/10/01 10:56:30.521, 0, 1164 MHz, 3004 MHz, 82.22 W, 62, 0x0000000000000000
2026/10/01 10:56:30.526, 1, 1202 MHz, 3004 MHz, 85.56 W, 59, 0x0000000000000000
2026/10/01 10:56:30.630, 0, 1164 MHz, 3004 MHz, 82.22 W, 62, 0x0000000000000000
2026/10/01 10:56:30.634, 1, 1202 MHz, 3004 MHz, 85.56 W, 59, 0x0000000000000000
2026/10/01 10:56:30.738, 0, 1164 MHz, 3004 MHz, 82.32 W, 62, 0x0000000000000000
2026/10/01 10:56:30.743, 1, 1202 MHz, 3004 MHz, 85.56 W, 59, 0x0000000000000000
2026/10/01 10:56:30.847, 0, 1164 MHz, 3004 MHz, 82.22 W, 62, 0x0000000000000000
2026/10/01 10:56:30.851, 1, 1202 MHz, 3004 MHz, 85.56 W, 59, 0x0000000000000000
2026/10/01 10:56:30.955, 0, 1164 MHz, 3004 MHz, 82.23 W, 62, 0x0000000000000000
2026/10/01 10:56:30.959, 1, 1202 MHz, 3004 MHz, 85.56 W, 59, 0x0000000000000000
2026/10/01 10:56:31.063, 0, 1164 MHz, 3004 MHz, 82.23 W, 61, 0x0000000000000000
2026/10/01 10:56:31.068, 1, 1202 MHz, 3004 MHz, 85.47 W, 59, 0x0000000000000000
2026/10/01 10:56:31.172, 0, 1164 MHz, 3004 MHz, 82.22 W, 62, 0x0000000000000000
2026/10/01 10:56:31.176, 1, 1202 MHz, 3004 MHz, 85.47 W, 59, 0x0000000000000000
2026/10/01 10:56:31.280, 0, 1164 MHz, 3004 MHz, 82.22 W, 62, 0x0000000000000000
2026/10/01 10:56:31.284, 1, 1202 MHz, 3004 MHz, 85.57 W, 59, 0x0000000000000000
2026/10/01 10:56:31.388, 0, 1164 MHz, 3004 MHz, 82.32 W, 62, 0x0000000000000000
2026/10/01 10:56:31.393, 1, 1202 MHz, 3004 MHz, 85.47 W, 59, 0x0000000000000000
2026/10/01 10:56:31.497, 0, 1164 MHz, 3004 MHz, 82.32 W, 62, 0x0000000000000000
2026/10/01 10:56:31.501, 1, 1202 MHz, 3004 MHz, 85.57 W, 59, 0x0000000000000000
2026/10/01 10:56:31.605, 0, 1164 MHz, 3004 MHz, 82.22 W, 62, 0x0000000000000000
2026/10/01 10:56:31.609, 1, 1202 MHz, 3004 MHz, 85.46 W, 59, 0x0000000000000000
2026/10/01 10:56:31.713, 0, 1164 MHz, 3004 MHz, 82.22 W, 62, 0x0000000000000000
2026/10/01 10:56:31.718, 1, 1202 MHz, 3004 MHz, 85.47 W, 59, 0x0000000000000000
2026/10/01 10:56:31.822, 0, 1164 MHz, 3004 MHz, 82.32 W, 61, 0x0000000000000000
2026/10/01 10:56:31.826, 1, 1202 MHz, 3004 MHz, 85.46 W, 59, 0x0000000000000000
2026/10/01 10:56:31.930, 0, 1164 MHz, 3004 MHz, 82.22 W, 62, 0x0000000000000000
2026/10/01 10:56:31.935, 1, 1202 MHz, 3004 MHz, 85.36 W, 59, 0x0000000000000000
2026/10/01 10:56:32.039, 0, 1164 MHz, 3004 MHz, 82.32 W, 61, 0x0000000000000000
2026/10/01 10:56:32.043, 1, 1202 MHz, 3004 MHz, 85.45 W, 59, 0x0000000000000000
2026/10/01 10:56:32.147, 0, 1164 MHz, 3004 MHz, 82.32 W, 61, 0x0000000000000000
2026/10/01 10:56:32.151, 1, 1202 MHz, 3004 MHz, 85.56 W, 59, 0x0000000000000000
2026/10/01 10:56:32.256, 0, 1164 MHz, 3004 MHz, 82.32 W, 62, 0x0000000000000000
2026/10/01 10:56:32.260, 1, 1202 MHz, 3004 MHz, 85.56 W, 59, 0x0000000000000000
2026/10/01 10:56:32.364, 0, 1164 MHz, 3004 MHz, 82.22 W, 62, 0x0000000000000000
2026/10/01 10:56:32.368, 1, 1202 MHz, 3004 MHz, 85.46 W, 59, 0x0000000000000000
2026/10/01 10:56:32.473, 0, 1164 MHz, 3004 MHz, 82.22 W, 62, 0x0000000000000000
2026/10/01 10:56:32.477, 1, 1202 MHz, 3004 MHz, 85.46 W, 59, 0x0000000000000000
2026/10/01 10:56:32.581, 0, 1164 MHz, 3004 MHz, 82.32 W, 62, 0x0000000000000000
2026/10/01 10:56:32.585, 1, 1202 MHz, 3004 MHz, 85.46 W, 59, 0x0000000000000000
2026/10/01 10:56:32.689, 0, 1164 MHz, 3004 MHz, 82.22 W, 62, 0x0000000000000000
2026/10/01 10:56:32.693, 1, 1202 MHz, 3004 MHz, 85.46 W, 59, 0x0000000000000000
2026/10/01 10:56:32.798, 0, 1164 MHz, 3004 MHz, 82.32 W, 62, 0x0000000000000000
2026/10/01 10:56:32.802, 1, 1202 MHz, 3004 MHz, 85.56 W, 59, 0x0000000000000000
2026/10/01 10:56:32.906, 0, 1164 MHz, 3004 MHz, 82.22 W, 62, 0x0000000000000000
2026/10/01 10:56:32.911, 1, 1202 MHz, 3004 MHz, 85.56 W, 59, 0x0000000000000000
2026/10/01 10:56:33.016, 0, 1164 MHz, 3004 MHz, 82.22 W, 62, 0x0000000000000000
2026/10/01 10:56:33.020, 1, 1202 MHz, 3004 MHz, 85.56 W, 59, 0x0000000000000000
2026/10/01 10:56:33.125, 0, 1164 MHz, 3004 MHz, 82.23 W, 62, 0x0000000000000000
2026/10/01 10:56:33.129, 1, 1202 MHz, 3004 MHz, 85.56 W, 59, 0x0000000000000000
2026/10/01 10:56:33.233, 0, 1164 MHz, 3004 MHz, 82.33 W, 61, 0x0000000000000000
2026/10/01 10:56:33.238, 1, 1202 MHz, 3004 MHz, 85.56 W, 59, 0x0000000000000000
2026/10/01 10:56:33.343, 0, 1164 MHz, 3004 MHz, 82.33 W, 61, 0x0000000000000000
2026/10/01 10:56:33.348, 1, 1202 MHz, 3004 MHz, 85.46 W, 59, 0x0000000000000000
2026/10/01 10:56:33.452, 0, 1164 MHz, 3004 MHz, 82.59 W, 62, 0x0000000000000000
2026/10/01 10:56:33.457, 1, 1202 MHz, 3004 MHz, 85.93 W, 59, 0x0000000000000000
2026/10/01 10:56:33.561, 0, 1164 MHz, 3004 MHz, 82.86 W, 62, 0x0000000000000000
2026/10/01 10:56:33.566, 1, 1202 MHz, 3004 MHz, 86.03 W, 59, 0x0000000000000000
2026/10/01 10:56:33.670, 0, 1164 MHz, 3004 MHz, 82.95 W, 62, 0x0000000000000000
2026/10/01 10:56:33.678, 1, 1202 MHz, 3004 MHz, 86.22 W, 59, 0x0000000000000000
2026/10/01 10:56:33.782, 0, 1189 MHz, 3004 MHz, 85.28 W, 62, 0x0000000000000000
2026/10/01 10:56:33.787, 1, 1202 MHz, 3004 MHz, 85.93 W, 59, 0x0000000000000000
2026/10/01 10:56:33.891, 0, 1189 MHz, 3004 MHz, 85.86 W, 62, 0x0000000000000000
2026/10/01 10:56:33.896, 1, 1202 MHz, 3004 MHz, 85.74 W, 59, 0x0000000000000000
2026/10/01 10:56:34.001, 0, 1189 MHz, 3004 MHz, 86.15 W, 62, 0x0000000000000000
2026/10/01 10:56:34.006, 1, 1202 MHz, 3004 MHz, 85.65 W, 59, 0x0000000000000000
2026/10/01 10:56:34.110, 0, 1189 MHz, 3004 MHz, 180.45 W, 64, 0x0000000000000000
2026/10/01 10:56:34.115, 1, 1202 MHz, 3004 MHz, 187.22 W, 62, 0x0000000000000000
2026/10/01 10:56:34.219, 0, 1189 MHz, 3004 MHz, 254.11 W, 66, 0x0000000000000000
2026/10/01 10:56:34.223, 1, 1189 MHz, 3004 MHz, 253.26 W, 64, 0x0000000000000000
2026/10/01 10:56:34.328, 0, 1164 MHz, 3004 MHz, 268.30 W, 67, 0x0000000000000000
2026/10/01 10:56:34.332, 1, 1151 MHz, 3004 MHz, 264.51 W, 65, 0x0000000000000000
2026/10/01 10:56:34.438, 0, 1088 MHz, 3004 MHz, 258.90 W, 67, 0x0000000000000000
2026/10/01 10:56:34.442, 1, 1113 MHz, 3004 MHz, 258.06 W, 65, 0x0000000000000000
2026/10/01 10:56:34.547, 0, 1088 MHz, 3004 MHz, 247.35 W, 68, 0x0000000000000000
2026/10/01 10:56:34.551, 1, 1113 MHz, 3004 MHz, 247.87 W, 65, 0x0000000000000000
2026/10/01 10:56:34.655, 0, 1088 MHz, 3004 MHz, 244.06 W, 68, 0x0000000000000000
2026/10/01 10:56:34.659, 1, 1113 MHz, 3004 MHz, 247.00 W, 66, 0x0000000000000000
2026/10/01 10:56:34.763, 0, 1101 MHz, 3004 MHz, 244.38 W, 68, 0x0000000000000000
2026/10/01 10:56:34.767, 1, 1113 MHz, 3004 MHz, 241.67 W, 66, 0x0000000000000000
2026/10/01 10:56:34.872, 0, 1101 MHz, 3004 MHz, 245.16 W, 68, 0x0000000000000000
2026/10/01 10:56:34.876, 1, 1126 MHz, 3004 MHz, 248.18 W, 66, 0x0000000000000000
2026/10/01 10:56:34.980, 0, 1101 MHz, 3004 MHz, 245.15 W, 68, 0x0000000000000000
2026/10/01 10:56:34.984, 1, 1113 MHz, 3004 MHz, 245.40 W, 66, 0x0000000000000000
2026/10/01 10:56:35.088, 0, 1101 MHz, 3004 MHz, 245.05 W, 69, 0x0000000000000000
2026/10/01 10:56:35.093, 1, 1113 MHz, 3004 MHz, 247.85 W, 67, 0x0000000000000000
2026/10/01 10:56:35.197, 0, 1101 MHz, 3004 MHz, 244.51 W, 69, 0x0000000000000000
2026/10/01 10:56:35.202, 1, 1113 MHz, 3004 MHz, 244.94 W, 67, 0x0000000000000000
2026/10/01 10:56:35.306, 0, 1101 MHz, 3004 MHz, 244.50 W, 69, 0x0000000000000000
2026/10/01 10:56:35.310, 1, 1113 MHz, 3004 MHz, 247.29 W, 67, 0x0000000000000000
2026/10/01 10:56:35.414, 0, 1101 MHz, 3004 MHz, 244.78 W, 69, 0x0000000000000000
2026/10/01 10:56:35.418, 1, 1113 MHz, 3004 MHz, 244.23 W, 67, 0x0000000000000000
2026/10/01 10:56:35.522, 0, 1101 MHz, 3004 MHz, 244.88 W, 70, 0x0000000000000000
2026/10/01 10:56:35.527, 1, 1113 MHz, 3004 MHz, 246.88 W, 68, 0x0000000000000000
2026/10/01 10:56:35.631, 0, 1101 MHz, 3004 MHz, 244.30 W, 69, 0x0000000000000000
2026/10/01 10:56:35.635, 1, 1113 MHz, 3004 MHz, 243.83 W, 68, 0x0000000000000000
2026/10/01 10:56:35.739, 0, 1101 MHz, 3004 MHz, 244.21 W, 70, 0x0000000000000000
2026/10/01 10:56:35.744, 1, 1126 MHz, 3004 MHz, 251.54 W, 68, 0x0000000000000000
2026/10/01 10:56:35.848, 0, 1101 MHz, 3004 MHz, 244.31 W, 70, 0x0000000000000000
2026/10/01 10:56:35.852, 1, 1139 MHz, 3004 MHz, 249.54 W, 68, 0x0000000000000000
2026/10/01 10:56:35.956, 0, 1101 MHz, 3004 MHz, 244.20 W, 70, 0x0000000000000000
2026/10/01 10:56:35.960, 1, 1126 MHz, 3004 MHz, 254.12 W, 69, 0x0000000000000000
2026/10/01 10:56:36.064, 0, 1101 MHz, 3004 MHz, 243.71 W, 70, 0x0000000000000000
2026/10/01 10:56:36.069, 1, 1113 MHz, 3004 MHz, 246.80 W, 68, 0x0000000000000000
2026/10/01 10:56:36.173, 0, 1101 MHz, 3004 MHz, 244.01 W, 70, 0x0000000000000000
2026/10/01 10:56:36.177, 1, 1113 MHz, 3004 MHz, 248.01 W, 69, 0x0000000000000000
2026/10/01 10:56:36.281, 0, 1101 MHz, 3004 MHz, 243.56 W, 70, 0x0000000000000000
2026/10/01 10:56:36.285, 1, 1113 MHz, 3004 MHz, 243.95 W, 69, 0x0000000000000000
2026/10/01 10:56:36.389, 0, 1101 MHz, 3004 MHz, 245.47 W, 70, 0x0000000000000000
2026/10/01 10:56:36.393, 1, 1113 MHz, 3004 MHz, 247.08 W, 69, 0x0000000000000000
2026/10/01 10:56:36.498, 0, 1101 MHz, 3004 MHz, 246.63 W, 70, 0x0000000000000000
2026/10/01 10:56:36.502, 1, 1113 MHz, 3004 MHz, 244.15 W, 69, 0x0000000000000000
2026/10/01 10:56:36.606, 0, 1101 MHz, 3004 MHz, 246.63 W, 71, 0x0000000000000000
2026/10/01 10:56:36.610, 1, 1113 MHz, 3004 MHz, 246.35 W, 69, 0x0000000000000000
2026/10/01 10:56:36.714, 0, 1101 MHz, 3004 MHz, 246.01 W, 71, 0x0000000000000000
2026/10/01 10:56:36.718, 1, 1113 MHz, 3004 MHz, 244.34 W, 69, 0x0000000000000000
2026/10/01 10:56:36.823, 0, 1101 MHz, 3004 MHz, 245.72 W, 71, 0x0000000000000000
2026/10/01 10:56:36.827, 1, 1113 MHz, 3004 MHz, 246.06 W, 70, 0x0000000000000000
2026/10/01 10:56:36.931, 0, 1101 MHz, 3004 MHz, 245.92 W, 71, 0x0000000000000000
2026/10/01 10:56:36.935, 1, 1113 MHz, 3004 MHz, 244.43 W, 69, 0x0000000000000000
2026/10/01 10:56:37.040, 0, 1101 MHz, 3004 MHz, 245.91 W, 71, 0x0000000000000000
2026/10/01 10:56:37.044, 1, 1126 MHz, 3004 MHz, 251.35 W, 70, 0x0000000000000000
2026/10/01 10:56:37.148, 0, 1101 MHz, 3004 MHz, 245.66 W, 71, 0x0000000000000000
2026/10/01 10:56:37.152, 1, 1113 MHz, 3004 MHz, 246.79 W, 70, 0x0000000000000000
2026/10/01 10:56:37.256, 0, 1101 MHz, 3004 MHz, 245.39 W, 71, 0x0000000000000000
2026/10/01 10:56:37.260, 1, 1113 MHz, 3004 MHz, 248.57 W, 70, 0x0000000000000000
2026/10/01 10:56:37.365, 0, 1101 MHz, 3004 MHz, 245.28 W, 71, 0x0000000000000000
2026/10/01 10:56:37.369, 1, 1113 MHz, 3004 MHz, 244.42 W, 70, 0x0000000000000000
2026/10/01 10:56:37.473, 0, 1101 MHz, 3004 MHz, 245.42 W, 71, 0x0000000000000000
2026/10/01 10:56:37.477, 1, 1113 MHz, 3004 MHz, 247.80 W, 70, 0x0000000000000000
2026/10/01 10:56:37.581, 0, 1101 MHz, 3004 MHz, 245.51 W, 72, 0x0000000000000000
2026/10/01 10:56:37.585, 1, 1113 MHz, 3004 MHz, 244.72 W, 70, 0x0000000000000000
2026/10/01 10:56:37.690, 0, 1101 MHz, 3004 MHz, 245.71 W, 71, 0x0000000000000000
2026/10/01 10:56:37.694, 1, 1113 MHz, 3004 MHz, 248.03 W, 70, 0x0000000000000000
2026/10/01 10:56:37.798, 0, 1101 MHz, 3004 MHz, 244.91 W, 72, 0x0000000000000000
2026/10/01 10:56:37.802, 1, 1113 MHz, 3004 MHz, 243.76 W, 70, 0x0000000000000000
2026/10/01 10:56:37.907, 0, 1101 MHz, 3004 MHz, 245.48 W, 72, 0x0000000000000000
2026/10/01 10:56:37.911, 1, 1113 MHz, 3004 MHz, 250.87 W, 71, 0x0000000000000000
2026/10/01 10:56:38.015, 0, 1101 MHz, 3004 MHz, 245.00 W, 72, 0x0000000000000000
2026/10/01 10:56:38.019, 1, 1113 MHz, 3004 MHz, 243.01 W, 70, 0x0000000000000000
2026/10/01 10:56:38.123, 0, 1101 MHz, 3004 MHz, 244.91 W, 72, 0x0000000000000000
2026/10/01 10:56:38.128, 1, 1113 MHz, 3004 MHz, 247.16 W, 71, 0x0000000000000000
2026/10/01 10:56:38.232, 0, 1101 MHz, 3004 MHz, 246.23 W, 72, 0x0000000000000000
2026/10/01 10:56:38.236, 1, 1113 MHz, 3004 MHz, 241.66 W, 71, 0x0000000000000000
2026/10/01 10:56:38.340, 0, 1101 MHz, 3004 MHz, 247.35 W, 72, 0x0000000000000000
2026/10/01 10:56:38.345, 1, 1113 MHz, 3004 MHz, 246.16 W, 71, 0x0000000000000000
2026/10/01 10:56:38.449, 0, 1101 MHz, 3004 MHz, 246.90 W, 72, 0x0000000000000000
2026/10/01 10:56:38.453, 1, 1113 MHz, 3004 MHz, 242.52 W, 71, 0x0000000000000000
2026/10/01 10:56:38.557, 0, 1101 MHz, 3004 MHz, 246.63 W, 72, 0x0000000000000000
2026/10/01 10:56:38.561, 1, 1113 MHz, 3004 MHz, 246.12 W, 71, 0x0000000000000000
2026/10/01 10:56:38.665, 0, 1101 MHz, 3004 MHz, 246.42 W, 72, 0x0000000000000000
2026/10/01 10:56:38.669, 1, 1113 MHz, 3004 MHz, 245.15 W, 71, 0x0000000000000000
2026/10/01 10:56:38.774, 0, 1101 MHz, 3004 MHz, 246.96 W, 72, 0x0000000000000000
2026/10/01 10:56:38.778, 1, 1113 MHz, 3004 MHz, 249.24 W, 71, 0x0000000000000000
2026/10/01 10:56:38.882, 0, 1101 MHz, 3004 MHz, 222.56 W, 73, 0x0000000000000000
2026/10/01 10:56:38.887, 1, 1113 MHz, 3004 MHz, 213.28 W, 71, 0x0000000000000000
2026/10/01 10:56:38.992, 0, 1101 MHz, 3004 MHz, 122.59 W, 70, 0x0000000000000000
2026/10/01 10:56:39.019, 1, 1189 MHz, 3505 MHz, 121.20 W, 68, 0x0000000000000002
2026/10/01 10:56:39.127, 0, 1177 MHz, 3505 MHz, 101.42 W, 70, 0x0000000000000002
2026/10/01 10:56:39.132, 1, 1189 MHz, 3505 MHz, 101.73 W, 68, 0x0000000000000002
2026/10/01 10:56:39.236, 0, 1177 MHz, 3505 MHz, 95.11 W, 69, 0x0000000000000002
2026/10/01 10:56:39.240, 1, 1189 MHz, 3505 MHz, 95.13 W, 67, 0x0000000000000002
2026/10/01 10:56:39.345, 0, 1177 MHz, 3505 MHz, 92.77 W, 69, 0x0000000000000002
2026/10/01 10:56:39.349, 1, 1189 MHz, 3505 MHz, 92.52 W, 68, 0x0000000000000002
2026/10/01 10:56:39.454, 0, 1177 MHz, 3505 MHz, 91.82 W, 69, 0x0000000000000002
2026/10/01 10:56:39.458, 1, 1189 MHz, 3505 MHz, 91.54 W, 67, 0x0000000000000002
2026/10/01 10:56:39.562, 0, 1177 MHz, 3505 MHz, 91.53 W, 69, 0x0000000000000002
2026/10/01 10:56:39.566, 1, 1189 MHz, 3505 MHz, 91.19 W, 67, 0x0000000000000002
2026/10/01 10:56:39.671, 0, 1177 MHz, 3505 MHz, 91.33 W, 69, 0x0000000000000002
2026/10/01 10:56:39.675, 1, 1189 MHz, 3505 MHz, 91.12 W, 67, 0x0000000000000002
2026/10/01 10:56:39.779, 0, 1177 MHz, 3505 MHz, 91.24 W, 69, 0x0000000000000002
2026/10/01 10:56:39.783, 1, 1189 MHz, 3505 MHz, 91.03 W, 67, 0x0000000000000002
2026/10/01 10:56:39.888, 0, 1177 MHz, 3505 MHz, 91.24 W, 69, 0x0000000000000002
2026/10/01 10:56:39.892, 1, 1189 MHz, 3505 MHz, 90.85 W, 66, 0x0000000000000002
2026/10/01 10:56:39.996, 0, 1177 MHz, 3505 MHz, 91.08 W, 69, 0x0000000000000002
2026/10/01 10:56:40.000, 1, 1189 MHz, 3505 MHz, 90.95 W, 66, 0x0000000000000002
2026/10/01 10:56:40.105, 0, 1177 MHz, 3505 MHz, 91.06 W, 69, 0x0000000000000002
2026/10/01 10:56:40.109, 1, 1189 MHz, 3505 MHz, 90.75 W, 66, 0x0000000000000002
2026/10/01 10:56:40.213, 0, 1177 MHz, 3505 MHz, 91.06 W, 69, 0x0000000000000002
2026/10/01 10:56:40.217, 1, 1189 MHz, 3505 MHz, 90.75 W, 66, 0x0000000000000002
2026/10/01 10:56:40.322, 0, 1177 MHz, 3505 MHz, 91.07 W, 69, 0x0000000000000002
2026/10/01 10:56:40.326, 1, 1189 MHz, 3505 MHz, 90.64 W, 66, 0x0000000000000000
2026/10/01 10:56:40.429, 0, 1177 MHz, 3505 MHz, 90.96 W, 69, 0x0000000000000002
2026/10/01 10:56:40.433, 1, 1189 MHz, 3505 MHz, 90.64 W, 66, 0x0000000000000000
2026/10/01 10:56:40.536, 0, 1177 MHz, 3505 MHz, 91.16 W, 68, 0x0000000000000002
2026/10/01 10:56:40.541, 1, 1189 MHz, 3505 MHz, 90.65 W, 66, 0x0000000000000000
2026/10/01 10:56:40.645, 0, 1177 MHz, 3505 MHz, 90.88 W, 68, 0x0000000000000000
2026/10/01 10:56:40.648, 1, 1189 MHz, 3505 MHz, 90.66 W, 66, 0x0000000000000000
2026/10/01 10:56:40.751, 0, 1177 MHz, 3505 MHz, 90.97 W, 68, 0x0000000000000000
2026/10/01 10:56:40.754, 1, 1189 MHz, 3505 MHz, 90.57 W, 66, 0x0000000000000000
2026/10/01 10:56:40.857, 0, 1177 MHz, 3505 MHz, 90.88 W, 68, 0x0000000000000000
2026/10/01 10:56:40.860, 1, 1189 MHz, 3505 MHz, 90.57 W, 66, 0x0000000000000000
2026/10/01 10:56:40.963, 0, 1177 MHz, 3505 MHz, 90.78 W, 68, 0x0000000000000000
2026/10/01 10:56:40.966, 1, 1189 MHz, 3505 MHz, 90.57 W, 66, 0x0000000000000000
2026/10/01 10:56:41.069, 0, 1177 MHz, 3505 MHz, 90.97 W, 68, 0x0000000000000000
2026/10/01 10:56:41.072, 1, 1189 MHz, 3505 MHz, 90.56 W, 66, 0x0000000000000000
2026/10/01 10:56:41.175, 0, 1177 MHz, 3505 MHz, 90.88 W, 68, 0x0000000000000000
2026/10/01 10:56:41.178, 1, 1189 MHz, 3505 MHz, 90.48 W, 66, 0x0000000000000000
2026/10/01 10:56:41.281, 0, 1177 MHz, 3505 MHz, 90.80 W, 68, 0x0000000000000000
2026/10/01 10:56:41.284, 1, 1189 MHz, 3505 MHz, 90.39 W, 66, 0x0000000000000000
2026/10/01 10:56:41.387, 0, 1177 MHz, 3505 MHz, 90.80 W, 68, 0x0000000000000000
2026/10/01 10:56:41.390, 1, 1189 MHz, 3505 MHz, 90.37 W, 65, 0x0000000000000000
2026/10/01 10:56:41.493, 0, 1177 MHz, 3505 MHz, 90.80 W, 68, 0x0000000000000000
2026/10/01 10:56:41.496, 1, 1189 MHz, 3505 MHz, 90.39 W, 65, 0x0000000000000000
2026/10/01 10:56:41.599, 0, 1177 MHz, 3505 MHz, 90.80 W, 68, 0x0000000000000000
2026/10/01 10:56:41.603, 1, 1189 MHz, 3505 MHz, 90.39 W, 65, 0x0000000000000000
2026/10/01 10:56:41.706, 0, 1177 MHz, 3505 MHz, 90.90 W, 68, 0x0000000000000000
2026/10/01 10:56:41.708, 1, 1189 MHz, 3505 MHz, 90.39 W, 66, 0x0000000000000000
2026/10/01 10:56:41.811, 0, 1177 MHz, 3505 MHz, 90.90 W, 68, 0x0000000000000000
2026/10/01 10:56:41.814, 1, 1189 MHz, 3505 MHz, 90.39 W, 65, 0x0000000000000000
2026/10/01 10:56:41.918, 0, 1177 MHz, 3505 MHz, 90.80 W, 68, 0x0000000000000000
2026/10/01 10:56:41.921, 1, 1189 MHz, 3505 MHz, 90.29 W, 65, 0x0000000000000000
2026/10/01 10:56:42.024, 0, 1177 MHz, 3505 MHz, 90.70 W, 68, 0x0000000000000000
2026/10/01 10:56:42.027, 1, 1189 MHz, 3505 MHz, 90.28 W, 65, 0x0000000000000000
2026/10/01 10:56:42.130, 0, 1177 MHz, 3505 MHz, 90.70 W, 68, 0x0000000000000000
2026/10/01 10:56:42.133, 1, 1189 MHz, 3505 MHz, 90.30 W, 65, 0x0000000000000000
2026/10/01 10:56:42.236, 0, 1177 MHz, 3505 MHz, 90.80 W, 68, 0x0000000000000000
2026/10/01 10:56:42.240, 1, 1189 MHz, 3505 MHz, 90.28 W, 65, 0x0000000000000000
2026/10/01 10:56:42.343, 0, 1177 MHz, 3505 MHz, 90.79 W, 68, 0x0000000000000000
2026/10/01 10:56:42.347, 1, 1189 MHz, 3505 MHz, 90.27 W, 65, 0x0000000000000000
2026/10/01 10:56:42.450, 0, 1177 MHz, 3505 MHz, 90.88 W, 68, 0x0000000000000000
2026/10/01 10:56:42.453, 1, 1189 MHz, 3505 MHz, 90.17 W, 65, 0x0000000000000000
2026/10/01 10:56:42.556, 0, 1177 MHz, 3505 MHz, 90.79 W, 68, 0x0000000000000000
2026/10/01 10:56:42.710, 1, 1189 MHz, 3505 MHz, 90.16 W, 65, 0x0000000000000000
2026/10/01 10:56:42.816, 0, 1177 MHz, 3004 MHz, 89.43 W, 68, 0x0000000000000000
2026/10/01 10:56:42.821, 1, 1189 MHz, 3004 MHz, 88.83 W, 65, 0x0000000000000000
2026/10/01 10:56:42.925, 0, 1177 MHz, 3004 MHz, 87.50 W, 68, 0x0000000000000000
2026/10/01 10:56:42.930, 1, 1189 MHz, 3004 MHz, 87.00 W, 65, 0x0000000000000000
2026/10/01 10:56:43.034, 0, 1177 MHz, 3004 MHz, 86.84 W, 68, 0x0000000000000000
2026/10/01 10:56:43.039, 1, 1189 MHz, 3004 MHz, 86.32 W, 65, 0x0000000000000000
2026/10/01 10:56:43.143, 0, 1177 MHz, 3004 MHz, 86.63 W, 68, 0x0000000000000000
2026/10/01 10:56:43.148, 1, 1189 MHz, 3004 MHz, 86.04 W, 65, 0x0000000000000000
2026/10/01 10:56:43.253, 0, 1177 MHz, 3004 MHz, 86.63 W, 68, 0x0000000000000000
2026/10/01 10:56:43.258, 1, 1189 MHz, 3004 MHz, 86.04 W, 65, 0x0000000000000000
2026/10/01 10:56:43.362, 0, 1177 MHz, 3004 MHz, 86.54 W, 68, 0x0000000000000000
2026/10/01 10:56:43.367, 1, 1189 MHz, 3004 MHz, 85.94 W, 65, 0x0000000000000000
2026/10/01 10:56:43.471, 0, 1177 MHz, 3004 MHz, 86.56 W, 68, 0x0000000000000000
2026/10/01 10:56:43.476, 1, 1189 MHz, 3004 MHz, 85.94 W, 65, 0x0000000000000000
2026/10/01 10:56:43.580, 0, 1177 MHz, 3004 MHz, 86.46 W, 68, 0x0000000000000000
2026/10/01 10:56:43.584, 1, 1189 MHz, 3004 MHz, 85.94 W, 65, 0x0000000000000000
2026/10/01 10:56:43.688, 0, 1177 MHz, 3004 MHz, 86.46 W, 68, 0x0000000000000000
2026/10/01 10:56:43.692, 1, 1189 MHz, 3004 MHz, 85.85 W, 65, 0x0000000000000000
2026/10/01 10:56:43.797, 0, 1177 MHz, 3004 MHz, 86.46 W, 68, 0x0000000000000000
2026/10/01 10:56:43.801, 1, 1189 MHz, 3004 MHz, 85.94 W, 65, 0x0000000000000000
2026/10/01 10:56:43.905, 0, 1177 MHz, 3004 MHz, 86.46 W, 68, 0x0000000000000000
2026/10/01 10:56:43.910, 1, 1189 MHz, 3004 MHz, 85.85 W, 65, 0x0000000000000000
2026/10/01 10:56:44.014, 0, 1177 MHz, 3004 MHz, 86.46 W, 68, 0x0000000000000000
2026/10/01 10:56:44.018, 1, 1189 MHz, 3004 MHz, 85.85 W, 65, 0x0000000000000000
2026/10/01 10:56:44.122, 0, 1177 MHz, 3004 MHz, 86.46 W, 68, 0x0000000000000000
2026/10/01 10:56:44.127, 1, 1189 MHz, 3004 MHz, 85.85 W, 64, 0x0000000000000000
2026/10/01 10:56:44.231, 0, 1177 MHz, 3004 MHz, 86.46 W, 68, 0x0000000000000000
2026/10/01 10:56:44.235, 1, 1189 MHz, 3004 MHz, 85.85 W, 65, 0x0000000000000000
2026/10/01 10:56:44.339, 0, 1177 MHz, 3004 MHz, 86.46 W, 68, 0x0000000000000000
2026/10/01 10:56:44.344, 1, 1189 MHz, 3004 MHz, 85.65 W, 64, 0x0000000000000000
2026/10/01 10:56:44.448, 0, 1177 MHz, 3004 MHz, 86.36 W, 68, 0x0000000000000000
2026/10/01 10:56:44.452, 1, 1189 MHz, 3004 MHz, 85.85 W, 64, 0x0000000000000000
2026/10/01 10:56:44.556, 0, 1177 MHz, 3004 MHz, 86.46 W, 68, 0x0000000000000000
2026/10/01 10:56:44.560, 1, 1189 MHz, 3004 MHz, 85.85 W, 65, 0x0000000000000000
2026/10/01 10:56:44.665, 0, 1177 MHz, 3004 MHz, 86.36 W, 67, 0x0000000000000000
2026/10/01 10:56:44.669, 1, 1189 MHz, 3004 MHz, 85.66 W, 64, 0x0000000000000000
2026/10/01 10:56:44.773, 0, 1177 MHz, 3004 MHz, 86.36 W, 67, 0x0000000000000000
2026/10/01 10:56:44.777, 1, 1189 MHz, 3004 MHz, 85.85 W, 65, 0x0000000000000000
2026/10/01 10:56:44.881, 0, 1177 MHz, 3004 MHz, 86.36 W, 67, 0x0000000000000000
2026/10/01 10:56:44.886, 1, 1189 MHz, 3004 MHz, 85.75 W, 64, 0x0000000000000000
2026/10/01 10:56:44.990, 0, 1177 MHz, 3004 MHz, 86.46 W, 68, 0x0000000000000000
2026/10/01 10:56:44.994, 1, 1189 MHz, 3004 MHz, 85.65 W, 64, 0x0000000000000000
2026/10/01 10:56:45.098, 0, 1177 MHz, 3004 MHz, 86.36 W, 67, 0x0000000000000000
2026/10/01 10:56:45.102, 1, 1189 MHz, 3004 MHz, 85.76 W, 64, 0x0000000000000000
2026/10/01 10:56:45.206, 0, 1177 MHz, 3004 MHz, 86.36 W, 68, 0x0000000000000000
2026/10/01 10:56:45.211, 1, 1189 MHz, 3004 MHz, 85.75 W, 65, 0x0000000000000000
2026/10/01 10:56:45.315, 0, 1177 MHz, 3004 MHz, 86.27 W, 67, 0x0000000000000000
2026/10/01 10:56:45.319, 1, 1189 MHz, 3004 MHz, 85.75 W, 64, 0x0000000000000000
2026/10/01 10:56:45.423, 0, 1177 MHz, 3004 MHz, 86.27 W, 67, 0x0000000000000000
2026/10/01 10:56:45.427, 1, 1189 MHz, 3004 MHz, 85.75 W, 65, 0x0000000000000000
2026/10/01 10:56:45.532, 0, 1177 MHz, 3004 MHz, 86.27 W, 67, 0x0000000000000000
2026/10/01 10:56:45.536, 1, 1189 MHz, 3004 MHz, 85.65 W, 64, 0x0000000000000000
2026/10/01 10:56:45.640, 0, 1177 MHz, 3004 MHz, 86.46 W, 68, 0x0000000000000000
2026/10/01 10:56:45.644, 1, 1189 MHz, 3004 MHz, 85.67 W, 64, 0x0000000000000000
2026/10/01 10:56:45.748, 0, 1177 MHz, 3004 MHz, 86.36 W, 67, 0x0000000000000000
2026/10/01 10:56:45.753, 1, 1189 MHz, 3004 MHz, 85.65 W, 64, 0x0000000000000000
2026/10/01 10:56:45.857, 0, 1177 MHz, 3004 MHz, 86.36 W, 67, 0x0000000000000000
2026/10/01 10:56:45.861, 1, 1189 MHz, 3004 MHz, 85.66 W, 64, 0x0000000000000000
2026/10/01 10:56:45.965, 0, 1177 MHz, 3004 MHz, 86.36 W, 68, 0x0000000000000000
2026/10/01 10:56:45.970, 1, 1189 MHz, 3004 MHz, 85.65 W, 64, 0x0000000000000000
2026/10/01 10:56:46.074, 0, 1177 MHz, 3004 MHz, 86.27 W, 67, 0x0000000000000000
2026/10/01 10:56:46.078, 1, 1189 MHz, 3004 MHz, 85.65 W, 65, 0x0000000000000000
2026/10/01 10:56:46.182, 0, 1177 MHz, 3004 MHz, 86.36 W, 67, 0x0000000000000000
2026/10/01 10:56:46.187, 1, 1189 MHz, 3004 MHz, 85.56 W, 64, 0x0000000000000000
2026/10/01 10:56:46.291, 0, 1177 MHz, 3004 MHz, 86.36 W, 67, 0x0000000000000000
2026/10/01 10:56:46.295, 1, 1189 MHz, 3004 MHz, 85.56 W, 64, 0x0000000000000000
2026/10/01 10:56:46.399, 0, 1177 MHz, 3004 MHz, 86.36 W, 67, 0x0000000000000000
2026/10/01 10:56:46.403, 1, 1189 MHz, 3004 MHz, 85.66 W, 64, 0x0000000000000000
2026/10/01 10:56:46.508, 0, 1177 MHz, 3004 MHz, 86.36 W, 67, 0x0000000000000000
2026/10/01 10:56:46.513, 1, 1189 MHz, 3004 MHz, 85.65 W, 64, 0x0000000000000000
2026/10/01 10:56:46.617, 0, 1177 MHz, 3004 MHz, 86.36 W, 67, 0x0000000000000000
2026/10/01 10:56:46.621, 1, 1189 MHz, 3004 MHz, 85.56 W, 64, 0x0000000000000000
2026/10/01 10:56:46.725, 0, 1177 MHz, 3004 MHz, 86.36 W, 67, 0x0000000000000000
2026/10/01 10:56:46.730, 1, 1189 MHz, 3004 MHz, 85.56 W, 64, 0x0000000000000000
2026/10/01 10:56:46.834, 0, 1177 MHz, 3004 MHz, 86.35 W, 67, 0x0000000000000000
2026/10/01 10:56:46.838, 1, 1189 MHz, 3004 MHz, 85.65 W, 64, 0x0000000000000000
2026/10/01 10:56:46.942, 0, 1177 MHz, 3004 MHz, 86.35 W, 67, 0x0000000000000000
2026/10/01 10:56:46.947, 1, 1189 MHz, 3004 MHz, 85.56 W, 64, 0x0000000000000000
2026/10/01 10:56:47.051, 0, 1177 MHz, 3004 MHz, 86.35 W, 67, 0x0000000000000000
2026/10/01 10:56:47.055, 1, 1189 MHz, 3004 MHz, 85.56 W, 64, 0x0000000000000000
2026/10/01 10:56:47.159, 0, 1177 MHz, 3004 MHz, 86.35 W, 67, 0x0000000000000000
2026/10/01 10:56:47.164, 1, 1189 MHz, 3004 MHz, 85.56 W, 64, 0x0000000000000000
2026/10/01 10:56:47.268, 0, 1177 MHz, 3004 MHz, 86.43 W, 67, 0x0000000000000000
2026/10/01 10:56:47.273, 1, 1189 MHz, 3004 MHz, 85.56 W, 64, 0x0000000000000000
2026/10/01 10:56:47.377, 0, 1177 MHz, 3004 MHz, 86.24 W, 68, 0x0000000000000000
2026/10/01 10:56:47.382, 1, 1189 MHz, 3004 MHz, 85.65 W, 64, 0x0000000000000000
2026/10/01 10:56:47.487, 0, 1177 MHz, 3004 MHz, 86.25 W, 67, 0x0000000000000000
2026/10/01 10:56:47.491, 1, 1189 MHz, 3004 MHz, 85.65 W, 64, 0x0000000000000000
2026/10/01 10:56:47.595, 0, 1177 MHz, 3004 MHz, 86.36 W, 67, 0x0000000000000000
2026/10/01 10:56:47.599, 1, 1189 MHz, 3004 MHz, 85.56 W, 64, 0x0000000000000000
2026/10/01 10:56:47.703, 0, 1177 MHz, 3004 MHz, 86.25 W, 67, 0x0000000000000000
2026/10/01 10:56:47.708, 1, 1189 MHz, 3004 MHz, 85.56 W, 64, 0x0000000000000000
2026/10/01 10:56:47.813, 0, 1177 MHz, 3004 MHz, 86.63 W, 67, 0x0000000000000000
2026/10/01 10:56:47.818, 1, 1189 MHz, 3004 MHz, 85.94 W, 64, 0x0000000000000000
2026/10/01 10:56:47.922, 0, 1177 MHz, 3004 MHz, 86.92 W, 67, 0x0000000000000000
2026/10/01 10:56:47.927, 1, 1189 MHz, 3004 MHz, 86.22 W, 64, 0x0000000000000000
2026/10/01 10:56:48.032, 0, 1177 MHz, 3004 MHz, 87.02 W, 67, 0x0000000000000000
2026/10/01 10:56:48.036, 1, 1202 MHz, 3004 MHz, 86.99 W, 64, 0x0000000000000000
2026/10/01 10:56:48.141, 0, 1177 MHz, 3004 MHz, 86.82 W, 67, 0x0000000000000000
2026/10/01 10:56:48.145, 1, 1202 MHz, 3004 MHz, 87.97 W, 64, 0x0000000000000000
2026/10/01 10:56:48.250, 0, 1177 MHz, 3004 MHz, 86.53 W, 67, 0x0000000000000000
2026/10/01 10:56:48.255, 1, 1202 MHz, 3004 MHz, 88.07 W, 64, 0x0000000000000000
2026/10/01 10:56:48.359, 0, 1177 MHz, 3004 MHz, 206.54 W, 70, 0x0000000000000000
2026/10/01 10:56:48.363, 1, 1202 MHz, 3004 MHz, 218.06 W, 68, 0x0000000000000000
2026/10/01 10:56:48.467, 0, 1164 MHz, 3004 MHz, 255.40 W, 71, 0x0000000000000000
2026/10/01 10:56:48.471, 1, 1202 MHz, 3004 MHz, 253.96 W, 69, 0x0000000000000000
2026/10/01 10:56:48.576, 0, 1126 MHz, 3004 MHz, 264.54 W, 72, 0x0000000000000000
2026/10/01 10:56:48.580, 1, 1164 MHz, 3004 MHz, 271.03 W, 70, 0x0000000000000000
2026/10/01 10:56:48.684, 0, 1088 MHz, 3004 MHz, 256.96 W, 72, 0x0000000000000000
2026/10/01 10:56:48.688, 1, 1113 MHz, 3004 MHz, 249.01 W, 70, 0x0000000000000000
2026/10/01 10:56:48.792, 0, 1088 MHz, 3004 MHz, 241.74 W, 72, 0x0000000000000000
2026/10/01 10:56:48.797, 1, 1113 MHz, 3004 MHz, 244.94 W, 70, 0x0000000000000000
2026/10/01 10:56:48.901, 0, 1101 MHz, 3004 MHz, 243.68 W, 73, 0x0000000000000000
2026/10/01 10:56:48.905, 1, 1113 MHz, 3004 MHz, 248.93 W, 70, 0x0000000000000000
2026/10/01 10:56:49.009, 0, 1101 MHz, 3004 MHz, 243.73 W, 73, 0x0000000000000000
2026/10/01 10:56:49.013, 1, 1113 MHz, 3004 MHz, 247.02 W, 71, 0x0000000000000000
2026/10/01 10:56:49.117, 0, 1101 MHz, 3004 MHz, 246.90 W, 73, 0x0000000000000000
2026/10/01 10:56:49.121, 1, 1113 MHz, 3004 MHz, 249.38 W, 71, 0x0000000000000000
2026/10/01 10:56:49.226, 0, 1101 MHz, 3004 MHz, 247.16 W, 73, 0x0000000000000000
2026/10/01 10:56:49.230, 1, 1113 MHz, 3004 MHz, 246.04 W, 71, 0x0000000000000000
2026/10/01 10:56:49.334, 0, 1101 MHz, 3004 MHz, 248.22 W, 73, 0x0000000000000000
2026/10/01 10:56:49.338, 1, 1113 MHz, 3004 MHz, 250.05 W, 71, 0x0000000000000000
2026/10/01 10:56:49.442, 0, 1101 MHz, 3004 MHz, 249.13 W, 73, 0x0000000000000000
2026/10/01 10:56:49.446, 1, 1113 MHz, 3004 MHz, 248.94 W, 72, 0x0000000000000000
2026/10/01 10:56:49.551, 0, 1088 MHz, 3004 MHz, 248.13 W, 74, 0x0000000000000000
2026/10/01 10:56:49.555, 1, 1113 MHz, 3004 MHz, 251.36 W, 72, 0x0000000000000000
2026/10/01 10:56:49.659, 0, 1088 MHz, 3004 MHz, 243.92 W, 74, 0x0000000000000000
2026/10/01 10:56:49.663, 1, 1113 MHz, 3004 MHz, 244.49 W, 72, 0x0000000000000000
2026/10/01 10:56:49.767, 0, 1101 MHz, 3004 MHz, 245.02 W, 74, 0x0000000000000000
2026/10/01 10:56:49.771, 1, 1139 MHz, 3004 MHz, 255.52 W, 72, 0x0000000000000000
2026/10/01 10:56:49.876, 0, 1101 MHz, 3004 MHz, 248.86 W, 74, 0x0000000000000000
2026/10/01 10:56:49.880, 1, 1113 MHz, 3004 MHz, 246.47 W, 72, 0x0000000000000000
2026/10/01 10:56:49.984, 0, 1101 MHz, 3004 MHz, 250.54 W, 74, 0x0000000000000000
2026/10/01 10:56:49.988, 1, 1113 MHz, 3004 MHz, 251.40 W, 72, 0x0000000000000000
2026/10/01 10:56:50.092, 0, 1088 MHz, 3004 MHz, 246.90 W, 74, 0x0000000000000000
2026/10/01 10:56:50.096, 1, 1101 MHz, 3004 MHz, 244.87 W, 72, 0x0000000000000000
2026/10/01 10:56:50.201, 0, 1088 MHz, 3004 MHz, 245.92 W, 74, 0x0000000000000000
2026/10/01 10:56:50.205, 1, 1113 MHz, 3004 MHz, 247.28 W, 72, 0x0000000000000000
2026/10/01 10:56:50.309, 0, 1088 MHz, 3004 MHz, 245.24 W, 74, 0x0000000000000000
2026/10/01 10:56:50.313, 1, 1113 MHz, 3004 MHz, 245.05 W, 72, 0x0000000000000000
2026/10/01 10:56:50.417, 0, 1088 MHz, 3004 MHz, 246.74 W, 74, 0x0000000000000000
2026/10/01 10:56:50.421, 1, 1101 MHz, 3004 MHz, 249.41 W, 73, 0x0000000000000000
2026/10/01 10:56:50.526, 0, 1088 MHz, 3004 MHz, 245.37 W, 74, 0x0000000000000000
2026/10/01 10:56:50.530, 1, 1113 MHz, 3004 MHz, 241.37 W, 72, 0x0000000000000000
2026/10/01 10:56:50.634, 0, 1101 MHz, 3004 MHz, 247.81 W, 75, 0x0000000000000000
2026/10/01 10:56:50.638, 1, 1113 MHz, 3004 MHz, 247.69 W, 73, 0x0000000000000000
2026/10/01 10:56:50.742, 0, 1101 MHz, 3004 MHz, 248.02 W, 75, 0x0000000000000000
2026/10/01 10:56:50.747, 1, 1101 MHz, 3004 MHz, 243.96 W, 73, 0x0000000000000000
2026/10/01 10:56:50.851, 0, 1101 MHz, 3004 MHz, 250.75 W, 75, 0x0000000000000000
2026/10/01 10:56:50.855, 1, 1101 MHz, 3004 MHz, 247.70 W, 73, 0x0000000000000000
2026/10/01 10:56:50.959, 0, 1088 MHz, 3004 MHz, 245.42 W, 75, 0x0000000000000000
2026/10/01 10:56:50.963, 1, 1101 MHz, 3004 MHz, 240.40 W, 73, 0x0000000000000000
2026/10/01 10:56:51.067, 0, 1101 MHz, 3004 MHz, 245.44 W, 75, 0x0000000000000000
2026/10/01 10:56:51.072, 1, 1113 MHz, 3004 MHz, 247.16 W, 73, 0x0000000000000000
2026/10/01 10:56:51.176, 0, 1101 MHz, 3004 MHz, 246.39 W, 75, 0x0000000000000000
2026/10/01 10:56:51.180, 1, 1113 MHz, 3004 MHz, 242.43 W, 73, 0x0000000000000000
2026/10/01 10:56:51.284, 0, 1101 MHz, 3004 MHz, 250.36 W, 75, 0x0000000000000000
2026/10/01 10:56:51.288, 1, 1113 MHz, 3004 MHz, 249.91 W, 73, 0x0000000000000000
2026/10/01 10:56:51.393, 0, 1088 MHz, 3004 MHz, 246.49 W, 75, 0x0000000000000000
2026/10/01 10:56:51.397, 1, 1101 MHz, 3004 MHz, 247.91 W, 73, 0x0000000000000000
2026/10/01 10:56:51.501, 0, 1088 MHz, 3004 MHz, 245.42 W, 75, 0x0000000000000000
2026/10/01 10:56:51.506, 1, 1101 MHz, 3004 MHz, 248.67 W, 73, 0x0000000000000000
2026/10/01 10:56:51.610, 0, 1088 MHz, 3004 MHz, 245.53 W, 76, 0x0000000000000000
2026/10/01 10:56:51.614, 1, 1101 MHz, 3004 MHz, 249.71 W, 74, 0x0000000000000000
2026/10/01 10:56:51.718, 0, 1101 MHz, 3004 MHz, 246.20 W, 76, 0x0000000000000000
2026/10/01 10:56:51.722, 1, 1101 MHz, 3004 MHz, 245.68 W, 74, 0x0000000000000000
2026/10/01 10:56:51.826, 0, 1101 MHz, 3004 MHz, 248.45 W, 76, 0x0000000000000000
2026/10/01 10:56:51.831, 1, 1101 MHz, 3004 MHz, 248.38 W, 74, 0x0000000000000000
2026/10/01 10:56:51.935, 0, 1101 MHz, 3004 MHz, 247.58 W, 76, 0x0000000000000000
2026/10/01 10:56:51.939, 1, 1101 MHz, 3004 MHz, 245.48 W, 74, 0x0000000000000000
2026/10/01 10:56:52.043, 0, 1088 MHz, 3004 MHz, 249.51 W, 76, 0x0000000000000000
2026/10/01 10:56:52.047, 1, 1101 MHz, 3004 MHz, 247.36 W, 74, 0x0000000000000000
2026/10/01 10:56:52.152, 0, 1088 MHz, 3004 MHz, 249.16 W, 76, 0x0000000000000000
2026/10/01 10:56:52.156, 1, 1101 MHz, 3004 MHz, 247.61 W, 74, 0x0000000000000000
2026/10/01 10:56:52.260, 0, 1088 MHz, 3004 MHz, 248.21 W, 76, 0x0000000000000000
2026/10/01 10:56:52.264, 1, 1113 MHz, 3004 MHz, 252.22 W, 74, 0x0000000000000000
2026/10/01 10:56:52.368, 0, 1088 MHz, 3004 MHz, 245.72 W, 76, 0x0000000000000000
2026/10/01 10:56:52.372, 1, 1126 MHz, 3004 MHz, 248.21 W, 74, 0x0000000000000000
2026/10/01 10:56:52.477, 0, 1101 MHz, 3004 MHz, 247.77 W, 76, 0x0000000000000000
2026/10/01 10:56:52.481, 1, 1113 MHz, 3004 MHz, 252.30 W, 74, 0x0000000000000000
2026/10/01 10:56:52.585, 0, 1101 MHz, 3004 MHz, 249.45 W, 76, 0x0000000000000000
2026/10/01 10:56:52.589, 1, 1101 MHz, 3004 MHz, 246.65 W, 74, 0x0000000000000000
2026/10/01 10:56:52.693, 0, 1101 MHz, 3004 MHz, 249.16 W, 76, 0x0000000000000000
2026/10/01 10:56:52.697, 1, 1101 MHz, 3004 MHz, 249.34 W, 74, 0x0000000000000000
2026/10/01 10:56:52.802, 0, 1088 MHz, 3004 MHz, 247.35 W, 76, 0x0000000000000000
2026/10/01 10:56:52.806, 1, 1088 MHz, 3004 MHz, 239.73 W, 74, 0x0000000000000000
2026/10/01 10:56:52.910, 0, 1088 MHz, 3004 MHz, 247.15 W, 76, 0x0000000000000000
2026/10/01 10:56:52.915, 1, 1101 MHz, 3004 MHz, 245.49 W, 75, 0x0000000000000000
2026/10/01 10:56:53.019, 0, 1088 MHz, 3004 MHz, 247.25 W, 76, 0x0000000000000000
2026/10/01 10:56:53.023, 1, 1113 MHz, 3004 MHz, 245.44 W, 74, 0x0000000000000000
2026/10/01 10:56:53.127, 0, 1088 MHz, 3004 MHz, 246.86 W, 77, 0x0000000000000000
2026/10/01 10:56:53.132, 1, 1101 MHz, 3004 MHz, 249.82 W, 75, 0x0000000000000000
2026/10/01 10:56:53.236, 0, 1088 MHz, 3004 MHz, 244.08 W, 77, 0x0000000000000000
2026/10/01 10:56:53.240, 1, 1101 MHz, 3004 MHz, 240.71 W, 74, 0x0000000000000000
2026/10/01 10:56:53.345, 0, 1088 MHz, 3004 MHz, 245.57 W, 77, 0x0000000000000000
2026/10/01 10:56:53.349, 1, 1101 MHz, 3004 MHz, 246.02 W, 75, 0x0000000000000000
2026/10/01 10:56:53.455, 0, 1088 MHz, 3004 MHz, 247.25 W, 77, 0x0000000000000000
2026/10/01 10:56:53.459, 1, 1113 MHz, 3004 MHz, 246.17 W, 75, 0x0000000000000000
2026/10/01 10:56:53.563, 0, 1088 MHz, 3004 MHz, 248.74 W, 77, 0x0000000000000000
2026/10/01 10:56:53.567, 1, 1113 MHz, 3004 MHz, 250.76 W, 75, 0x0000000000000000
2026/10/01 10:56:53.672, 0, 1088 MHz, 3004 MHz, 244.39 W, 77, 0x0000000000000000
2026/10/01 10:56:53.676, 1, 1101 MHz, 3004 MHz, 245.25 W, 74, 0x0000000000000000
2026/10/01 10:56:53.780, 0, 1101 MHz, 3004 MHz, 247.74 W, 77, 0x0000000000000000
2026/10/01 10:56:53.784, 1, 1101 MHz, 3004 MHz, 248.56 W, 75, 0x0000000000000000
2026/10/01 10:56:53.888, 0, 1101 MHz, 3004 MHz, 248.59 W, 77, 0x0000000000000000
2026/10/01 10:56:53.892, 1, 1101 MHz, 3004 MHz, 242.53 W, 75, 0x0000000000000000
2026/10/01 10:56:53.996, 0, 1088 MHz, 3004 MHz, 248.40 W, 77, 0x0000000000000000
2026/10/01 10:56:54.001, 1, 1101 MHz, 3004 MHz, 245.44 W, 75, 0x0000000000000000
2026/10/01 10:56:54.105, 0, 1075 MHz, 3004 MHz, 243.90 W, 77, 0x0000000000000000
2026/10/01 10:56:54.111, 1, 1101 MHz, 3004 MHz, 241.57 W, 75, 0x0000000000000000
2026/10/01 10:56:54.215, 0, 1075 MHz, 3004 MHz, 242.49 W, 77, 0x0000000000000000
2026/10/01 10:56:54.220, 1, 1101 MHz, 3004 MHz, 246.06 W, 75, 0x0000000000000000
2026/10/01 10:56:54.326, 0, 1088 MHz, 3004 MHz, 245.57 W, 77, 0x0000000000000000
2026/10/01 10:56:54.330, 1, 1101 MHz, 3004 MHz, 242.23 W, 75, 0x0000000000000000
2026/10/01 10:56:54.435, 0, 1101 MHz, 3004 MHz, 246.53 W, 78, 0x0000000000000000
2026/10/01 10:56:54.439, 1, 1101 MHz, 3004 MHz, 248.47 W, 76, 0x0000000000000000
2026/10/01 10:56:54.543, 0, 1101 MHz, 3004 MHz, 250.17 W, 78, 0x0000000000000000
2026/10/01 10:56:54.547, 1, 1101 MHz, 3004 MHz, 248.67 W, 76, 0x0000000000000000
2026/10/01 10:56:54.651, 0, 1088 MHz, 3004 MHz, 248.74 W, 78, 0x0000000000000000
2026/10/01 10:56:54.655, 1, 1101 MHz, 3004 MHz, 247.22 W, 76, 0x0000000000000000
2026/10/01 10:56:54.759, 0, 1088 MHz, 3004 MHz, 247.44 W, 78, 0x0000000000000000
2026/10/01 10:56:54.764, 1, 1113 MHz, 3004 MHz, 250.72 W, 76, 0x0000000000000000
2026/10/01 10:56:54.868, 0, 1088 MHz, 3004 MHz, 247.44 W, 78, 0x0000000000000000
2026/10/01 10:56:54.872, 1, 1113 MHz, 3004 MHz, 249.91 W, 76, 0x0000000000000000
2026/10/01 10:56:54.976, 0, 1088 MHz, 3004 MHz, 247.88 W, 78, 0x0000000000000000
2026/10/01 10:56:54.980, 1, 1101 MHz, 3004 MHz, 250.96 W, 76, 0x0000000000000000
2026/10/01 10:56:55.084, 0, 1101 MHz, 3004 MHz, 246.23 W, 78, 0x0000000000000000
2026/10/01 10:56:55.088, 1, 1088 MHz, 3004 MHz, 241.66 W, 76, 0x0000000000000000
2026/10/01 10:56:55.193, 0, 1101 MHz, 3004 MHz, 249.12 W, 78, 0x0000000000000000
2026/10/01 10:56:55.197, 1, 1101 MHz, 3004 MHz, 243.10 W, 76, 0x0000000000000000
2026/10/01 10:56:55.301, 0, 1101 MHz, 3004 MHz, 250.75 W, 78, 0x0000000000000000
2026/10/01 10:56:55.306, 1, 1101 MHz, 3004 MHz, 247.45 W, 76, 0x0000000000000000
2026/10/01 10:56:55.410, 0, 1088 MHz, 3004 MHz, 247.73 W, 78, 0x0000000000000000
2026/10/01 10:56:55.414, 1, 1101 MHz, 3004 MHz, 249.53 W, 76, 0x0000000000000000
2026/10/01 10:56:55.518, 0, 1088 MHz, 3004 MHz, 247.92 W, 78, 0x0000000000000000
2026/10/01 10:56:55.525, 1, 1113 MHz, 3004 MHz, 241.86 W, 76, 0x0000000000000000
2026/10/01 10:56:55.629, 0, 1088 MHz, 3004 MHz, 248.60 W, 78, 0x0000000000000000
2026/10/01 10:56:55.633, 1, 1113 MHz, 3004 MHz, 249.16 W, 76, 0x0000000000000000
2026/10/01 10:56:55.737, 0, 1088 MHz, 3004 MHz, 248.03 W, 78, 0x0000000000000000
2026/10/01 10:56:55.741, 1, 1113 MHz, 3004 MHz, 247.90 W, 76, 0x0000000000000000
2026/10/01 10:56:55.846, 0, 1088 MHz, 3004 MHz, 246.83 W, 79, 0x0000000000000000
2026/10/01 10:56:55.850, 1, 1113 MHz, 3004 MHz, 253.64 W, 76, 0x0000000000000000
2026/10/01 10:56:55.954, 0, 1088 MHz, 3004 MHz, 245.14 W, 79, 0x0000000000000000
2026/10/01 10:56:55.958, 1, 1101 MHz, 3004 MHz, 243.21 W, 76, 0x0000000000000000
2026/10/01 10:56:56.063, 0, 1088 MHz, 3004 MHz, 246.88 W, 78, 0x0000000000000000
2026/10/01 10:56:56.067, 1, 1113 MHz, 3004 MHz, 248.02 W, 76, 0x0000000000000000
2026/10/01 10:56:56.171, 0, 1088 MHz, 3004 MHz, 248.10 W, 79, 0x0000000000000000
2026/10/01 10:56:56.175, 1, 1101 MHz, 3004 MHz, 245.87 W, 76, 0x0000000000000000
2026/10/01 10:56:56.279, 0, 1088 MHz, 3004 MHz, 248.74 W, 79, 0x0000000000000000
2026/10/01 10:56:56.283, 1, 1101 MHz, 3004 MHz, 248.75 W, 77, 0x0000000000000000
2026/10/01 10:56:56.387, 0, 1088 MHz, 3004 MHz, 246.96 W, 79, 0x0000000000000000
2026/10/01 10:56:56.392, 1, 1101 MHz, 3004 MHz, 245.25 W, 76, 0x0000000000000000
2026/10/01 10:56:56.496, 0, 1088 MHz, 3004 MHz, 247.44 W, 79, 0x0000000000000000
2026/10/01 10:56:56.500, 1, 1101 MHz, 3004 MHz, 249.33 W, 76, 0x0000000000000000
2026/10/01 10:56:56.604, 0, 1088 MHz, 3004 MHz, 245.82 W, 79, 0x0000000000000000
2026/10/01 10:56:56.609, 1, 1088 MHz, 3004 MHz, 242.23 W, 77, 0x0000000000000000
2026/10/01 10:56:56.713, 0, 1088 MHz, 3004 MHz, 246.96 W, 79, 0x0000000000000000
2026/10/01 10:56:56.717, 1, 1101 MHz, 3004 MHz, 244.78 W, 77, 0x0000000000000000
2026/10/01 10:56:56.821, 0, 1088 MHz, 3004 MHz, 248.79 W, 79, 0x0000000000000000
2026/10/01 10:56:56.825, 1, 1101 MHz, 3004 MHz, 238.96 W, 77, 0x0000000000000000
2026/10/01 10:56:56.930, 0, 1088 MHz, 3004 MHz, 248.39 W, 79, 0x0000000000000000
2026/10/01 10:56:56.934, 1, 1101 MHz, 3004 MHz, 246.97 W, 77, 0x0000000000000000
2026/10/01 10:56:57.038, 0, 1088 MHz, 3004 MHz, 248.93 W, 79, 0x0000000000000000
2026/10/01 10:56:57.042, 1, 1101 MHz, 3004 MHz, 249.82 W, 77, 0x0000000000000000
2026/10/01 10:56:57.147, 0, 1088 MHz, 3004 MHz, 248.98 W, 79, 0x0000000000000000
2026/10/01 10:56:57.151, 1, 1101 MHz, 3004 MHz, 249.15 W, 77, 0x0000000000000000
2026/10/01 10:56:57.255, 0, 1075 MHz, 3004 MHz, 248.87 W, 79, 0x0000000000000000
2026/10/01 10:56:57.259, 1, 1101 MHz, 3004 MHz, 251.16 W, 77, 0x0000000000000000
2026/10/01 10:56:57.363, 0, 1075 MHz, 3004 MHz, 242.98 W, 79, 0x0000000000000000
2026/10/01 10:56:57.367, 1, 1113 MHz, 3004 MHz, 245.96 W, 77, 0x0000000000000000
2026/10/01 10:56:57.471, 0, 1075 MHz, 3004 MHz, 243.61 W, 79, 0x0000000000000000
2026/10/01 10:56:57.475, 1, 1113 MHz, 3004 MHz, 250.95 W, 77, 0x0000000000000000
2026/10/01 10:56:57.580, 0, 1088 MHz, 3004 MHz, 243.72 W, 80, 0x0000000000000000
2026/10/01 10:56:57.584, 1, 1126 MHz, 3004 MHz, 253.07 W, 77, 0x0000000000000000
2026/10/01 10:56:57.688, 0, 1088 MHz, 3004 MHz, 246.57 W, 80, 0x0000000000000000
2026/10/01 10:56:57.692, 1, 1113 MHz, 3004 MHz, 255.27 W, 78, 0x0000000000000000
2026/10/01 10:56:57.796, 0, 1088 MHz, 3004 MHz, 245.96 W, 80, 0x0000000000000000
2026/10/01 10:56:57.800, 1, 1088 MHz, 3004 MHz, 241.26 W, 77, 0x0000000000000000
2026/10/01 10:56:57.905, 0, 1088 MHz, 3004 MHz, 247.54 W, 80, 0x0000000000000000
2026/10/01 10:56:57.909, 1, 1101 MHz, 3004 MHz, 244.90 W, 77, 0x0000000000000000
2026/10/01 10:56:58.013, 0, 1088 MHz, 3004 MHz, 249.34 W, 80, 0x0000000000000000
2026/10/01 10:56:58.017, 1, 1101 MHz, 3004 MHz, 247.84 W, 77, 0x0000000000000000
2026/10/01 10:56:58.122, 0, 1088 MHz, 3004 MHz, 247.92 W, 80, 0x0000000000000000
2026/10/01 10:56:58.126, 1, 1088 MHz, 3004 MHz, 248.27 W, 78, 0x0000000000000000
2026/10/01 10:56:58.230, 0, 1088 MHz, 3004 MHz, 194.14 W, 79, 0x0000000000000000
2026/10/01 10:56:58.234, 1, 1088 MHz, 3004 MHz, 182.17 W, 76, 0x0000000000000000
2026/10/01 10:56:58.339, 0, 1088 MHz, 3004 MHz, 122.88 W, 77, 0x0000000000000000
2026/10/01 10:56:58.368, 1, 1088 MHz, 3505 MHz, 111.04 W, 75, 0x0000000000000002
2026/10/01 10:56:58.473, 0, 1088 MHz, 3505 MHz, 96.69 W, 77, 0x0000000000000002
2026/10/01 10:56:58.477, 1, 1088 MHz, 3505 MHz, 94.25 W, 74, 0x0000000000000002
2026/10/01 10:56:58.581, 0, 1088 MHz, 3505 MHz, 90.07 W, 76, 0x0000000000000002
2026/10/01 10:56:58.585, 1, 1088 MHz, 3505 MHz, 88.10 W, 74, 0x0000000000000002
2026/10/01 10:56:58.690, 0, 1088 MHz, 3505 MHz, 87.60 W, 76, 0x0000000000000002
2026/10/01 10:56:58.694, 1, 1088 MHz, 3505 MHz, 85.90 W, 74, 0x0000000000000002
2026/10/01 10:56:58.798, 0, 1088 MHz, 3505 MHz, 86.52 W, 76, 0x0000000000000002
2026/10/01 10:56:58.803, 1, 1088 MHz, 3505 MHz, 84.93 W, 74, 0x0000000000000002
2026/10/01 10:56:58.907, 0, 1088 MHz, 3505 MHz, 86.23 W, 76, 0x0000000000000002
2026/10/01 10:56:58.911, 1, 1088 MHz, 3505 MHz, 84.64 W, 74, 0x0000000000000002
2026/10/01 10:56:59.016, 0, 1088 MHz, 3505 MHz, 85.94 W, 76, 0x0000000000000002
2026/10/01 10:56:59.020, 1, 1088 MHz, 3505 MHz, 84.55 W, 74, 0x0000000000000002
2026/10/01 10:56:59.124, 0, 1088 MHz, 3505 MHz, 85.86 W, 76, 0x0000000000000002
2026/10/01 10:56:59.128, 1, 1088 MHz, 3505 MHz, 84.46 W, 73, 0x0000000000000002
2026/10/01 10:56:59.232, 0, 1088 MHz, 3505 MHz, 85.88 W, 76, 0x0000000000000002
2026/10/01 10:56:59.237, 1, 1088 MHz, 3505 MHz, 84.35 W, 73, 0x0000000000000002
2026/10/01 10:56:59.341, 0, 1088 MHz, 3505 MHz, 85.79 W, 76, 0x0000000000000002
2026/10/01 10:56:59.347, 1, 1088 MHz, 3505 MHz, 84.35 W, 73, 0x0000000000000002
2026/10/01 10:56:59.451, 0, 1088 MHz, 3505 MHz, 85.77 W, 76, 0x0000000000000002
2026/10/01 10:56:59.455, 1, 1088 MHz, 3505 MHz, 84.16 W, 73, 0x0000000000000002
2026/10/01 10:56:59.559, 0, 1088 MHz, 3505 MHz, 85.77 W, 76, 0x0000000000000002
2026/10/01 10:56:59.564, 1, 1088 MHz, 3505 MHz, 84.16 W, 73, 0x0000000000000002
2026/10/01 10:56:59.668, 0, 1088 MHz, 3505 MHz, 85.68 W, 75, 0x0000000000000000
2026/10/01 10:56:59.671, 1, 1088 MHz, 3505 MHz, 84.16 W, 73, 0x0000000000000002
2026/10/01 10:56:59.775, 0, 1088 MHz, 3505 MHz, 85.68 W, 75, 0x0000000000000000
2026/10/01 10:56:59.778, 1, 1088 MHz, 3505 MHz, 84.16 W, 73, 0x0000000000000002
2026/10/01 10:56:59.883, 0, 1088 MHz, 3505 MHz, 85.79 W, 75, 0x0000000000000000
2026/10/01 10:56:59.886, 1, 1088 MHz, 3505 MHz, 84.10 W, 73, 0x0000000000000002
2026/10/01 10:56:59.990, 0, 1088 MHz, 3505 MHz, 85.69 W, 75, 0x0000000000000000
2026/10/01 10:56:59.993, 1, 1088 MHz, 3505 MHz, 84.11 W, 73, 0x0000000000000002
2026/10/01 10:57:00.097, 0, 1088 MHz, 3505 MHz, 85.60 W, 75, 0x0000000000000000
2026/10/01 10:57:00.100, 1, 1088 MHz, 3505 MHz, 84.10 W, 73, 0x0000000000000002
2026/10/01 10:57:00.205, 0, 1088 MHz, 3505 MHz, 85.60 W, 75, 0x0000000000000000
2026/10/01 10:57:00.208, 1, 1088 MHz, 3505 MHz, 84.09 W, 73, 0x0000000000000002
2026/10/01 10:57:00.312, 0, 1088 MHz, 3505 MHz, 85.60 W, 75, 0x0000000000000000
2026/10/01 10:57:00.315, 1, 1088 MHz, 3505 MHz, 84.10 W, 73, 0x0000000000000000
2026/10/01 10:57:00.418, 0, 1088 MHz, 3505 MHz, 85.50 W, 75, 0x0000000000000000
2026/10/01 10:57:00.421, 1, 1088 MHz, 3505 MHz, 84.00 W, 73, 0x0000000000000000
2026/10/01 10:57:00.524, 0, 1088 MHz, 3505 MHz, 85.50 W, 75, 0x0000000000000000
2026/10/01 10:57:00.527, 1, 1088 MHz, 3505 MHz, 83.90 W, 73, 0x0000000000000000
2026/10/01 10:57:00.630, 0, 1088 MHz, 3505 MHz, 85.48 W, 75, 0x0000000000000000
2026/10/01 10:57:00.633, 1, 1088 MHz, 3505 MHz, 84.00 W, 72, 0x0000000000000000
2026/10/01 10:57:00.736, 0, 1088 MHz, 3505 MHz, 85.50 W, 75, 0x0000000000000000
2026/10/01 10:57:00.739, 1, 1088 MHz, 3505 MHz, 83.90 W, 72, 0x0000000000000000
2026/10/01 10:57:00.842, 0, 1088 MHz, 3505 MHz, 85.50 W, 75, 0x0000000000000000
2026/10/01 10:57:00.846, 1, 1088 MHz, 3505 MHz, 84.00 W, 73, 0x0000000000000000
2026/10/01 10:57:00.949, 0, 810 MHz, 3004 MHz, 81.54 W, 75, 0x0000000000000000
2026/10/01 10:57:00.952, 1, 1088 MHz, 3505 MHz, 83.93 W, 72, 0x0000000000000000
2026/10/01 10:57:01.055, 0, 810 MHz, 3004 MHz, 76.54 W, 75, 0x0000000000000000
2026/10/01 10:57:01.058, 1, 810 MHz, 3004 MHz, 81.81 W, 72, 0x0000000000000000
2026/10/01 10:57:01.161, 0, 810 MHz, 3004 MHz, 74.71 W, 74, 0x0000000000000000
2026/10/01 10:57:01.164, 1, 810 MHz, 3004 MHz, 76.11 W, 72, 0x0000000000000000
2026/10/01 10:57:01.267, 0, 810 MHz, 3004 MHz, 74.03 W, 74, 0x0000000000000000
2026/10/01 10:57:01.270, 1, 810 MHz, 3004 MHz, 74.09 W, 72, 0x0000000000000000
2026/10/01 10:57:01.373, 0, 810 MHz, 3004 MHz, 73.64 W, 74, 0x0000000000000000
2026/10/01 10:57:01.376, 1, 810 MHz, 3004 MHz, 73.33 W, 72, 0x0000000000000000
2026/10/01 10:57:01.479, 0, 810 MHz, 3004 MHz, 73.54 W, 74, 0x0000000000000000
2026/10/01 10:57:01.482, 1, 810 MHz, 3004 MHz, 73.03 W, 72, 0x0000000000000000
2026/10/01 10:57:01.586, 0, 810 MHz, 3004 MHz, 73.54 W, 74, 0x0000000000000000
2026/10/01 10:57:01.589, 1, 810 MHz, 3004 MHz, 72.84 W, 72, 0x0000000000000000
2026/10/01 10:57:01.692, 0, 810 MHz, 3004 MHz, 73.54 W, 74, 0x0000000000000000
2026/10/01 10:57:01.695, 1, 810 MHz, 3004 MHz, 72.83 W, 72, 0x0000000000000000
2026/10/01 10:57:01.798, 0, 810 MHz, 3004 MHz, 73.54 W, 74, 0x0000000000000000
2026/10/01 10:57:01.803, 1, 810 MHz, 3004 MHz, 72.73 W, 71, 0x0000000000000000
2026/10/01 10:57:01.906, 0, 810 MHz, 3004 MHz, 73.54 W, 74, 0x0000000000000000
2026/10/01 10:57:02.029, 1, 810 MHz, 3004 MHz, 72.73 W, 71, 0x0000000000000000
2026/10/01 10:57:02.135, 0, 1001 MHz, 3004 MHz, 75.19 W, 74, 0x0000000000000000
2026/10/01 10:57:02.139, 1, 1001 MHz, 3004 MHz, 74.65 W, 71, 0x0000000000000000
2026/10/01 10:57:02.244, 0, 1001 MHz, 3004 MHz, 75.10 W, 74, 0x0000000000000000
2026/10/01 10:57:02.249, 1, 1001 MHz, 3004 MHz, 74.36 W, 71, 0x0000000000000000
2026/10/01 10:57:02.353, 0, 1001 MHz, 3004 MHz, 75.10 W, 74, 0x0000000000000000
2026/10/01 10:57:02.358, 1, 1001 MHz, 3004 MHz, 74.26 W, 71, 0x0000000000000000
2026/10/01 10:57:02.462, 0, 1001 MHz, 3004 MHz, 75.00 W, 74, 0x0000000000000000
2026/10/01 10:57:02.467, 1, 1001 MHz, 3004 MHz, 74.26 W, 71, 0x0000000000000000
2026/10/01 10:57:02.572, 0, 1001 MHz, 3004 MHz, 75.00 W, 74, 0x0000000000000000
2026/10/01 10:57:02.577, 1, 1001 MHz, 3004 MHz, 74.16 W, 71, 0x0000000000000000
2026/10/01 10:57:02.681, 0, 1001 MHz, 3004 MHz, 75.00 W, 74, 0x0000000000000000
2026/10/01 10:57:02.686, 1, 1001 MHz, 3004 MHz, 74.16 W, 71, 0x0000000000000000
2026/10/01 10:57:02.790, 0, 1001 MHz, 3004 MHz, 75.00 W, 74, 0x0000000000000000
2026/10/01 10:57:02.795, 1, 1001 MHz, 3004 MHz, 74.16 W, 71, 0x0000000000000000
2026/10/01 10:57:02.899, 0, 1001 MHz, 3004 MHz, 75.00 W, 74, 0x0000000000000000
2026/10/01 10:57:02.903, 1, 1001 MHz, 3004 MHz, 74.07 W, 71, 0x0000000000000000
2026/10/01 10:57:03.007, 0, 1001 MHz, 3004 MHz, 75.00 W, 74, 0x0000000000000000
2026/10/01 10:57:03.011, 1, 1001 MHz, 3004 MHz, 74.16 W, 71, 0x0000000000000000
2026/10/01 10:57:03.116, 0, 1001 MHz, 3004 MHz, 75.00 W, 74, 0x0000000000000000
2026/10/01 10:57:03.120, 1, 1001 MHz, 3004 MHz, 74.16 W, 71, 0x0000000000000000
2026/10/01 10:57:03.224, 0, 1001 MHz, 3004 MHz, 75.00 W, 73, 0x0000000000000000
2026/10/01 10:57:03.228, 1, 1001 MHz, 3004 MHz, 74.16 W, 71, 0x0000000000000000
2026/10/01 10:57:03.332, 0, 1001 MHz, 3004 MHz, 75.00 W, 73, 0x0000000000000000
2026/10/01 10:57:03.337, 1, 1001 MHz, 3004 MHz, 74.07 W, 71, 0x0000000000000000
2026/10/01 10:57:03.441, 0, 1001 MHz, 3004 MHz, 74.90 W, 73, 0x0000000000000000
2026/10/01 10:57:03.445, 1, 1001 MHz, 3004 MHz, 74.07 W, 71, 0x0000000000000000
2026/10/01 10:57:03.549, 0, 1001 MHz, 3004 MHz, 75.00 W, 73, 0x0000000000000000
2026/10/01 10:57:03.554, 1, 1001 MHz, 3004 MHz, 74.07 W, 71, 0x0000000000000000
2026/10/01 10:57:03.658, 0, 1001 MHz, 3004 MHz, 75.00 W, 73, 0x0000000000000000
2026/10/01 10:57:03.662, 1, 1001 MHz, 3004 MHz, 74.07 W, 71, 0x0000000000000000
2026/10/01 10:57:03.766, 0, 1001 MHz, 3004 MHz, 75.00 W, 73, 0x0000000000000000
2026/10/01 10:57:03.770, 1, 1001 MHz, 3004 MHz, 74.07 W, 70, 0x0000000000000000
2026/10/01 10:57:03.875, 0, 1001 MHz, 3004 MHz, 75.00 W, 73, 0x0000000000000000
2026/10/01 10:57:03.879, 1, 1001 MHz, 3004 MHz, 73.97 W, 70, 0x0000000000000000
2026/10/01 10:57:03.983, 0, 1001 MHz, 3004 MHz, 74.80 W, 73, 0x0000000000000000
2026/10/01 10:57:03.987, 1, 1001 MHz, 3004 MHz, 73.97 W, 70, 0x0000000000000000
2026/10/01 10:57:04.091, 0, 1001 MHz, 3004 MHz, 74.90 W, 73, 0x0000000000000000
2026/10/01 10:57:04.096, 1, 1001 MHz, 3004 MHz, 73.97 W, 70, 0x0000000000000000
2026/10/01 10:57:04.200, 0, 1001 MHz, 3004 MHz, 74.81 W, 73, 0x0000000000000000
2026/10/01 10:57:04.204, 1, 1001 MHz, 3004 MHz, 73.97 W, 70, 0x0000000000000000
2026/10/01 10:57:04.309, 0, 1001 MHz, 3004 MHz, 74.80 W, 73, 0x0000000000000000
2026/10/01 10:57:04.313, 1, 1001 MHz, 3004 MHz, 73.97 W, 70, 0x0000000000000000
2026/10/01 10:57:04.417, 0, 1001 MHz, 3004 MHz, 74.80 W, 73, 0x0000000000000000
2026/10/01 10:57:04.421, 1, 1001 MHz, 3004 MHz, 73.97 W, 70, 0x0000000000000000
2026/10/01 10:57:04.525, 0, 1001 MHz, 3004 MHz, 74.80 W, 73, 0x0000000000000000
2026/10/01 10:57:04.530, 1, 1001 MHz, 3004 MHz, 73.97 W, 70, 0x0000000000000000
2026/10/01 10:57:04.635, 0, 1001 MHz, 3004 MHz, 74.90 W, 73, 0x0000000000000000
2026/10/01 10:57:04.639, 1, 1001 MHz, 3004 MHz, 73.87 W, 70, 0x0000000000000000
2026/10/01 10:57:04.743, 0, 1001 MHz, 3004 MHz, 74.80 W, 73, 0x0000000000000000
2026/10/01 10:57:04.749, 1, 1001 MHz, 3004 MHz, 73.87 W, 70, 0x0000000000000000
2026/10/01 10:57:04.853, 0, 1001 MHz, 3004 MHz, 74.71 W, 73, 0x0000000000000000
2026/10/01 10:57:04.857, 1, 1001 MHz, 3004 MHz, 73.87 W, 70, 0x0000000000000000
2026/10/01 10:57:04.961, 0, 1001 MHz, 3004 MHz, 74.81 W, 73, 0x0000000000000000
2026/10/01 10:57:04.966, 1, 1001 MHz, 3004 MHz, 73.87 W, 70, 0x0000000000000000
2026/10/01 10:57:05.070, 0, 1001 MHz, 3004 MHz, 74.80 W, 73, 0x0000000000000000
2026/10/01 10:57:05.074, 1, 1001 MHz, 3004 MHz, 73.87 W, 70, 0x0000000000000000
2026/10/01 10:57:05.178, 0, 1001 MHz, 3004 MHz, 74.71 W, 73, 0x0000000000000000
2026/10/01 10:57:05.183, 1, 1001 MHz, 3004 MHz, 73.77 W, 70, 0x0000000000000000
2026/10/01 10:57:05.287, 0, 1001 MHz, 3004 MHz, 74.80 W, 73, 0x0000000000000000
2026/10/01 10:57:05.291, 1, 1001 MHz, 3004 MHz, 73.87 W, 70, 0x0000000000000000
2026/10/01 10:57:05.395, 0, 1001 MHz, 3004 MHz, 74.71 W, 73, 0x0000000000000000
2026/10/01 10:57:05.399, 1, 1001 MHz, 3004 MHz, 73.87 W, 70, 0x0000000000000000
2026/10/01 10:57:05.504, 0, 1001 MHz, 3004 MHz, 74.61 W, 73, 0x0000000000000000
2026/10/01 10:57:05.508, 1, 1001 MHz, 3004 MHz, 73.87 W, 70, 0x0000000000000000
2026/10/01 10:57:05.612, 0, 1001 MHz, 3004 MHz, 74.80 W, 72, 0x0000000000000000
2026/10/01 10:57:05.616, 1, 1001 MHz, 3004 MHz, 73.77 W, 70, 0x0000000000000000
2026/10/01 10:57:05.720, 0, 1001 MHz, 3004 MHz, 74.71 W, 73, 0x0000000000000000
2026/10/01 10:57:05.724, 1, 1001 MHz, 3004 MHz, 73.87 W, 70, 0x0000000000000000
2026/10/01 10:57:05.829, 0, 1001 MHz, 3004 MHz, 74.61 W, 72, 0x0000000000000000
2026/10/01 10:57:05.833, 1, 1001 MHz, 3004 MHz, 73.77 W, 70, 0x0000000000000000
2026/10/01 10:57:05.937, 0, 1001 MHz, 3004 MHz, 74.61 W, 72, 0x0000000000000000
2026/10/01 10:57:05.941, 1, 1001 MHz, 3004 MHz, 73.77 W, 69, 0x0000000000000000
2026/10/01 10:57:06.045, 0, 1001 MHz, 3004 MHz, 74.61 W, 72, 0x0000000000000000
2026/10/01 10:57:06.050, 1, 1001 MHz, 3004 MHz, 73.77 W, 70, 0x0000000000000000
2026/10/01 10:57:06.154, 0, 1001 MHz, 3004 MHz, 74.71 W, 72, 0x0000000000000000
2026/10/01 10:57:06.158, 1, 1001 MHz, 3004 MHz, 73.77 W, 69, 0x0000000000000000
2026/10/01 10:57:06.262, 0, 1001 MHz, 3004 MHz, 74.61 W, 72, 0x0000000000000000
2026/10/01 10:57:06.266, 1, 1001 MHz, 3004 MHz, 73.77 W, 69, 0x0000000000000000
2026/10/01 10:57:06.370, 0, 1001 MHz, 3004 MHz, 74.71 W, 72, 0x0000000000000000
2026/10/01 10:57:06.375, 1, 1001 MHz, 3004 MHz, 73.77 W, 69, 0x0000000000000000
2026/10/01 10:57:06.479, 0, 1001 MHz, 3004 MHz, 74.71 W, 72, 0x0000000000000000
2026/10/01 10:57:06.484, 1, 1001 MHz, 3004 MHz, 73.77 W, 69, 0x0000000000000000
2026/10/01 10:57:06.588, 0, 1001 MHz, 3004 MHz, 74.61 W, 72, 0x0000000000000000
2026/10/01 10:57:06.593, 1, 1001 MHz, 3004 MHz, 73.68 W, 69, 0x0000000000000000
2026/10/01 10:57:06.697, 0, 1001 MHz, 3004 MHz, 74.61 W, 72, 0x0000000000000000
2026/10/01 10:57:06.702, 1, 1001 MHz, 3004 MHz, 73.68 W, 69, 0x0000000000000000
2026/10/01 10:57:06.806, 0, 1001 MHz, 3004 MHz, 74.61 W, 72, 0x0000000000000000
2026/10/01 10:57:06.811, 1, 1001 MHz, 3004 MHz, 73.77 W, 69, 0x0000000000000000
2026/10/01 10:57:06.915, 0, 1001 MHz, 3004 MHz, 74.61 W, 72, 0x0000000000000000
2026/10/01 10:57:06.919, 1, 1001 MHz, 3004 MHz, 73.77 W, 69, 0x0000000000000000
2026/10/01 10:57:07.023, 0, 1001 MHz, 3004 MHz, 74.61 W, 72, 0x0000000000000000
2026/10/01 10:57:07.028, 1, 1001 MHz, 3004 MHz, 73.68 W, 69, 0x0000000000000000
2026/10/01 10:57:07.133, 0, 1001 MHz, 3004 MHz, 74.80 W, 72, 0x0000000000000000
2026/10/01 10:57:07.137, 1, 1001 MHz, 3004 MHz, 73.97 W, 69, 0x0000000000000000
2026/10/01 10:57:07.242, 0, 1001 MHz, 3004 MHz, 74.99 W, 72, 0x0000000000000000
2026/10/01 10:57:07.246, 1, 1189 MHz, 3004 MHz, 78.13 W, 69, 0x0000000000000000
2026/10/01 10:57:07.351, 0, 1113 MHz, 3004 MHz, 80.07 W, 72, 0x0000000000000000
2026/10/01 10:57:07.356, 1, 1189 MHz, 3004 MHz, 85.24 W, 70, 0x0000000000000000
2026/10/01 10:57:07.461, 0, 1177 MHz, 3004 MHz, 84.02 W, 72, 0x0000000000000000
2026/10/01 10:57:07.465, 1, 1189 MHz, 3004 MHz, 87.59 W, 69, 0x0000000000000000
2026/10/01 10:57:07.570, 0, 1177 MHz, 3004 MHz, 87.41 W, 72, 0x0000000000000000
2026/10/01 10:57:07.575, 1, 1189 MHz, 3004 MHz, 88.15 W, 70, 0x0000000000000000
2026/10/01 10:57:07.679, 0, 1177 MHz, 3004 MHz, 88.66 W, 73, 0x0000000000000000
2026/10/01 10:57:07.684, 1, 1189 MHz, 3004 MHz, 88.44 W, 70, 0x0000000000000000
2026/10/01 10:57:07.788, 0, 1177 MHz, 3004 MHz, 190.39 W, 75, 0x0000000000000000
2026/10/01 10:57:07.792, 1, 1189 MHz, 3004 MHz, 193.90 W, 73, 0x0000000000000000
2026/10/01 10:57:07.897, 0, 1177 MHz, 3004 MHz, 251.60 W, 76, 0x0000000000000000
2026/10/01 10:57:07.901, 1, 1189 MHz, 3004 MHz, 257.36 W, 74, 0x0000000000000000
2026/10/01 10:57:08.005, 0, 1139 MHz, 3004 MHz, 266.37 W, 77, 0x0000000000000000
2026/10/01 10:57:08.012, 1, 1113 MHz, 3004 MHz, 266.02 W, 74, 0x0000000000000000
2026/10/01 10:57:08.116, 0, 1101 MHz, 3004 MHz, 257.63 W, 77, 0x0000000000000000
2026/10/01 10:57:08.120, 1, 1088 MHz, 3004 MHz, 254.52 W, 74, 0x0000000000000000
2026/10/01 10:57:08.225, 0, 1075 MHz, 3004 MHz, 246.30 W, 77, 0x0000000000000000
2026/10/01 10:57:08.229, 1, 1088 MHz, 3004 MHz, 243.42 W, 75, 0x0000000000000000
2026/10/01 10:57:08.333, 0, 1075 MHz, 3004 MHz, 242.88 W, 78, 0x0000000000000000
2026/10/01 10:57:08.337, 1, 1088 MHz, 3004 MHz, 241.67 W, 75, 0x0000000000000000
2026/10/01 10:57:08.441, 0, 1088 MHz, 3004 MHz, 241.35 W, 77, 0x0000000000000000
2026/10/01 10:57:08.445, 1, 1101 MHz, 3004 MHz, 242.63 W, 75, 0x0000000000000000
2026/10/01 10:57:08.550, 0, 1088 MHz, 3004 MHz, 244.88 W, 78, 0x0000000000000000
2026/10/01 10:57:08.557, 1, 1113 MHz, 3004 MHz, 245.40 W, 75, 0x0000000000000000
2026/10/01 10:57:08.661, 0, 1101 MHz, 3004 MHz, 247.26 W, 78, 0x0000000000000000
2026/10/01 10:57:08.665, 1, 1113 MHz, 3004 MHz, 246.83 W, 76, 0x0000000000000000
2026/10/01 10:57:08.769, 0, 1101 MHz, 3004 MHz, 248.88 W, 78, 0x0000000000000000
2026/10/01 10:57:08.773, 1, 1113 MHz, 3004 MHz, 250.63 W, 76, 0x0000000000000000
2026/10/01 10:57:08.877, 0, 1101 MHz, 3004 MHz, 250.02 W, 78, 0x0000000000000000
2026/10/01 10:57:08.882, 1, 1101 MHz, 3004 MHz, 246.98 W, 76, 0x0000000000000000
2026/10/01 10:57:08.986, 0, 1088 MHz, 3004 MHz, 248.14 W, 79, 0x0000000000000000
2026/10/01 10:57:08.990, 1, 1101 MHz, 3004 MHz, 248.16 W, 76, 0x0000000000000000
2026/10/01 10:57:09.094, 0, 1088 MHz, 3004 MHz, 246.79 W, 79, 0x0000000000000000
2026/10/01 10:57:09.098, 1, 1101 MHz, 3004 MHz, 244.80 W, 76, 0x0000000000000000
2026/10/01 10:57:09.202, 0, 1088 MHz, 3004 MHz, 246.21 W, 79, 0x0000000000000000
2026/10/01 10:57:09.206, 1, 1101 MHz, 3004 MHz, 247.36 W, 76, 0x0000000000000000
2026/10/01 10:57:09.314, 0, 1088 MHz, 3004 MHz, 246.39 W, 79, 0x0000000000000000
2026/10/01 10:57:09.318, 1, 1101 MHz, 3004 MHz, 244.96 W, 77, 0x0000000000000000
2026/10/01 10:57:09.422, 0, 1088 MHz, 3004 MHz, 246.12 W, 79, 0x0000000000000000
2026/10/01 10:57:09.426, 1, 1101 MHz, 3004 MHz, 247.13 W, 77, 0x0000000000000000
2026/10/01 10:57:09.530, 0, 1088 MHz, 3004 MHz, 248.32 W, 79, 0x0000000000000000
2026/10/01 10:57:09.535, 1, 1101 MHz, 3004 MHz, 243.83 W, 77, 0x0000000000000000
2026/10/01 10:57:09.639, 0, 1088 MHz, 3004 MHz, 247.74 W, 79, 0x0000000000000000
2026/10/01 10:57:09.643, 1, 1113 MHz, 3004 MHz, 248.25 W, 77, 0x0000000000000000
2026/10/01 10:57:09.747, 0, 1088 MHz, 3004 MHz, 247.27 W, 79, 0x0000000000000000
2026/10/01 10:57:09.751, 1, 1113 MHz, 3004 MHz, 248.25 W, 77, 0x0000000000000000
2026/10/01 10:57:09.855, 0, 1088 MHz, 3004 MHz, 247.02 W, 79, 0x0000000000000000
2026/10/01 10:57:09.859, 1, 1101 MHz, 3004 MHz, 250.30 W, 77, 0x0000000000000000
2026/10/01 10:57:09.964, 0, 1088 MHz, 3004 MHz, 246.97 W, 79, 0x0000000000000000
2026/10/01 10:57:09.968, 1, 1101 MHz, 3004 MHz, 245.25 W, 77, 0x0000000000000000
2026/10/01 10:57:10.072, 0, 1088 MHz, 3004 MHz, 246.77 W, 80, 0x0000000000000000
2026/10/01 10:57:10.076, 1, 1113 MHz, 3004 MHz, 247.51 W, 77, 0x0000000000000000
2026/10/01 10:57:10.180, 0, 1088 MHz, 3004 MHz, 246.46 W, 80, 0x0000000000000000
2026/10/01 10:57:10.185, 1, 1113 MHz, 3004 MHz, 245.68 W, 77, 0x0000000000000000
2026/10/01 10:57:10.289, 0, 1088 MHz, 3004 MHz, 246.19 W, 80, 0x0000000000000000
2026/10/01 10:57:10.293, 1, 1113 MHz, 3004 MHz, 250.58 W, 77, 0x0000000000000000
2026/10/01 10:57:10.397, 0, 1088 MHz, 3004 MHz, 245.82 W, 80, 0x0000000000000000
2026/10/01 10:57:10.401, 1, 1101 MHz, 3004 MHz, 243.48 W, 77, 0x0000000000000000
2026/10/01 10:57:10.505, 0, 1088 MHz, 3004 MHz, 247.83 W, 80, 0x0000000000000000
2026/10/01 10:57:10.509, 1, 1101 MHz, 3004 MHz, 246.25 W, 77, 0x0000000000000000
2026/10/01 10:57:10.614, 0, 1088 MHz, 3004 MHz, 247.63 W, 80, 0x0000000000000000
2026/10/01 10:57:10.618, 1, 1101 MHz, 3004 MHz, 242.50 W, 77, 0x0000000000000000
2026/10/01 10:57:10.723, 0, 1088 MHz, 3004 MHz, 247.25 W, 80, 0x0000000000000000
2026/10/01 10:57:10.729, 1, 1113 MHz, 3004 MHz, 245.35 W, 78, 0x0000000000000000
2026/10/01 10:57:10.834, 0, 1088 MHz, 3004 MHz, 247.25 W, 80, 0x0000000000000000
2026/10/01 10:57:10.838, 1, 1101 MHz, 3004 MHz, 245.58 W, 77, 0x0000000000000000
2026/10/01 10:57:10.942, 0, 1088 MHz, 3004 MHz, 246.86 W, 80, 0x0000000000000000
2026/10/01 10:57:10.946, 1, 1101 MHz, 3004 MHz, 248.96 W, 78, 0x0000000000000000
2026/10/01 10:57:11.051, 0, 1088 MHz, 3004 MHz, 247.15 W, 80, 0x0000000000000000
2026/10/01 10:57:11.055, 1, 1101 MHz, 3004 MHz, 244.43 W, 78, 0x0000000000000000
2026/10/01 10:57:11.159, 0, 1088 MHz, 3004 MHz, 247.25 W, 80, 0x0000000000000000
2026/10/01 10:57:11.163, 1, 1101 MHz, 3004 MHz, 248.32 W, 78, 0x0000000000000000
2026/10/01 10:57:11.267, 0, 1088 MHz, 3004 MHz, 246.57 W, 81, 0x0000000000000000
2026/10/01 10:57:11.272, 1, 1101 MHz, 3004 MHz, 241.86 W, 78, 0x0000000000000000
2026/10/01 10:57:11.376, 0, 1088 MHz, 3004 MHz, 246.29 W, 80, 0x0000000000000000
2026/10/01 10:57:11.380, 1, 1101 MHz, 3004 MHz, 247.16 W, 78, 0x0000000000000000
2026/10/01 10:57:11.484, 0, 1088 MHz, 3004 MHz, 245.92 W, 81, 0x0000000000000000
2026/10/01 10:57:11.489, 1, 1113 MHz, 3004 MHz, 245.54 W, 78, 0x0000000000000000
2026/10/01 10:57:11.593, 0, 1088 MHz, 3004 MHz, 247.81 W, 81, 0x0000000000000000
2026/10/01 10:57:11.597, 1, 1113 MHz, 3004 MHz, 250.95 W, 78, 0x0000000000000000
2026/10/01 10:57:11.702, 0, 1088 MHz, 3004 MHz, 248.59 W, 81, 0x0000000000000000
2026/10/01 10:57:11.706, 1, 1101 MHz, 3004 MHz, 242.50 W, 78, 0x0000000000000000
2026/10/01 10:57:11.810, 0, 1088 MHz, 3004 MHz, 248.89 W, 81, 0x0000000000000000
2026/10/01 10:57:11.814, 1, 1113 MHz, 3004 MHz, 250.10 W, 78, 0x0000000000000000
2026/10/01 10:57:11.918, 0, 1088 MHz, 3004 MHz, 248.02 W, 81, 0x0000000000000000
2026/10/01 10:57:11.922, 1, 1101 MHz, 3004 MHz, 252.30 W, 79, 0x0000000000000000
2026/10/01 10:57:12.027, 0, 1088 MHz, 3004 MHz, 247.83 W, 81, 0x0000000000000000
2026/10/01 10:57:12.031, 1, 1101 MHz, 3004 MHz, 248.42 W, 78, 0x0000000000000000
2026/10/01 10:57:12.135, 0, 1088 MHz, 3004 MHz, 247.25 W, 81, 0x0000000000000000
2026/10/01 10:57:12.139, 1, 1101 MHz, 3004 MHz, 249.42 W, 79, 0x0000000000000000
2026/10/01 10:57:12.243, 0, 1088 MHz, 3004 MHz, 246.96 W, 81, 0x0000000000000000
2026/10/01 10:57:12.248, 1, 1113 MHz, 3004 MHz, 247.16 W, 79, 0x0000000000000000
2026/10/01 10:57:12.352, 0, 1088 MHz, 3004 MHz, 247.15 W, 81, 0x0000000000000000
2026/10/01 10:57:12.356, 1, 1101 MHz, 3004 MHz, 249.60 W, 79, 0x0000000000000000
2026/10/01 10:57:12.460, 0, 1088 MHz, 3004 MHz, 246.29 W, 81, 0x0000000000000000
2026/10/01 10:57:12.464, 1, 1101 MHz, 3004 MHz, 246.41 W, 79, 0x0000000000000000
2026/10/01 10:57:12.568, 0, 1088 MHz, 3004 MHz, 248.21 W, 81, 0x0000000000000000
2026/10/01 10:57:12.572, 1, 1101 MHz, 3004 MHz, 248.71 W, 79, 0x0000000000000000
2026/10/01 10:57:12.677, 0, 1088 MHz, 3004 MHz, 163.13 W, 79, 0x0000000000000000
2026/10/01 10:57:12.681, 1, 1101 MHz, 3004 MHz, 156.94 W, 77, 0x0000000000000000
2026/10/01 10:57:12.785, 0, 1151 MHz, 3505 MHz, 113.77 W, 79, 0x0000000000000002
2026/10/01 10:57:12.790, 1, 1189 MHz, 3505 MHz, 115.27 W, 76, 0x0000000000000002
2026/10/01 10:57:12.894, 0, 1151 MHz, 3505 MHz, 100.92 W, 78, 0x0000000000000002
2026/10/01 10:57:12.898, 1, 1189 MHz, 3505 MHz, 103.18 W, 76, 0x0000000000000002
2026/10/01 10:57:13.003, 0, 1151 MHz, 3505 MHz, 96.22 W, 78, 0x0000000000000002
2026/10/01 10:57:13.007, 1, 1189 MHz, 3505 MHz, 98.79 W, 76, 0x0000000000000002
2026/10/01 10:57:13.111, 0, 1151 MHz, 3505 MHz, 94.44 W, 78, 0x0000000000000002
2026/10/01 10:57:13.116, 1, 1189 MHz, 3505 MHz, 97.15 W, 76, 0x0000000000000002
2026/10/01 10:57:13.220, 0, 1151 MHz, 3505 MHz, 93.85 W, 78, 0x0000000000000002
2026/10/01 10:57:13.224, 1, 1189 MHz, 3505 MHz, 96.49 W, 76, 0x0000000000000002
2026/10/01 10:57:13.329, 0, 1151 MHz, 3505 MHz, 93.56 W, 78, 0x0000000000000002
2026/10/01 10:57:13.333, 1, 1189 MHz, 3505 MHz, 96.29 W, 76, 0x0000000000000002
2026/10/01 10:57:13.438, 0, 1151 MHz, 3505 MHz, 93.36 W, 78, 0x0000000000000002
2026/10/01 10:57:13.442, 1, 1189 MHz, 3505 MHz, 96.10 W, 75, 0x0000000000000002
2026/10/01 10:57:13.546, 0, 1151 MHz, 3505 MHz, 93.26 W, 78, 0x0000000000000002
2026/10/01 10:57:13.552, 1, 1189 MHz, 3505 MHz, 96.00 W, 75, 0x0000000000000002
2026/10/01 10:57:13.656, 0, 1151 MHz, 3505 MHz, 93.18 W, 78, 0x0000000000000002
2026/10/01 10:57:13.660, 1, 1189 MHz, 3505 MHz, 96.01 W, 75, 0x0000000000000002
2026/10/01 10:57:13.764, 0, 1151 MHz, 3505 MHz, 93.30 W, 78, 0x0000000000000002
2026/10/01 10:57:13.769, 1, 1189 MHz, 3505 MHz, 95.83 W, 75, 0x0000000000000002
2026/10/01 10:57:13.873, 0, 1151 MHz, 3505 MHz, 93.20 W, 78, 0x0000000000000002
2026/10/01 10:57:13.877, 1, 1189 MHz, 3505 MHz, 95.84 W, 75, 0x0000000000000002
2026/10/01 10:57:13.981, 0, 1151 MHz, 3505 MHz, 93.10 W, 77, 0x0000000000000002
2026/10/01 10:57:13.986, 1, 1189 MHz, 3505 MHz, 95.74 W, 75, 0x0000000000000002
2026/10/01 10:57:14.090, 0, 1151 MHz, 3505 MHz, 93.01 W, 77, 0x0000000000000002
2026/10/01 10:57:14.094, 1, 1189 MHz, 3505 MHz, 95.65 W, 75, 0x0000000000000002
2026/10/01 10:57:14.198, 0, 1151 MHz, 3505 MHz, 93.01 W, 78, 0x0000000000000002
2026/10/01 10:57:14.203, 1, 1189 MHz, 3505 MHz, 95.75 W, 75, 0x0000000000000002
2026/10/01 10:57:14.307, 0, 1151 MHz, 3505 MHz, 93.02 W, 77, 0x0000000000000002
2026/10/01 10:57:14.311, 1, 1189 MHz, 3505 MHz, 95.64 W, 75, 0x0000000000000000
2026/10/01 10:57:14.414, 0, 1151 MHz, 3505 MHz, 92.92 W, 77, 0x0000000000000002
2026/10/01 10:57:14.419, 1, 1189 MHz, 3505 MHz, 95.64 W, 75, 0x0000000000000000
2026/10/01 10:57:14.522, 0, 1151 MHz, 3505 MHz, 92.92 W, 77, 0x0000000000000002
2026/10/01 10:57:14.526, 1, 1189 MHz, 3505 MHz, 95.65 W, 75, 0x0000000000000000
2026/10/01 10:57:14.629, 0, 1151 MHz, 3505 MHz, 92.92 W, 77, 0x0000000000000000
2026/10/01 10:57:14.632, 1, 1189 MHz, 3505 MHz, 95.66 W, 75, 0x0000000000000000
2026/10/01 10:57:14.735, 0, 1151 MHz, 3505 MHz, 92.91 W, 77, 0x0000000000000000
2026/10/01 10:57:14.738, 1, 1189 MHz, 3505 MHz, 95.56 W, 75, 0x0000000000000000
2026/10/01 10:57:14.841, 0, 1151 MHz, 3505 MHz, 92.82 W, 77, 0x0000000000000000
2026/10/01 10:57:14.844, 1, 1189 MHz, 3505 MHz, 95.46 W, 75, 0x0000000000000000
2026/10/01 10:57:14.948, 0, 1151 MHz, 3505 MHz, 92.91 W, 77, 0x0000000000000000
2026/10/01 10:57:14.951, 1, 1189 MHz, 3505 MHz, 95.45 W, 75, 0x0000000000000000
2026/10/01 10:57:15.054, 0, 1151 MHz, 3505 MHz, 92.91 W, 77, 0x0000000000000000
2026/10/01 10:57:15.057, 1, 1189 MHz, 3505 MHz, 95.45 W, 75, 0x0000000000000000
2026/10/01 10:57:15.160, 0, 1151 MHz, 3505 MHz, 92.81 W, 77, 0x0000000000000000
2026/10/01 10:57:15.163, 1, 1189 MHz, 3505 MHz, 95.35 W, 75, 0x0000000000000000
2026/10/01 10:57:15.266, 0, 1151 MHz, 3505 MHz, 92.81 W, 77, 0x0000000000000000
2026/10/01 10:57:15.269, 1, 1189 MHz, 3505 MHz, 95.35 W, 75, 0x0000000000000000
2026/10/01 10:57:15.372, 0, 1151 MHz, 3505 MHz, 92.81 W, 77, 0x0000000000000000
2026/10/01 10:57:15.375, 1, 1189 MHz, 3505 MHz, 95.35 W, 75, 0x0000000000000000
2026/10/01 10:57:15.478, 0, 1151 MHz, 3505 MHz, 92.81 W, 77, 0x0000000000000000
2026/10/01 10:57:15.481, 1, 1189 MHz, 3505 MHz, 95.35 W, 74, 0x0000000000000000
2026/10/01 10:57:15.584, 0, 1151 MHz, 3505 MHz, 92.81 W, 77, 0x0000000000000000
2026/10/01 10:57:15.587, 1, 1189 MHz, 3505 MHz, 95.35 W, 75, 0x0000000000000000
2026/10/01 10:57:15.690, 0, 1151 MHz, 3505 MHz, 92.81 W, 77, 0x0000000000000000
2026/10/01 10:57:15.693, 1, 1189 MHz, 3505 MHz, 95.26 W, 75, 0x0000000000000000
2026/10/01 10:57:15.796, 0, 1151 MHz, 3505 MHz, 92.81 W, 77, 0x0000000000000000
2026/10/01 10:57:15.799, 1, 1189 MHz, 3505 MHz, 95.26 W, 74, 0x0000000000000000
2026/10/01 10:57:15.902, 0, 1151 MHz, 3505 MHz, 92.71 W, 77, 0x0000000000000000
2026/10/01 10:57:15.906, 1, 1189 MHz, 3505 MHz, 95.26 W, 74, 0x0000000000000000
2026/10/01 10:57:16.009, 0, 1151 MHz, 3505 MHz, 92.71 W, 77, 0x0000000000000000
2026/10/01 10:57:16.012, 1, 1189 MHz, 3505 MHz, 95.26 W, 74, 0x0000000000000000
2026/10/01 10:57:16.115, 0, 1151 MHz, 3505 MHz, 92.73 W, 77, 0x0000000000000000
2026/10/01 10:57:16.118, 1, 1189 MHz, 3505 MHz, 95.26 W, 74, 0x0000000000000000
2026/10/01 10:57:16.221, 0, 1151 MHz, 3505 MHz, 92.71 W, 77, 0x0000000000000000
2026/10/01 10:57:16.226, 1, 1189 MHz, 3505 MHz, 95.35 W, 74, 0x0000000000000000
2026/10/01 10:57:16.330, 0, 1151 MHz, 3505 MHz, 92.63 W, 77, 0x0000000000000000
2026/10/01 10:57:16.443, 1, 1189 MHz, 3505 MHz, 95.16 W, 74, 0x0000000000000000
2026/10/01 10:57:16.548, 0, 1151 MHz, 3004 MHz, 91.46 W, 77, 0x0000000000000000
2026/10/01 10:57:16.553, 1, 1189 MHz, 3004 MHz, 93.71 W, 74, 0x0000000000000000
2026/10/01 10:57:16.657, 0, 1151 MHz, 3004 MHz, 89.53 W, 76, 0x0000000000000000
2026/10/01 10:57:16.662, 1, 1189 MHz, 3004 MHz, 91.91 W, 74, 0x0000000000000000
2026/10/01 10:57:16.767, 0, 1151 MHz, 3004 MHz, 88.86 W, 77, 0x0000000000000000
2026/10/01 10:57:16.771, 1, 1189 MHz, 3004 MHz, 91.33 W, 74, 0x0000000000000000
2026/10/01 10:57:16.876, 0, 1151 MHz, 3004 MHz, 88.56 W, 76, 0x0000000000000000
2026/10/01 10:57:16.881, 1, 1189 MHz, 3004 MHz, 91.13 W, 74, 0x0000000000000000
2026/10/01 10:57:16.985, 0, 1151 MHz, 3004 MHz, 88.37 W, 76, 0x0000000000000000
2026/10/01 10:57:16.990, 1, 1189 MHz, 3004 MHz, 90.95 W, 74, 0x0000000000000000
2026/10/01 10:57:17.095, 0, 1151 MHz, 3004 MHz, 88.37 W, 76, 0x0000000000000000
2026/10/01 10:57:17.099, 1, 1189 MHz, 3004 MHz, 90.95 W, 74, 0x0000000000000000
2026/10/01 10:57:17.204, 0, 1151 MHz, 3004 MHz, 88.37 W, 76, 0x0000000000000000
2026/10/01 10:57:17.208, 1, 1189 MHz, 3004 MHz, 90.85 W, 74, 0x0000000000000000
2026/10/01 10:57:17.312, 0, 1151 MHz, 3004 MHz, 88.39 W, 76, 0x0000000000000000
2026/10/01 10:57:17.316, 1, 1189 MHz, 3004 MHz, 90.94 W, 74, 0x0000000000000000
2026/10/01 10:57:17.420, 0, 1151 MHz, 3004 MHz, 88.29 W, 76, 0x0000000000000000
2026/10/01 10:57:17.425, 1, 1189 MHz, 3004 MHz, 90.94 W, 74, 0x0000000000000000
2026/10/01 10:57:17.529, 0, 1151 MHz, 3004 MHz, 88.29 W, 76, 0x0000000000000000
2026/10/01 10:57:17.533, 1, 1189 MHz, 3004 MHz, 90.85 W, 74, 0x0000000000000000
2026/10/01 10:57:17.637, 0, 1151 MHz, 3004 MHz, 88.29 W, 76, 0x0000000000000000
2026/10/01 10:57:17.642, 1, 1189 MHz, 3004 MHz, 90.88 W, 74, 0x0000000000000000
2026/10/01 10:57:17.746, 0, 1151 MHz, 3004 MHz, 88.29 W, 76, 0x0000000000000000
2026/10/01 10:57:17.750, 1, 1189 MHz, 3004 MHz, 90.88 W, 74, 0x0000000000000000
2026/10/01 10:57:17.854, 0, 1151 MHz, 3004 MHz, 88.29 W, 76, 0x0000000000000000
2026/10/01 10:57:17.858, 1, 1189 MHz, 3004 MHz, 90.88 W, 74, 0x0000000000000000
2026/10/01 10:57:17.962, 0, 1151 MHz, 3004 MHz, 88.20 W, 76, 0x0000000000000000
2026/10/01 10:57:17.967, 1, 1189 MHz, 3004 MHz, 90.78 W, 74, 0x0000000000000000
2026/10/01 10:57:18.071, 0, 1151 MHz, 3004 MHz, 88.20 W, 76, 0x0000000000000000
2026/10/01 10:57:18.076, 1, 1189 MHz, 3004 MHz, 90.75 W, 74, 0x0000000000000000
2026/10/01 10:57:18.180, 0, 1151 MHz, 3004 MHz, 88.20 W, 76, 0x0000000000000000
2026/10/01 10:57:18.184, 1, 1189 MHz, 3004 MHz, 90.75 W, 74, 0x0000000000000000
2026/10/01 10:57:18.289, 0, 1151 MHz, 3004 MHz, 88.20 W, 76, 0x0000000000000000
2026/10/01 10:57:18.293, 1, 1189 MHz, 3004 MHz, 90.78 W, 74, 0x0000000000000000
2026/10/01 10:57:18.397, 0, 1151 MHz, 3004 MHz, 88.29 W, 76, 0x0000000000000000
2026/10/01 10:57:18.401, 1, 1189 MHz, 3004 MHz, 90.78 W, 74, 0x0000000000000000
2026/10/01 10:57:18.506, 0, 1151 MHz, 3004 MHz, 88.20 W, 76, 0x0000000000000000
2026/10/01 10:57:18.510, 1, 1189 MHz, 3004 MHz, 90.75 W, 74, 0x0000000000000000
2026/10/01 10:57:18.616, 0, 1151 MHz, 3004 MHz, 88.20 W, 76, 0x0000000000000000
2026/10/01 10:57:18.620, 1, 1189 MHz, 3004 MHz, 90.75 W, 73, 0x0000000000000000
2026/10/01 10:57:18.724, 0, 1151 MHz, 3004 MHz, 88.20 W, 76, 0x0000000000000000
2026/10/01 10:57:18.728, 1, 1189 MHz, 3004 MHz, 90.78 W, 73, 0x0000000000000000
2026/10/01 10:57:18.833, 0, 1151 MHz, 3004 MHz, 88.20 W, 76, 0x0000000000000000
2026/10/01 10:57:18.837, 1, 1189 MHz, 3004 MHz, 90.78 W, 73, 0x0000000000000000
2026/10/01 10:57:18.941, 0, 1151 MHz, 3004 MHz, 88.20 W, 76, 0x0000000000000000
2026/10/01 10:57:18.946, 1, 1189 MHz, 3004 MHz, 90.78 W, 73, 0x0000000000000000
2026/10/01 10:57:19.050, 0, 1151 MHz, 3004 MHz, 88.20 W, 76, 0x0000000000000000
2026/10/01 10:57:19.054, 1, 1189 MHz, 3004 MHz, 90.78 W, 73, 0x0000000000000000
2026/10/01 10:57:19.158, 0, 1151 MHz, 3004 MHz, 88.20 W, 76, 0x0000000000000000
2026/10/01 10:57:19.162, 1, 1189 MHz, 3004 MHz, 90.69 W, 73, 0x0000000000000000
2026/10/01 10:57:19.267, 0, 1151 MHz, 3004 MHz, 88.10 W, 76, 0x0000000000000000
2026/10/01 10:57:19.271, 1, 1189 MHz, 3004 MHz, 90.69 W, 74, 0x0000000000000000
2026/10/01 10:57:19.375, 0, 1151 MHz, 3004 MHz, 88.20 W, 76, 0x0000000000000000
2026/10/01 10:57:19.379, 1, 1189 MHz, 3004 MHz, 90.66 W, 73, 0x0000000000000000
2026/10/01 10:57:19.483, 0, 1151 MHz, 3004 MHz, 88.10 W, 76, 0x0000000000000000
2026/10/01 10:57:19.487, 1, 1189 MHz, 3004 MHz, 90.69 W, 73, 0x0000000000000000
2026/10/01 10:57:19.592, 0, 1151 MHz, 3004 MHz, 88.10 W, 76, 0x0000000000000000
2026/10/01 10:57:19.596, 1, 1189 MHz, 3004 MHz, 90.69 W, 73, 0x0000000000000000
2026/10/01 10:57:19.700, 0, 1151 MHz, 3004 MHz, 88.10 W, 76, 0x0000000000000000
2026/10/01 10:57:19.704, 1, 1189 MHz, 3004 MHz, 90.69 W, 73, 0x0000000000000000
2026/10/01 10:57:19.809, 0, 1151 MHz, 3004 MHz, 88.10 W, 76, 0x0000000000000000
2026/10/01 10:57:19.813, 1, 1189 MHz, 3004 MHz, 90.69 W, 73, 0x0000000000000000
2026/10/01 10:57:19.917, 0, 1151 MHz, 3004 MHz, 88.10 W, 76, 0x0000000000000000
2026/10/01 10:57:19.921, 1, 1189 MHz, 3004 MHz, 90.59 W, 73, 0x0000000000000000
2026/10/01 10:57:20.025, 0, 1151 MHz, 3004 MHz, 88.10 W, 76, 0x0000000000000000
2026/10/01 10:57:20.029, 1, 1189 MHz, 3004 MHz, 90.59 W, 73, 0x0000000000000000
2026/10/01 10:57:20.133, 0, 1151 MHz, 3004 MHz, 88.10 W, 76, 0x0000000000000000
2026/10/01 10:57:20.138, 1, 1189 MHz, 3004 MHz, 90.56 W, 73, 0x0000000000000000
2026/10/01 10:57:20.242, 0, 1151 MHz, 3004 MHz, 88.10 W, 76, 0x0000000000000000
2026/10/01 10:57:20.246, 1, 1189 MHz, 3004 MHz, 90.59 W, 73, 0x0000000000000000
2026/10/01 10:57:20.350, 0, 1151 MHz, 3004 MHz, 88.10 W, 76, 0x0000000000000000
2026/10/01 10:57:20.354, 1, 1189 MHz, 3004 MHz, 90.66 W, 73, 0x0000000000000000
2026/10/01 10:57:20.459, 0, 1151 MHz, 3004 MHz, 88.10 W, 76, 0x0000000000000000
2026/10/01 10:57:20.463, 1, 1189 MHz, 3004 MHz, 90.56 W, 73, 0x0000000000000000
2026/10/01 10:57:20.567, 0, 1151 MHz, 3004 MHz, 88.08 W, 76, 0x0000000000000000
2026/10/01 10:57:20.571, 1, 1189 MHz, 3004 MHz, 90.56 W, 73, 0x0000000000000000
2026/10/01 10:57:20.676, 0, 1151 MHz, 3004 MHz, 88.08 W, 76, 0x0000000000000000
2026/10/01 10:57:20.680, 1, 1189 MHz, 3004 MHz, 90.56 W, 73, 0x0000000000000000
2026/10/01 10:57:20.784, 0, 1151 MHz, 3004 MHz, 88.08 W, 76, 0x0000000000000000
2026/10/01 10:57:20.788, 1, 1189 MHz, 3004 MHz, 90.56 W, 73, 0x0000000000000000
2026/10/01 10:57:20.892, 0, 1151 MHz, 3004 MHz, 87.98 W, 76, 0x0000000000000000
2026/10/01 10:57:20.897, 1, 1189 MHz, 3004 MHz, 90.46 W, 73, 0x0000000000000000
2026/10/01 10:57:21.001, 0, 1151 MHz, 3004 MHz, 88.08 W, 76, 0x0000000000000000
2026/10/01 10:57:21.006, 1, 1189 MHz, 3004 MHz, 90.56 W, 73, 0x0000000000000000
2026/10/01 10:57:21.111, 0, 1151 MHz, 3004 MHz, 88.08 W, 76, 0x0000000000000000
2026/10/01 10:57:21.116, 1, 1189 MHz, 3004 MHz, 90.56 W, 73, 0x0000000000000000
2026/10/01 10:57:21.220, 0, 1151 MHz, 3004 MHz, 87.98 W, 76, 0x0000000000000000
2026/10/01 10:57:21.224, 1, 1189 MHz, 3004 MHz, 90.56 W, 73, 0x0000000000000000
2026/10/01 10:57:21.328, 0, 1151 MHz, 3004 MHz, 87.98 W, 75, 0x0000000000000000
2026/10/01 10:57:21.333, 1, 1189 MHz, 3004 MHz, 90.56 W, 73, 0x0000000000000000
2026/10/01 10:57:21.437, 0, 1151 MHz, 3004 MHz, 87.98 W, 76, 0x0000000000000000
2026/10/01 10:57:21.442, 1, 1189 MHz, 3004 MHz, 90.56 W, 73, 0x0000000000000000
2026/10/01 10:57:21.546, 0, 1151 MHz, 3004 MHz, 88.27 W, 76, 0x0000000000000000
2026/10/01 10:57:21.551, 1, 1189 MHz, 3004 MHz, 90.84 W, 73, 0x0000000000000000
2026/10/01 10:57:21.655, 0, 1177 MHz, 3004 MHz, 89.43 W, 76, 0x0000000000000000
2026/10/01 10:57:21.660, 1, 1189 MHz, 3004 MHz, 91.13 W, 73, 0x0000000000000000
2026/10/01 10:57:21.764, 0, 1177 MHz, 3004 MHz, 90.79 W, 76, 0x0000000000000000
2026/10/01 10:57:21.769, 1, 1189 MHz, 3004 MHz, 91.21 W, 73, 0x0000000000000000
2026/10/01 10:57:21.874, 0, 1177 MHz, 3004 MHz, 90.98 W, 76, 0x0000000000000000
2026/10/01 10:57:21.878, 1, 1189 MHz, 3004 MHz, 90.85 W, 73, 0x0000000000000000
2026/10/01 10:57:21.983, 0, 1177 MHz, 3004 MHz, 90.79 W, 76, 0x0000000000000000
2026/10/01 10:57:21.988, 1, 1189 MHz, 3004 MHz, 90.66 W, 73, 0x0000000000000000
2026/10/01 10:57:22.092, 0, 1177 MHz, 3004 MHz, 212.65 W, 79, 0x0000000000000000
2026/10/01 10:57:22.096, 1, 1189 MHz, 3004 MHz, 216.75 W, 76, 0x0000000000000000
2026/10/01 10:57:22.201, 0, 1177 MHz, 3004 MHz, 262.06 W, 80, 0x0000000000000000
2026/10/01 10:57:22.205, 1, 1189 MHz, 3004 MHz, 255.22 W, 77, 0x0000000000000000
2026/10/01 10:57:22.309, 0, 1126 MHz, 3004 MHz, 269.80 W, 80, 0x0000000000000000
2026/10/01 10:57:22.313, 1, 1164 MHz, 3004 MHz, 271.98 W, 78, 0x0000000000000000
2026/10/01 10:57:22.420, 0, 1075 MHz, 3004 MHz, 256.26 W, 80, 0x0000000000000000
2026/10/01 10:57:22.424, 1, 1075 MHz, 3004 MHz, 248.93 W, 78, 0x0000000000000000
2026/10/01 10:57:22.528, 0, 1088 MHz, 3004 MHz, 243.10 W, 80, 0x0000000000000000
2026/10/01 10:57:22.532, 1, 1075 MHz, 3004 MHz, 239.27 W, 77, 0x0000000000000000
2026/10/01 10:57:22.636, 0, 1101 MHz, 3004 MHz, 246.10 W, 80, 0x0000000000000000
2026/10/01 10:57:22.641, 1, 1088 MHz, 3004 MHz, 241.78 W, 78, 0x0000000000000000
2026/10/01 10:57:22.745, 0, 1101 MHz, 3004 MHz, 250.29 W, 80, 0x0000000000000000
2026/10/01 10:57:22.749, 1, 1088 MHz, 3004 MHz, 243.28 W, 78, 0x0000000000000000
2026/10/01 10:57:22.856, 0, 1075 MHz, 3004 MHz, 250.22 W, 80, 0x0000000000000000
2026/10/01 10:57:22.860, 1, 1088 MHz, 3004 MHz, 242.71 W, 78, 0x0000000000000000
2026/10/01 10:57:22.964, 0, 1075 MHz, 3004 MHz, 244.15 W, 80, 0x0000000000000000
2026/10/01 10:57:22.968, 1, 1101 MHz, 3004 MHz, 245.03 W, 78, 0x0000000000000000
2026/10/01 10:57:23.072, 0, 1075 MHz, 3004 MHz, 242.24 W, 81, 0x0000000000000000
2026/10/01 10:57:23.077, 1, 1101 MHz, 3004 MHz, 250.34 W, 78, 0x0000000000000000
2026/10/01 10:57:23.181, 0, 1075 MHz, 3004 MHz, 242.39 W, 81, 0x0000000000000000
2026/10/01 10:57:23.185, 1, 1101 MHz, 3004 MHz, 247.13 W, 78, 0x0000000000000000
2026/10/01 10:57:23.289, 0, 1075 MHz, 3004 MHz, 243.14 W, 81, 0x0000000000000000
2026/10/01 10:57:23.293, 1, 1101 MHz, 3004 MHz, 248.53 W, 79, 0x0000000000000000
2026/10/01 10:57:23.398, 0, 1075 MHz, 3004 MHz, 243.15 W, 81, 0x0000000000000000
2026/10/01 10:57:23.402, 1, 1101 MHz, 3004 MHz, 244.02 W, 78, 0x0000000000000000
2026/10/01 10:57:23.506, 0, 1075 MHz, 3004 MHz, 242.79 W, 81, 0x0000000000000000
2026/10/01 10:57:23.510, 1, 1101 MHz, 3004 MHz, 249.09 W, 79, 0x0000000000000000
2026/10/01 10:57:23.614, 0, 1075 MHz, 3004 MHz, 242.77 W, 81, 0x0000000000000000
2026/10/01 10:57:23.619, 1, 1101 MHz, 3004 MHz, 245.76 W, 79, 0x0000000000000000
2026/10/01 10:57:23.725, 0, 1088 MHz, 3004 MHz, 245.64 W, 81, 0x0000000000000000
2026/10/01 10:57:23.730, 1, 1101 MHz, 3004 MHz, 250.22 W, 79, 0x0000000000000000
2026/10/01 10:57:23.834, 0, 1101 MHz, 3004 MHz, 245.26 W, 81, 0x0000000000000000
2026/10/01 10:57:23.838, 1, 1101 MHz, 3004 MHz, 240.96 W, 78, 0x0000000000000000
2026/10/01 10:57:23.942, 0, 1101 MHz, 3004 MHz, 249.94 W, 82, 0x0000000000000000
2026/10/01 10:57:23.946, 1, 1101 MHz, 3004 MHz, 247.78 W, 79, 0x0000000000000000
2026/10/01 10:57:24.051, 0, 1088 MHz, 3004 MHz, 250.27 W, 81, 0x0000000000000000
2026/10/01 10:57:24.058, 1, 1088 MHz, 3004 MHz, 244.78 W, 79, 0x0000000000000000
2026/10/01 10:57:24.162, 0, 1075 MHz, 3004 MHz, 244.82 W, 82, 0x0000000000000000
2026/10/01 10:57:24.167, 1, 1088 MHz, 3004 MHz, 244.99 W, 79, 0x0000000000000000
2026/10/01 10:57:24.271, 0, 1075 MHz, 3004 MHz, 241.07 W, 81, 0x0000000000000000
2026/10/01 10:57:24.275, 1, 1088 MHz, 3004 MHz, 239.44 W, 79, 0x0000000000000000
2026/10/01 10:57:24.379, 0, 1075 MHz, 3004 MHz, 241.93 W, 81, 0x0000000000000000
2026/10/01 10:57:24.384, 1, 1088 MHz, 3004 MHz, 243.10 W, 79, 0x0000000000000000
2026/10/01 10:57:24.488, 0, 1075 MHz, 3004 MHz, 240.87 W, 82, 0x0000000000000000
2026/10/01 10:57:24.492, 1, 1088 MHz, 3004 MHz, 238.49 W, 79, 0x0000000000000000
2026/10/01 10:57:24.596, 0, 1075 MHz, 3004 MHz, 244.93 W, 82, 0x0000000000000000
2026/10/01 10:57:24.600, 1, 1101 MHz, 3004 MHz, 242.62 W, 79, 0x0000000000000000
2026/10/01 10:57:24.705, 0, 1075 MHz, 3004 MHz, 243.44 W, 82, 0x0000000000000000
2026/10/01 10:57:24.709, 1, 1101 MHz, 3004 MHz, 247.94 W, 80, 0x0000000000000000
2026/10/01 10:57:24.813, 0, 1088 MHz, 3004 MHz, 243.17 W, 82, 0x0000000000000000
2026/10/01 10:57:24.817, 1, 1113 MHz, 3004 MHz, 249.77 W, 80, 0x0000000000000000
2026/10/01 10:57:24.921, 0, 1088 MHz, 3004 MHz, 247.15 W, 82, 0x0000000000000000
2026/10/01 10:57:24.925, 1, 1101 MHz, 3004 MHz, 253.06 W, 80, 0x0000000000000000
2026/10/01 10:57:25.030, 0, 1088 MHz, 3004 MHz, 249.73 W, 82, 0x0000000000000000
2026/10/01 10:57:25.034, 1, 1101 MHz, 3004 MHz, 249.15 W, 80, 0x0000000000000000
2026/10/01 10:57:25.138, 0, 1075 MHz, 3004 MHz, 244.85 W, 82, 0x0000000000000000
2026/10/01 10:57:25.142, 1, 1088 MHz, 3004 MHz, 248.90 W, 80, 0x0000000000000000
2026/10/01 10:57:25.246, 0, 1075 MHz, 3004 MHz, 241.83 W, 82, 0x0000000000000000
2026/10/01 10:57:25.250, 1, 1088 MHz, 3004 MHz, 241.16 W, 80, 0x0000000000000000
2026/10/01 10:57:25.355, 0, 1088 MHz, 3004 MHz, 245.28 W, 82, 0x0000000000000000
2026/10/01 10:57:25.359, 1, 1113 MHz, 3004 MHz, 251.74 W, 80, 0x0000000000000000
2026/10/01 10:57:25.463, 0, 1088 MHz, 3004 MHz, 246.67 W, 83, 0x0000000000000000
2026/10/01 10:57:25.468, 1, 1113 MHz, 3004 MHz, 250.29 W, 80, 0x0000000000000000
2026/10/01 10:57:25.572, 0, 1088 MHz, 3004 MHz, 247.44 W, 82, 0x0000000000000000
2026/10/01 10:57:25.576, 1, 1101 MHz, 3004 MHz, 251.93 W, 80, 0x0000000000000000
2026/10/01 10:57:25.680, 0, 1088 MHz, 3004 MHz, 249.15 W, 83, 0x0000000000000000
2026/10/01 10:57:25.685, 1, 1088 MHz, 3004 MHz, 242.37 W, 80, 0x0000000000000000
2026/10/01 10:57:25.789, 0, 1088 MHz, 3004 MHz, 250.21 W, 83, 0x0000000000000000
2026/10/01 10:57:25.793, 1, 1088 MHz, 3004 MHz, 246.12 W, 80, 0x0000000000000000
2026/10/01 10:57:25.897, 0, 1075 MHz, 3004 MHz, 247.83 W, 83, 0x0000000000000000
2026/10/01 10:57:25.901, 1, 1088 MHz, 3004 MHz, 245.44 W, 80, 0x0000000000000000
2026/10/01 10:57:26.005, 0, 1075 MHz, 3004 MHz, 244.85 W, 83, 0x0000000000000000
2026/10/01 10:57:26.010, 1, 1101 MHz, 3004 MHz, 248.65 W, 81, 0x0000000000000000
2026/10/01 10:57:26.114, 0, 1075 MHz, 3004 MHz, 243.42 W, 83, 0x0000000000000000
2026/10/01 10:57:26.119, 1, 1101 MHz, 3004 MHz, 244.34 W, 80, 0x0000000000000000
2026/10/01 10:57:26.223, 0, 1075 MHz, 3004 MHz, 245.63 W, 83, 0x0000000000000000
2026/10/01 10:57:26.227, 1, 1088 MHz, 3004 MHz, 248.07 W, 81, 0x0000000000000000
2026/10/01 10:57:26.331, 0, 1075 MHz, 3004 MHz, 243.75 W, 83, 0x0000000000000000
2026/10/01 10:57:26.335, 1, 1088 MHz, 3004 MHz, 241.66 W, 80, 0x0000000000000000
2026/10/01 10:57:26.439, 0, 1075 MHz, 3004 MHz, 245.72 W, 83, 0x0000000000000000
2026/10/01 10:57:26.444, 1, 1088 MHz, 3004 MHz, 246.02 W, 81, 0x0000000000000000
2026/10/01 10:57:26.548, 0, 1075 MHz, 3004 MHz, 243.55 W, 83, 0x0000000000000000
2026/10/01 10:57:26.552, 1, 1088 MHz, 3004 MHz, 242.81 W, 81, 0x0000000000000000
2026/10/01 10:57:26.657, 0, 1075 MHz, 3004 MHz, 243.55 W, 83, 0x0000000000000000
2026/10/01 10:57:26.661, 1, 1088 MHz, 3004 MHz, 245.49 W, 81, 0x0000000000000000
2026/10/01 10:57:26.765, 0, 1075 MHz, 3004 MHz, 244.51 W, 83, 0x0000000000000000
2026/10/01 10:57:26.769, 1, 1088 MHz, 3004 MHz, 239.63 W, 81, 0x0000000000000000
2026/10/01 10:57:26.873, 0, 1075 MHz, 3004 MHz, 244.12 W, 84, 0x0000000000000000
2026/10/01 10:57:26.877, 1, 1088 MHz, 3004 MHz, 245.83 W, 81, 0x0000000000000000
2026/10/01 10:57:26.981, 0, 1075 MHz, 3004 MHz, 243.65 W, 83, 0x0000000000000000
2026/10/01 10:57:26.985, 1, 1088 MHz, 3004 MHz, 246.70 W, 81, 0x0000000000000000
2026/10/01 10:57:27.090, 0, 1075 MHz, 3004 MHz, 242.78 W, 83, 0x0000000000000000
2026/10/01 10:57:27.094, 1, 1088 MHz, 3004 MHz, 243.66 W, 81, 0x0000000000000000
2026/10/01 10:57:27.200, 0, 1075 MHz, 3004 MHz, 242.98 W, 84, 0x0000000000000000
2026/10/01 10:57:27.204, 1, 1101 MHz, 3004 MHz, 250.38 W, 81, 0x0000000000000000
2026/10/01 10:57:27.309, 0, 1075 MHz, 3004 MHz, 246.48 W, 84, 0x0000000000000000
2026/10/01 10:57:27.313, 1, 1088 MHz, 3004 MHz, 243.63 W, 81, 0x0000000000000000
2026/10/01 10:57:27.420, 0, 1075 MHz, 3004 MHz, 246.67 W, 84, 0x0000000000000000
2026/10/01 10:57:27.424, 1, 1088 MHz, 3004 MHz, 246.41 W, 81, 0x0000000000000000
2026/10/01 10:57:27.528, 0, 1075 MHz, 3004 MHz, 243.61 W, 84, 0x0000000000000000
2026/10/01 10:57:27.532, 1, 1088 MHz, 3004 MHz, 242.90 W, 81, 0x0000000000000000
2026/10/01 10:57:27.636, 0, 1075 MHz, 3004 MHz, 244.29 W, 84, 0x0000000000000000
2026/10/01 10:57:27.640, 1, 1101 MHz, 3004 MHz, 247.84 W, 81, 0x0000000000000000
2026/10/01 10:57:27.745, 0, 1075 MHz, 3004 MHz, 243.75 W, 84, 0x0000000000000000
2026/10/01 10:57:27.749, 1, 1101 MHz, 3004 MHz, 247.79 W, 81, 0x0000000000000000
2026/10/01 10:57:27.853, 0, 1075 MHz, 3004 MHz, 244.77 W, 84, 0x0000000000000000
2026/10/01 10:57:27.858, 1, 1101 MHz, 3004 MHz, 251.16 W, 81, 0x0000000000000000
2026/10/01 10:57:27.962, 0, 1075 MHz, 3004 MHz, 244.56 W, 84, 0x0000000000000000
2026/10/01 10:57:27.966, 1, 1113 MHz, 3004 MHz, 249.47 W, 81, 0x0000000000000000
2026/10/01 10:57:28.070, 0, 1075 MHz, 3004 MHz, 244.60 W, 84, 0x0000000000000000
2026/10/01 10:57:28.074, 1, 1101 MHz, 3004 MHz, 253.44 W, 82, 0x0000000000000000
2026/10/01 10:57:28.178, 0, 1075 MHz, 3004 MHz, 244.18 W, 84, 0x0000000000000000
2026/10/01 10:57:28.182, 1, 1088 MHz, 3004 MHz, 247.94 W, 82, 0x0000000000000000
2026/10/01 10:57:28.287, 0, 1075 MHz, 3004 MHz, 243.89 W, 84, 0x0000000000000000
2026/10/01 10:57:28.291, 1, 1088 MHz, 3004 MHz, 248.18 W, 82, 0x0000000000000000
2026/10/01 10:57:28.395, 0, 1075 MHz, 3004 MHz, 243.61 W, 84, 0x0000000000000000
2026/10/01 10:57:28.399, 1, 1088 MHz, 3004 MHz, 238.79 W, 81, 0x0000000000000000
2026/10/01 10:57:28.503, 0, 1075 MHz, 3004 MHz, 245.18 W, 84, 0x0000000000000000
2026/10/01 10:57:28.507, 1, 1101 MHz, 3004 MHz, 247.37 W, 82, 0x0000000000000000
2026/10/01 10:57:28.611, 0, 1075 MHz, 3004 MHz, 243.55 W, 84, 0x0000000000000000
2026/10/01 10:57:28.615, 1, 1101 MHz, 3004 MHz, 245.35 W, 82, 0x0000000000000000
2026/10/01 10:57:28.720, 0, 1075 MHz, 3004 MHz, 243.13 W, 84, 0x0000000000000000
2026/10/01 10:57:28.724, 1, 1088 MHz, 3004 MHz, 250.87 W, 82, 0x0000000000000000
2026/10/01 10:57:28.829, 0, 1075 MHz, 3004 MHz, 241.64 W, 84, 0x0000000000000000
2026/10/01 10:57:28.833, 1, 1088 MHz, 3004 MHz, 238.97 W, 82, 0x0000000000000000
2026/10/01 10:57:28.937, 0, 1075 MHz, 3004 MHz, 245.28 W, 84, 0x0000000000000000
2026/10/01 10:57:28.941, 1, 1101 MHz, 3004 MHz, 243.39 W, 82, 0x0000000000000000
2026/10/01 10:57:29.045, 0, 1075 MHz, 3004 MHz, 245.87 W, 84, 0x0000000000000000
2026/10/01 10:57:29.049, 1, 1088 MHz, 3004 MHz, 244.53 W, 82, 0x0000000000000000
2026/10/01 10:57:29.154, 0, 1075 MHz, 3004 MHz, 244.27 W, 85, 0x0000000000000000
2026/10/01 10:57:29.158, 1, 1088 MHz, 3004 MHz, 245.73 W, 82, 0x0000000000000000
2026/10/01 10:57:29.263, 0, 1075 MHz, 3004 MHz, 245.90 W, 85, 0x0000000000000000
2026/10/01 10:57:29.267, 1, 1088 MHz, 3004 MHz, 246.49 W, 82, 0x0000000000000000
2026/10/01 10:57:29.371, 0, 1075 MHz, 3004 MHz, 242.69 W, 85, 0x0000000000000000
2026/10/01 10:57:29.375, 1, 1088 MHz, 3004 MHz, 242.43 W, 82, 0x0000000000000000
2026/10/01 10:57:29.479, 0, 1075 MHz, 3004 MHz, 245.73 W, 85, 0x0000000000000000
2026/10/01 10:57:29.483, 1, 1088 MHz, 3004 MHz, 244.92 W, 82, 0x0000000000000000
2026/10/01 10:57:29.588, 0, 1075 MHz, 3004 MHz, 244.39 W, 85, 0x0000000000000000
2026/10/01 10:57:29.592, 1, 1088 MHz, 3004 MHz, 245.78 W, 82, 0x0000000000000000
2026/10/01 10:57:29.696, 0, 1075 MHz, 3004 MHz, 245.62 W, 85, 0x0000000000000000
2026/10/01 10:57:29.700, 1, 1101 MHz, 3004 MHz, 251.92 W, 82, 0x0000000000000000
2026/10/01 10:57:29.804, 0, 1088 MHz, 3004 MHz, 242.88 W, 85, 0x0000000000000000
2026/10/01 10:57:29.810, 1, 1088 MHz, 3004 MHz, 242.71 W, 82, 0x0000000000000000
2026/10/01 10:57:29.914, 0, 1088 MHz, 3004 MHz, 248.20 W, 85, 0x0000000000000000
2026/10/01 10:57:29.918, 1, 1088 MHz, 3004 MHz, 245.73 W, 83, 0x0000000000000000
2026/10/01 10:57:30.023, 0, 1075 MHz, 3004 MHz, 248.97 W, 85, 0x0000000000000000
2026/10/01 10:57:30.027, 1, 1088 MHz, 3004 MHz, 244.68 W, 83, 0x0000000000000000
2026/10/01 10:57:30.131, 0, 1075 MHz, 3004 MHz, 245.22 W, 85, 0x0000000000000000
2026/10/01 10:57:30.135, 1, 1088 MHz, 3004 MHz, 247.74 W, 83, 0x0000000000000000
2026/10/01 10:57:30.239, 0, 1075 MHz, 3004 MHz, 243.79 W, 85, 0x0000000000000000
2026/10/01 10:57:30.243, 1, 1088 MHz, 3004 MHz, 242.23 W, 83, 0x0000000000000000
2026/10/01 10:57:30.348, 0, 1075 MHz, 3004 MHz, 244.10 W, 85, 0x0000000000000000
2026/10/01 10:57:30.352, 1, 1101 MHz, 3004 MHz, 249.33 W, 83, 0x0000000000000000
2026/10/01 10:57:30.456, 0, 1075 MHz, 3004 MHz, 245.13 W, 85, 0x0000000000000000
2026/10/01 10:57:30.460, 1, 1088 MHz, 3004 MHz, 245.06 W, 83, 0x0000000000000000
2026/10/01 10:57:30.564, 0, 1075 MHz, 3004 MHz, 246.86 W, 85, 0x0000000000000000
2026/10/01 10:57:30.568, 1, 1088 MHz, 3004 MHz, 246.23 W, 83, 0x0000000000000000
2026/10/01 10:57:30.673, 0, 1075 MHz, 3004 MHz, 244.56 W, 85, 0x0000000000000000
2026/10/01 10:57:30.677, 1, 1088 MHz, 3004 MHz, 240.93 W, 83, 0x0000000000000000
2026/10/01 10:57:30.781, 0, 1075 MHz, 3004 MHz, 245.35 W, 85, 0x0000000000000000
2026/10/01 10:57:30.785, 1, 1101 MHz, 3004 MHz, 245.73 W, 83, 0x0000000000000000
2026/10/01 10:57:30.889, 0, 1075 MHz, 3004 MHz, 244.02 W, 85, 0x0000000000000000
2026/10/01 10:57:30.893, 1, 1101 MHz, 3004 MHz, 244.72 W, 83, 0x0000000000000000
2026/10/01 10:57:30.997, 0, 1075 MHz, 3004 MHz, 245.25 W, 85, 0x0000000000000000
2026/10/01 10:57:31.001, 1, 1101 MHz, 3004 MHz, 252.59 W, 83, 0x0000000000000000
2026/10/01 10:57:31.106, 0, 1075 MHz, 3004 MHz, 246.57 W, 85, 0x0000000000000000
2026/10/01 10:57:31.110, 1, 1088 MHz, 3004 MHz, 247.74 W, 83, 0x0000000000000000
2026/10/01 10:57:31.214, 0, 1075 MHz, 3004 MHz, 245.14 W, 85, 0x0000000000000000
2026/10/01 10:57:31.219, 1, 1088 MHz, 3004 MHz, 246.89 W, 83, 0x0000000000000000
2026/10/01 10:57:31.323, 0, 1075 MHz, 3004 MHz, 244.79 W, 85, 0x0000000000000000
2026/10/01 10:57:31.327, 1, 1088 MHz, 3004 MHz, 248.02 W, 83, 0x0000000000000000
2026/10/01 10:57:31.431, 0, 1075 MHz, 3004 MHz, 246.69 W, 86, 0x0000000000000000
2026/10/01 10:57:31.436, 1, 1088 MHz, 3004 MHz, 245.83 W, 83, 0x0000000000000000
2026/10/01 10:57:31.540, 0, 1075 MHz, 3004 MHz, 248.10 W, 86, 0x0000000000000000
2026/10/01 10:57:31.544, 1, 1088 MHz, 3004 MHz, 246.12 W, 83, 0x0000000000000000
2026/10/01 10:57:31.648, 0, 1075 MHz, 3004 MHz, 246.30 W, 86, 0x0000000000000000
2026/10/01 10:57:31.652, 1, 1088 MHz, 3004 MHz, 246.89 W, 83, 0x0000000000000000
2026/10/01 10:57:31.756, 0, 1075 MHz, 3004 MHz, 246.03 W, 86, 0x0000000000000000
2026/10/01 10:57:31.761, 1, 1088 MHz, 3004 MHz, 248.75 W, 83, 0x0000000000000000
2026/10/01 10:57:31.865, 0, 1075 MHz, 3004 MHz, 246.49 W, 86, 0x0000000000000000
2026/10/01 10:57:31.869, 1, 1088 MHz, 3004 MHz, 245.92 W, 83, 0x0000000000000000
2026/10/01 10:57:31.973, 0, 1075 MHz, 3004 MHz, 244.76 W, 86, 0x0000000000000000
2026/10/01 10:57:31.977, 1, 1088 MHz, 3004 MHz, 246.02 W, 83, 0x0000000000000000
2026/10/01 10:57:32.081, 0, 1075 MHz, 3004 MHz, 184.79 W, 84, 0x0000000000000000
2026/10/01 10:57:32.086, 1, 1088 MHz, 3004 MHz, 177.48 W, 82, 0x0000000000000000
2026/10/01 10:57:32.190, 0, 1075 MHz, 3505 MHz, 116.10 W, 83, 0x0000000000000002
2026/10/01 10:57:32.211, 1, 1088 MHz, 3505 MHz, 114.15 W, 80, 0x0000000000000002
2026/10/01 10:57:32.316, 0, 1075 MHz, 3505 MHz, 98.15 W, 83, 0x0000000000000002
2026/10/01 10:57:32.321, 1, 1088 MHz, 3505 MHz, 97.35 W, 80, 0x0000000000000002
2026/10/01 10:57:32.425, 0, 1075 MHz, 3505 MHz, 91.70 W, 82, 0x0000000000000002
2026/10/01 10:57:32.429, 1, 1088 MHz, 3505 MHz, 91.29 W, 80, 0x0000000000000002
2026/10/01 10:57:32.533, 0, 1075 MHz, 3505 MHz, 89.34 W, 82, 0x0000000000000002
2026/10/01 10:57:32.538, 1, 1088 MHz, 3505 MHz, 89.06 W, 80, 0x0000000000000002
2026/10/01 10:57:32.642, 0, 1075 MHz, 3505 MHz, 88.47 W, 82, 0x0000000000000002
2026/10/01 10:57:32.646, 1, 1088 MHz, 3505 MHz, 88.30 W, 80, 0x0000000000000002
2026/10/01 10:57:32.750, 0, 1075 MHz, 3505 MHz, 88.17 W, 82, 0x0000000000000002
2026/10/01 10:57:32.755, 1, 1088 MHz, 3505 MHz, 87.93 W, 80, 0x0000000000000002
2026/10/01 10:57:32.860, 0, 1075 MHz, 3505 MHz, 87.88 W, 82, 0x0000000000000002
2026/10/01 10:57:32.864, 1, 1088 MHz, 3505 MHz, 87.84 W, 80, 0x0000000000000002
2026/10/01 10:57:32.969, 0, 1075 MHz, 3505 MHz, 87.89 W, 82, 0x0000000000000002
2026/10/01 10:57:32.973, 1, 1088 MHz, 3505 MHz, 87.64 W, 79, 0x0000000000000002
2026/10/01 10:57:33.077, 0, 1075 MHz, 3505 MHz, 87.82 W, 82, 0x0000000000000002
2026/10/01 10:57:33.082, 1, 1088 MHz, 3505 MHz, 87.56 W, 79, 0x0000000000000002
2026/10/01 10:57:33.186, 0, 1075 MHz, 3505 MHz, 87.72 W, 82, 0x0000000000000002
2026/10/01 10:57:33.190, 1, 1088 MHz, 3505 MHz, 87.45 W, 79, 0x0000000000000002
2026/10/01 10:57:33.295, 0, 1075 MHz, 3505 MHz, 87.62 W, 82, 0x0000000000000002
2026/10/01 10:57:33.299, 1, 1088 MHz, 3505 MHz, 87.35 W, 79, 0x0000000000000002
2026/10/01 10:57:33.403, 0, 1075 MHz, 3505 MHz, 87.61 W, 82, 0x0000000000000002
2026/10/01 10:57:33.407, 1, 1088 MHz, 3505 MHz, 87.35 W, 79, 0x0000000000000000
2026/10/01 10:57:33.510, 0, 1075 MHz, 3505 MHz, 87.61 W, 82, 0x0000000000000002
2026/10/01 10:57:33.515, 1, 1088 MHz, 3505 MHz, 87.26 W, 79, 0x0000000000000000
2026/10/01 10:57:33.618, 0, 1075 MHz, 3505 MHz, 87.51 W, 82, 0x0000000000000000
2026/10/01 10:57:33.621, 1, 1088 MHz, 3505 MHz, 87.36 W, 79, 0x0000000000000000
2026/10/01 10:57:33.724, 0, 1075 MHz, 3505 MHz, 87.51 W, 82, 0x0000000000000000
2026/10/01 10:57:33.727, 1, 1088 MHz, 3505 MHz, 87.36 W, 79, 0x0000000000000000
2026/10/01 10:57:33.830, 0, 1075 MHz, 3505 MHz, 87.42 W, 81, 0x0000000000000000
2026/10/01 10:57:33.833, 1, 1088 MHz, 3505 MHz, 87.26 W, 79, 0x0000000000000000
2026/10/01 10:57:33.936, 0, 1075 MHz, 3505 MHz, 87.42 W, 81, 0x0000000000000000
2026/10/01 10:57:33.939, 1, 1088 MHz, 3505 MHz, 87.16 W, 79, 0x0000000000000000
2026/10/01 10:57:34.042, 0, 1075 MHz, 3505 MHz, 87.32 W, 81, 0x0000000000000000
2026/10/01 10:57:34.045, 1, 1088 MHz, 3505 MHz, 87.18 W, 79, 0x0000000000000000
2026/10/01 10:57:34.148, 0, 1075 MHz, 3505 MHz, 87.42 W, 81, 0x0000000000000000
2026/10/01 10:57:34.151, 1, 1088 MHz, 3505 MHz, 87.26 W, 79, 0x0000000000000000
2026/10/01 10:57:34.255, 0, 1075 MHz, 3505 MHz, 87.33 W, 81, 0x0000000000000000
2026/10/01 10:57:34.258, 1, 1088 MHz, 3505 MHz, 87.07 W, 79, 0x0000000000000000
2026/10/01 10:57:34.361, 0, 1075 MHz, 3505 MHz, 87.33 W, 81, 0x0000000000000000
2026/10/01 10:57:34.364, 1, 1088 MHz, 3505 MHz, 86.97 W, 78, 0x0000000000000000
2026/10/01 10:57:34.467, 0, 1075 MHz, 3505 MHz, 87.33 W, 81, 0x0000000000000000
2026/10/01 10:57:34.471, 1, 1088 MHz, 3505 MHz, 87.07 W, 78, 0x0000000000000000
2026/10/01 10:57:34.574, 0, 1075 MHz, 3505 MHz, 87.33 W, 81, 0x0000000000000000
2026/10/01 10:57:34.577, 1, 1088 MHz, 3505 MHz, 87.07 W, 79, 0x0000000000000000
2026/10/01 10:57:34.680, 0, 1075 MHz, 3505 MHz, 87.23 W, 81, 0x0000000000000000
2026/10/01 10:57:34.683, 1, 1088 MHz, 3505 MHz, 87.00 W, 78, 0x0000000000000000
2026/10/01 10:57:34.786, 0, 1075 MHz, 3505 MHz, 87.33 W, 81, 0x0000000000000000
2026/10/01 10:57:34.789, 1, 1088 MHz, 3505 MHz, 86.97 W, 79, 0x0000000000000000
2026/10/01 10:57:34.892, 0, 1075 MHz, 3505 MHz, 87.23 W, 81, 0x0000000000000000
2026/10/01 10:57:34.895, 1, 1088 MHz, 3505 MHz, 87.00 W, 78, 0x0000000000000000
2026/10/01 10:57:34.998, 0, 1075 MHz, 3505 MHz, 87.23 W, 81, 0x0000000000000000
2026/10/01 10:57:35.001, 1, 1088 MHz, 3505 MHz, 86.90 W, 78, 0x0000000000000000
2026/10/01 10:57:35.104, 0, 1075 MHz, 3505 MHz, 87.14 W, 81, 0x0000000000000000
2026/10/01 10:57:35.107, 1, 1088 MHz, 3505 MHz, 86.90 W, 78, 0x0000000000000000
2026/10/01 10:57:35.210, 0, 1075 MHz, 3505 MHz, 87.14 W, 81, 0x0000000000000000
2026/10/01 10:57:35.213, 1, 1088 MHz, 3505 MHz, 86.90 W, 78, 0x0000000000000000
2026/10/01 10:57:35.317, 0, 1075 MHz, 3505 MHz, 87.05 W, 81, 0x0000000000000000
2026/10/01 10:57:35.320, 1, 1088 MHz, 3505 MHz, 86.88 W, 78, 0x0000000000000000
2026/10/01 10:57:35.423, 0, 1075 MHz, 3505 MHz, 87.05 W, 80, 0x0000000000000000
2026/10/01 10:57:35.426, 1, 1088 MHz, 3505 MHz, 86.88 W, 78, 0x0000000000000000
2026/10/01 10:57:35.529, 0, 1075 MHz, 3505 MHz, 87.14 W, 81, 0x0000000000000000
2026/10/01 10:57:35.533, 1, 1088 MHz, 3505 MHz, 86.88 W, 78, 0x0000000000000000
2026/10/01 10:57:35.636, 0, 1075 MHz, 3505 MHz, 87.05 W, 80, 0x0000000000000000
2026/10/01 10:57:35.644, 1, 1088 MHz, 3505 MHz, 86.78 W, 78, 0x0000000000000000
2026/10/01 10:57:35.748, 0, 1075 MHz, 3505 MHz, 87.05 W, 80, 0x0000000000000000
2026/10/01 10:57:35.862, 1, 1088 MHz, 3505 MHz, 86.78 W, 78, 0x0000000000000000
2026/10/01 10:57:35.968, 0, 1075 MHz, 3004 MHz, 85.79 W, 80, 0x0000000000000000
2026/10/01 10:57:35.972, 1, 1088 MHz, 3004 MHz, 85.37 W, 78, 0x0000000000000000
2026/10/01 10:57:36.077, 0, 1075 MHz, 3004 MHz, 83.84 W, 80, 0x0000000000000000
2026/10/01 10:57:36.082, 1, 1088 MHz, 3004 MHz, 83.54 W, 78, 0x0000000000000000
2026/10/01 10:57:36.186, 0, 1075 MHz, 3004 MHz, 83.19 W, 80, 0x0000000000000000
2026/10/01 10:57:36.190, 1, 1088 MHz, 3004 MHz, 83.06 W, 78, 0x0000000000000000
2026/10/01 10:57:36.294, 0, 1075 MHz, 3004 MHz, 82.92 W, 80, 0x0000000000000000
2026/10/01 10:57:36.299, 1, 1088 MHz, 3004 MHz, 82.78 W, 78, 0x0000000000000000
2026/10/01 10:57:36.403, 0, 1075 MHz, 3004 MHz, 82.80 W, 80, 0x0000000000000000
2026/10/01 10:57:36.407, 1, 1088 MHz, 3004 MHz, 82.59 W, 78, 0x0000000000000000
2026/10/01 10:57:36.512, 0, 1075 MHz, 3004 MHz, 82.80 W, 80, 0x0000000000000000
2026/10/01 10:57:36.516, 1, 1088 MHz, 3004 MHz, 82.67 W, 78, 0x0000000000000000
2026/10/01 10:57:36.623, 0, 1075 MHz, 3004 MHz, 176.13 W, 82, 0x0000000000000000
2026/10/01 10:57:36.627, 1, 1189 MHz, 3004 MHz, 182.64 W, 80, 0x0000000000000000
2026/10/01 10:57:36.731, 0, 1164 MHz, 3004 MHz, 236.55 W, 83, 0x0000000000000000
2026/10/01 10:57:36.735, 1, 1177 MHz, 3004 MHz, 245.84 W, 82, 0x0000000000000000
2026/10/01 10:57:36.839, 0, 1139 MHz, 3004 MHz, 256.43 W, 84, 0x0000000000000000
2026/10/01 10:57:36.844, 1, 1126 MHz, 3004 MHz, 260.35 W, 82, 0x0000000000000000
2026/10/01 10:57:36.948, 0, 1101 MHz, 3004 MHz, 250.85 W, 84, 0x0000000000000000
2026/10/01 10:57:36.952, 1, 1088 MHz, 3004 MHz, 250.24 W, 82, 0x0000000000000000
2026/10/01 10:57:37.056, 0, 1075 MHz, 3004 MHz, 175.76 W, 82, 0x0000000000000000
2026/10/01 10:57:37.061, 1, 1088 MHz, 3004 MHz, 170.69 W, 80, 0x0000000000000000
2026/10/01 10:57:37.165, 0, 1075 MHz, 3505 MHz, 117.29 W, 81, 0x0000000000000002
2026/10/01 10:57:37.169, 1, 1139 MHz, 3505 MHz, 118.05 W, 79, 0x0000000000000002
2026/10/01 10:57:37.274, 0, 1075 MHz, 3505 MHz, 98.17 W, 81, 0x0000000000000002
2026/10/01 10:57:37.278, 1, 1139 MHz, 3505 MHz, 101.35 W, 79, 0x0000000000000002
2026/10/01 10:57:37.382, 0, 1075 MHz, 3505 MHz, 91.27 W, 81, 0x0000000000000002
2026/10/01 10:57:37.387, 1, 1139 MHz, 3505 MHz, 95.19 W, 79, 0x0000000000000002
2026/10/01 10:57:37.491, 0, 1075 MHz, 3505 MHz, 88.68 W, 81, 0x0000000000000002
2026/10/01 10:57:37.495, 1, 1139 MHz, 3505 MHz, 93.07 W, 78, 0x0000000000000002
2026/10/01 10:57:37.599, 0, 1075 MHz, 3505 MHz, 87.72 W, 80, 0x0000000000000002
2026/10/01 10:57:37.604, 1, 1139 MHz, 3505 MHz, 92.21 W, 79, 0x0000000000000002
2026/10/01 10:57:37.708, 0, 1075 MHz, 3505 MHz, 87.33 W, 80, 0x0000000000000002
2026/10/01 10:57:37.712, 1, 1139 MHz, 3505 MHz, 91.91 W, 78, 0x0000000000000002
2026/10/01 10:57:37.816, 0, 1075 MHz, 3505 MHz, 87.13 W, 80, 0x0000000000000002
2026/10/01 10:57:37.821, 1, 1139 MHz, 3505 MHz, 91.70 W, 78, 0x0000000000000002
2026/10/01 10:57:37.925, 0, 1075 MHz, 3505 MHz, 87.05 W, 80, 0x0000000000000002
2026/10/01 10:57:37.929, 1, 1139 MHz, 3505 MHz, 91.62 W, 78, 0x0000000000000002
2026/10/01 10:57:38.033, 0, 1075 MHz, 3505 MHz, 87.05 W, 80, 0x0000000000000002
2026/10/01 10:57:38.038, 1, 1139 MHz, 3505 MHz, 91.52 W, 78, 0x0000000000000002
2026/10/01 10:57:38.142, 0, 1075 MHz, 3505 MHz, 86.95 W, 80, 0x0000000000000002
2026/10/01 10:57:38.146, 1, 1139 MHz, 3505 MHz, 91.52 W, 78, 0x0000000000000002
2026/10/01 10:57:38.250, 0, 1075 MHz, 3505 MHz, 86.95 W, 80, 0x0000000000000002
2026/10/01 10:57:38.255, 1, 1139 MHz, 3505 MHz, 91.42 W, 78, 0x0000000000000002
2026/10/01 10:57:38.359, 0, 1075 MHz, 3505 MHz, 86.95 W, 80, 0x0000000000000002
2026/10/01 10:57:38.363, 1, 1139 MHz, 3505 MHz, 91.44 W, 78, 0x0000000000000000
2026/10/01 10:57:38.466, 0, 1075 MHz, 3505 MHz, 86.95 W, 80, 0x0000000000000002
2026/10/01 10:57:38.470, 1, 1139 MHz, 3505 MHz, 91.42 W, 78, 0x0000000000000000
2026/10/01 10:57:38.574, 0, 1075 MHz, 3505 MHz, 86.85 W, 80, 0x0000000000000002
2026/10/01 10:57:38.578, 1, 1139 MHz, 3505 MHz, 91.34 W, 78, 0x0000000000000000
2026/10/01 10:57:38.681, 0, 1075 MHz, 3505 MHz, 86.75 W, 80, 0x0000000000000000
2026/10/01 10:57:38.684, 1, 1139 MHz, 3505 MHz, 91.33 W, 78, 0x0000000000000000
2026/10/01 10:57:38.787, 0, 1075 MHz, 3505 MHz, 86.75 W, 80, 0x0000000000000000
2026/10/01 10:57:38.790, 1, 1139 MHz, 3505 MHz, 91.34 W, 78, 0x0000000000000000
2026/10/01 10:57:38.893, 0, 1075 MHz, 3505 MHz, 86.75 W, 80, 0x0000000000000000
2026/10/01 10:57:38.896, 1, 1139 MHz, 3505 MHz, 91.23 W, 78, 0x0000000000000000
2026/10/01 10:57:38.999, 0, 1075 MHz, 3505 MHz, 86.75 W, 80, 0x0000000000000000
2026/10/01 10:57:39.002, 1, 1139 MHz, 3505 MHz, 91.34 W, 78, 0x0000000000000000
2026/10/01 10:57:39.105, 0, 1075 MHz, 3505 MHz, 86.66 W, 79, 0x0000000000000000
2026/10/01 10:57:39.108, 1, 1139 MHz, 3505 MHz, 91.33 W, 78, 0x0000000000000000
2026/10/01 10:57:39.211, 0, 1075 MHz, 3505 MHz, 86.66 W, 80, 0x0000000000000000
2026/10/01 10:57:39.214, 1, 1139 MHz, 3505 MHz, 91.23 W, 78, 0x0000000000000000
2026/10/01 10:57:39.318, 0, 1075 MHz, 3505 MHz, 86.66 W, 79, 0x0000000000000000
2026/10/01 10:57:39.321, 1, 1139 MHz, 3505 MHz, 91.24 W, 78, 0x0000000000000000
2026/10/01 10:57:39.424, 0, 1075 MHz, 3505 MHz, 86.66 W, 79, 0x0000000000000000
2026/10/01 10:57:39.427, 1, 1139 MHz, 3505 MHz, 91.24 W, 78, 0x0000000000000000
2026/10/01 10:57:39.530, 0, 1075 MHz, 3505 MHz, 86.66 W, 79, 0x0000000000000000
2026/10/01 10:57:39.533, 1, 1139 MHz, 3505 MHz, 91.23 W, 78, 0x0000000000000000
2026/10/01 10:57:39.636, 0, 1075 MHz, 3505 MHz, 86.66 W, 79, 0x0000000000000000
2026/10/01 10:57:39.639, 1, 1139 MHz, 3505 MHz, 91.24 W, 77, 0x0000000000000000
2026/10/01 10:57:39.742, 0, 1075 MHz, 3505 MHz, 86.66 W, 79, 0x0000000000000000
2026/10/01 10:57:39.745, 1, 1139 MHz, 3505 MHz, 91.23 W, 77, 0x0000000000000000
2026/10/01 10:57:39.848, 0, 1075 MHz, 3505 MHz, 86.46 W, 79, 0x0000000000000000
2026/10/01 10:57:39.851, 1, 1139 MHz, 3505 MHz, 91.24 W, 77, 0x0000000000000000
2026/10/01 10:57:39.954, 0, 1075 MHz, 3505 MHz, 86.56 W, 79, 0x0000000000000000
2026/10/01 10:57:39.957, 1, 1139 MHz, 3505 MHz, 91.15 W, 77, 0x0000000000000000
2026/10/01 10:57:40.060, 0, 1075 MHz, 3505 MHz, 86.55 W, 79, 0x0000000000000000
2026/10/01 10:57:40.064, 1, 1139 MHz, 3505 MHz, 91.13 W, 77, 0x0000000000000000
2026/10/01 10:57:40.167, 0, 1075 MHz, 3505 MHz, 86.46 W, 79, 0x0000000000000000
2026/10/01 10:57:40.170, 1, 1139 MHz, 3505 MHz, 91.15 W, 77, 0x0000000000000000
2026/10/01 10:57:40.273, 0, 1075 MHz, 3505 MHz, 86.36 W, 79, 0x0000000000000000
2026/10/01 10:57:40.276, 1, 1139 MHz, 3505 MHz, 91.15 W, 77, 0x0000000000000000
2026/10/01 10:57:40.379, 0, 1075 MHz, 3505 MHz, 86.46 W, 79, 0x0000000000000000
2026/10/01 10:57:40.382, 1, 1139 MHz, 3505 MHz, 91.13 W, 77, 0x0000000000000000
2026/10/01 10:57:40.485, 0, 1075 MHz, 3505 MHz, 86.36 W, 79, 0x0000000000000000
2026/10/01 10:57:40.488, 1, 1139 MHz, 3505 MHz, 91.13 W, 77, 0x0000000000000000
2026/10/01 10:57:40.592, 0, 1075 MHz, 3505 MHz, 86.36 W, 79, 0x0000000000000000
2026/10/01 10:57:40.596, 1, 1139 MHz, 3505 MHz, 91.03 W, 77, 0x0000000000000000
2026/10/01 10:57:40.700, 0, 1075 MHz, 3505 MHz, 86.36 W, 79, 0x0000000000000000
2026/10/01 10:57:40.822, 1, 1139 MHz, 3505 MHz, 91.03 W, 77, 0x0000000000000000
2026/10/01 10:57:40.928, 0, 1075 MHz, 3004 MHz, 85.21 W, 79, 0x0000000000000000
2026/10/01 10:57:40.933, 1, 1139 MHz, 3004 MHz, 89.59 W, 77, 0x0000000000000000
2026/10/01 10:57:41.037, 0, 1075 MHz, 3004 MHz, 83.37 W, 79, 0x0000000000000000
2026/10/01 10:57:41.042, 1, 1139 MHz, 3004 MHz, 87.77 W, 77, 0x0000000000000000
2026/10/01 10:57:41.146, 0, 1075 MHz, 3004 MHz, 82.60 W, 79, 0x0000000000000000
2026/10/01 10:57:41.151, 1, 1139 MHz, 3004 MHz, 87.10 W, 77, 0x0000000000000000
2026/10/01 10:57:41.255, 0, 1075 MHz, 3004 MHz, 82.21 W, 78, 0x0000000000000000
2026/10/01 10:57:41.259, 1, 1139 MHz, 3004 MHz, 86.91 W, 77, 0x0000000000000000
2026/10/01 10:57:41.363, 0, 1075 MHz, 3004 MHz, 82.11 W, 78, 0x0000000000000000
2026/10/01 10:57:41.367, 1, 1139 MHz, 3004 MHz, 86.81 W, 77, 0x0000000000000000
2026/10/01 10:57:41.472, 0, 1075 MHz, 3004 MHz, 82.31 W, 78, 0x0000000000000000
2026/10/01 10:57:41.477, 1, 1139 MHz, 3004 MHz, 89.71 W, 77, 0x0000000000000000
2026/10/01 10:57:41.581, 0, 1075 MHz, 3004 MHz, 165.04 W, 81, 0x0000000000000000
2026/10/01 10:57:41.586, 1, 1139 MHz, 3004 MHz, 177.73 W, 79, 0x0000000000000000
2026/10/01 10:57:41.690, 0, 1164 MHz, 3004 MHz, 211.29 W, 81, 0x0000000000000000
2026/10/01 10:57:41.694, 1, 1189 MHz, 3004 MHz, 228.24 W, 80, 0x0000000000000000
2026/10/01 10:57:41.798, 0, 1164 MHz, 3004 MHz, 247.15 W, 82, 0x0000000000000000
2026/10/01 10:57:41.802, 1, 1177 MHz, 3004 MHz, 254.60 W, 81, 0x0000000000000000
2026/10/01 10:57:41.907, 0, 1139 MHz, 3004 MHz, 256.35 W, 83, 0x0000000000000000
2026/10/01 10:57:41.911, 1, 1151 MHz, 3004 MHz, 252.64 W, 81, 0x0000000000000000
2026/10/01 10:57:42.015, 0, 1113 MHz, 3004 MHz, 246.23 W, 83, 0x0000000000000000
2026/10/01 10:57:42.019, 1, 1139 MHz, 3004 MHz, 247.71 W, 82, 0x0000000000000000
2026/10/01 10:57:42.127, 0, 1113 MHz, 3004 MHz, 244.88 W, 83, 0x0000000000000000
2026/10/01 10:57:42.134, 1, 1139 MHz, 3004 MHz, 245.22 W, 81, 0x0000000000000000
2026/10/01 10:57:42.238, 0, 1126 MHz, 3004 MHz, 247.16 W, 83, 0x0000000000000000
2026/10/01 10:57:42.242, 1, 1139 MHz, 3004 MHz, 248.18 W, 82, 0x0000000000000000
2026/10/01 10:57:42.347, 0, 1126 MHz, 3004 MHz, 245.81 W, 84, 0x0000000000000000
2026/10/01 10:57:42.351, 1, 1139 MHz, 3004 MHz, 245.79 W, 82, 0x0000000000000000
2026/10/01 10:57:42.455, 0, 1126 MHz, 3004 MHz, 246.67 W, 83, 0x0000000000000000
2026/10/01 10:57:42.459, 1, 1139 MHz, 3004 MHz, 246.09 W, 82, 0x0000000000000000
2026/10/01 10:57:42.563, 0, 1126 MHz, 3004 MHz, 205.64 W, 83, 0x0000000000000000
2026/10/01 10:57:42.568, 1, 1139 MHz, 3004 MHz, 200.64 W, 80, 0x0000000000000000
2026/10/01 10:57:42.672, 0, 1126 MHz, 3004 MHz, 130.77 W, 81, 0x0000000000000000
2026/10/01 10:57:42.699, 1, 1189 MHz, 3505 MHz, 124.71 W, 79, 0x0000000000000002
2026/10/01 10:57:42.805, 0, 1126 MHz, 3505 MHz, 102.82 W, 80, 0x0000000000000002
2026/10/01 10:57:42.810, 1, 1189 MHz, 3505 MHz, 108.04 W, 79, 0x0000000000000002
2026/10/01 10:57:42.914, 0, 1126 MHz, 3505 MHz, 95.78 W, 80, 0x0000000000000002
2026/10/01 10:57:42.918, 1, 1189 MHz, 3505 MHz, 101.99 W, 79, 0x0000000000000002
2026/10/01 10:57:43.023, 0, 1126 MHz, 3505 MHz, 93.18 W, 80, 0x0000000000000002
2026/10/01 10:57:43.028, 1, 1189 MHz, 3505 MHz, 99.77 W, 79, 0x0000000000000002
2026/10/01 10:57:43.132, 0, 1126 MHz, 3505 MHz, 92.21 W, 80, 0x0000000000000002
2026/10/01 10:57:43.136, 1, 1189 MHz, 3505 MHz, 99.03 W, 79, 0x0000000000000002
2026/10/01 10:57:43.240, 0, 1126 MHz, 3505 MHz, 91.73 W, 80, 0x0000000000000002
2026/10/01 10:57:43.244, 1, 1189 MHz, 3505 MHz, 98.54 W, 79, 0x0000000000000002
2026/10/01 10:57:43.349, 0, 1126 MHz, 3505 MHz, 91.56 W, 80, 0x0000000000000002
2026/10/01 10:57:43.353, 1, 1189 MHz, 3505 MHz, 98.35 W, 78, 0x0000000000000002
2026/10/01 10:57:43.457, 0, 1126 MHz, 3505 MHz, 91.56 W, 80, 0x0000000000000002
2026/10/01 10:57:43.462, 1, 1189 MHz, 3505 MHz, 98.25 W, 78, 0x0000000000000002
2026/10/01 10:57:43.566, 0, 1126 MHz, 3505 MHz, 91.46 W, 80, 0x0000000000000002
2026/10/01 10:57:43.570, 1, 1189 MHz, 3505 MHz, 98.26 W, 78, 0x0000000000000002
2026/10/01 10:57:43.675, 0, 1126 MHz, 3505 MHz, 91.36 W, 80, 0x0000000000000002
2026/10/01 10:57:43.679, 1, 1189 MHz, 3505 MHz, 98.16 W, 78, 0x0000000000000002
2026/10/01 10:57:43.783, 0, 1126 MHz, 3505 MHz, 91.36 W, 80, 0x0000000000000002
2026/10/01 10:57:43.788, 1, 1189 MHz, 3505 MHz, 98.06 W, 78, 0x0000000000000002
2026/10/01 10:57:43.892, 0, 1126 MHz, 3505 MHz, 91.27 W, 79, 0x0000000000000002
2026/10/01 10:57:43.896, 1, 1189 MHz, 3505 MHz, 97.96 W, 78, 0x0000000000000002
2026/10/01 10:57:44.000, 0, 1126 MHz, 3505 MHz, 91.18 W, 79, 0x0000000000000002
2026/10/01 10:57:44.005, 1, 1189 MHz, 3505 MHz, 98.06 W, 78, 0x0000000000000002
2026/10/01 10:57:44.109, 0, 1126 MHz, 3505 MHz, 91.18 W, 79, 0x0000000000000002
2026/10/01 10:57:44.113, 1, 1189 MHz, 3505 MHz, 97.96 W, 78, 0x0000000000000002
2026/10/01 10:57:44.217, 0, 1126 MHz, 3505 MHz, 91.16 W, 79, 0x0000000000000002
2026/10/01 10:57:44.222, 1, 1189 MHz, 3505 MHz, 98.06 W, 78, 0x0000000000000002
2026/10/01 10:57:44.327, 0, 1126 MHz, 3505 MHz, 91.07 W, 79, 0x0000000000000002
2026/10/01 10:57:44.331, 1, 1189 MHz, 3505 MHz, 97.96 W, 78, 0x0000000000000002
2026/10/01 10:57:44.435, 0, 1126 MHz, 3505 MHz, 91.07 W, 79, 0x0000000000000002
2026/10/01 10:57:44.439, 1, 1189 MHz, 3505 MHz, 97.87 W, 78, 0x0000000000000000
2026/10/01 10:57:44.543, 0, 1126 MHz, 3505 MHz, 91.07 W, 79, 0x0000000000000002
2026/10/01 10:57:44.547, 1, 1189 MHz, 3505 MHz, 97.96 W, 78, 0x0000000000000000
2026/10/01 10:57:44.650, 0, 1126 MHz, 3505 MHz, 91.07 W, 79, 0x0000000000000000
2026/10/01 10:57:44.653, 1, 1189 MHz, 3505 MHz, 97.87 W, 78, 0x0000000000000000
2026/10/01 10:57:44.756, 0, 1126 MHz, 3505 MHz, 91.07 W, 79, 0x0000000000000000
2026/10/01 10:57:44.759, 1, 1189 MHz, 3505 MHz, 97.87 W, 78, 0x0000000000000000
2026/10/01 10:57:44.862, 0, 1126 MHz, 3505 MHz, 90.98 W, 79, 0x0000000000000000
2026/10/01 10:57:44.865, 1, 1189 MHz, 3505 MHz, 97.77 W, 78, 0x0000000000000000
2026/10/01 10:57:44.968, 0, 1126 MHz, 3505 MHz, 91.07 W, 79, 0x0000000000000000
2026/10/01 10:57:44.971, 1, 1189 MHz, 3505 MHz, 97.87 W, 78, 0x0000000000000000
2026/10/01 10:57:45.074, 0, 1126 MHz, 3505 MHz, 90.98 W, 79, 0x0000000000000000
2026/10/01 10:57:45.077, 1, 1189 MHz, 3505 MHz, 97.67 W, 78, 0x0000000000000000
2026/10/01 10:57:45.180, 0, 1126 MHz, 3505 MHz, 90.98 W, 79, 0x0000000000000000
2026/10/01 10:57:45.183, 1, 1189 MHz, 3505 MHz, 97.67 W, 78, 0x0000000000000000
2026/10/01 10:57:45.286, 0, 1126 MHz, 3505 MHz, 90.98 W, 79, 0x0000000000000000
2026/10/01 10:57:45.289, 1, 1189 MHz, 3505 MHz, 97.67 W, 78, 0x0000000000000000
2026/10/01 10:57:45.392, 0, 1126 MHz, 3505 MHz, 90.98 W, 79, 0x0000000000000000
2026/10/01 10:57:45.395, 1, 1189 MHz, 3505 MHz, 97.67 W, 78, 0x0000000000000000
2026/10/01 10:57:45.498, 0, 1126 MHz, 3505 MHz, 90.98 W, 79, 0x0000000000000000
2026/10/01 10:57:45.501, 1, 1189 MHz, 3505 MHz, 97.57 W, 78, 0x0000000000000000
2026/10/01 10:57:45.605, 0, 1126 MHz, 3505 MHz, 90.88 W, 79, 0x0000000000000000
2026/10/01 10:57:45.608, 1, 1189 MHz, 3505 MHz, 97.67 W, 78, 0x0000000000000000
2026/10/01 10:57:45.711, 0, 1126 MHz, 3505 MHz, 90.88 W, 79, 0x0000000000000000
2026/10/01 10:57:45.714, 1, 1189 MHz, 3505 MHz, 97.57 W, 77, 0x0000000000000000
2026/10/01 10:57:45.817, 0, 1126 MHz, 3505 MHz, 90.77 W, 79, 0x0000000000000000
2026/10/01 10:57:45.820, 1, 1189 MHz, 3505 MHz, 97.67 W, 77, 0x0000000000000000
2026/10/01 10:57:45.925, 0, 1126 MHz, 3505 MHz, 90.79 W, 79, 0x0000000000000000
2026/10/01 10:57:45.928, 1, 1189 MHz, 3505 MHz, 97.67 W, 77, 0x0000000000000000
2026/10/01 10:57:46.031, 0, 1126 MHz, 3505 MHz, 90.79 W, 78, 0x0000000000000000
2026/10/01 10:57:46.034, 1, 1189 MHz, 3505 MHz, 97.57 W, 77, 0x0000000000000000
2026/10/01 10:57:46.137, 0, 1126 MHz, 3505 MHz, 90.79 W, 78, 0x0000000000000000
2026/10/01 10:57:46.144, 1, 1189 MHz, 3505 MHz, 97.77 W, 77, 0x0000000000000000
2026/10/01 10:57:46.247, 0, 1126 MHz, 3505 MHz, 90.79 W, 78, 0x0000000000000000
2026/10/01 10:57:46.360, 1, 1189 MHz, 3505 MHz, 97.57 W, 77, 0x0000000000000000
2026/10/01 10:57:46.466, 0, 1126 MHz, 3004 MHz, 89.53 W, 78, 0x0000000000000000
2026/10/01 10:57:46.470, 1, 1189 MHz, 3004 MHz, 96.04 W, 77, 0x0000000000000000
2026/10/01 10:57:46.575, 0, 1126 MHz, 3004 MHz, 87.60 W, 78, 0x0000000000000000
2026/10/01 10:57:46.580, 1, 1189 MHz, 3004 MHz, 94.31 W, 77, 0x0000000000000000
2026/10/01 10:57:46.684, 0, 1126 MHz, 3004 MHz, 86.86 W, 78, 0x0000000000000000
2026/10/01 10:57:46.688, 1, 1189 MHz, 3004 MHz, 93.58 W, 77, 0x0000000000000000
2026/10/01 10:57:46.792, 0, 1126 MHz, 3004 MHz, 86.66 W, 78, 0x0000000000000000
2026/10/01 10:57:46.797, 1, 1189 MHz, 3004 MHz, 93.40 W, 77, 0x0000000000000000
2026/10/01 10:57:46.901, 0, 1126 MHz, 3004 MHz, 86.57 W, 78, 0x0000000000000000
2026/10/01 10:57:46.905, 1, 1189 MHz, 3004 MHz, 93.40 W, 77, 0x0000000000000000
2026/10/01 10:57:47.010, 0, 1126 MHz, 3004 MHz, 86.54 W, 78, 0x0000000000000000
2026/10/01 10:57:47.015, 1, 1189 MHz, 3004 MHz, 93.36 W, 77, 0x0000000000000000
2026/10/01 10:57:47.119, 0, 1126 MHz, 3004 MHz, 190.70 W, 80, 0x0000000000000000
2026/10/01 10:57:47.124, 1, 1189 MHz, 3004 MHz, 211.06 W, 80, 0x0000000000000000
2026/10/01 10:57:47.228, 0, 1164 MHz, 3004 MHz, 240.35 W, 82, 0x0000000000000000
2026/10/01 10:57:47.232, 1, 1164 MHz, 3004 MHz, 252.69 W, 81, 0x0000000000000000
2026/10/01 10:57:47.336, 0, 1139 MHz, 3004 MHz, 256.91 W, 82, 0x0000000000000000
2026/10/01 10:57:47.340, 1, 1113 MHz, 3004 MHz, 259.39 W, 81, 0x0000000000000000
2026/10/01 10:57:47.444, 0, 1101 MHz, 3004 MHz, 250.08 W, 82, 0x0000000000000000
2026/10/01 10:57:47.449, 1, 1088 MHz, 3004 MHz, 247.77 W, 81, 0x0000000000000000
2026/10/01 10:57:47.553, 0, 1075 MHz, 3004 MHz, 172.26 W, 80, 0x0000000000000000
2026/10/01 10:57:47.557, 1, 1088 MHz, 3004 MHz, 166.96 W, 79, 0x0000000000000000
2026/10/01 10:57:47.662, 0, 1075 MHz, 3505 MHz, 115.57 W, 79, 0x0000000000000002
2026/10/01 10:57:47.666, 1, 1088 MHz, 3505 MHz, 114.58 W, 78, 0x0000000000000002
2026/10/01 10:57:47.771, 0, 1075 MHz, 3505 MHz, 97.04 W, 79, 0x0000000000000002
2026/10/01 10:57:47.775, 1, 1088 MHz, 3505 MHz, 96.91 W, 78, 0x0000000000000002
2026/10/01 10:57:47.879, 0, 1075 MHz, 3505 MHz, 90.29 W, 79, 0x0000000000000002
2026/10/01 10:57:47.883, 1, 1088 MHz, 3505 MHz, 90.47 W, 78, 0x0000000000000002
2026/10/01 10:57:47.987, 0, 1075 MHz, 3505 MHz, 87.91 W, 79, 0x0000000000000002
2026/10/01 10:57:47.992, 1, 1088 MHz, 3505 MHz, 88.13 W, 78, 0x0000000000000002
2026/10/01 10:57:48.096, 0, 1075 MHz, 3505 MHz, 87.03 W, 79, 0x0000000000000002
2026/10/01 10:57:48.100, 1, 1088 MHz, 3505 MHz, 87.16 W, 77, 0x0000000000000002
2026/10/01 10:57:48.204, 0, 1075 MHz, 3505 MHz, 86.55 W, 79, 0x0000000000000002
2026/10/01 10:57:48.209, 1, 1088 MHz, 3505 MHz, 86.87 W, 78, 0x0000000000000002
2026/10/01 10:57:48.313, 0, 1075 MHz, 3505 MHz, 86.36 W, 79, 0x0000000000000002
2026/10/01 10:57:48.317, 1, 1088 MHz, 3505 MHz, 86.71 W, 77, 0x0000000000000002
2026/10/01 10:57:48.421, 0, 1075 MHz, 3505 MHz, 86.26 W, 79, 0x0000000000000002
2026/10/01 10:57:48.426, 1, 1088 MHz, 3505 MHz, 86.61 W, 77, 0x0000000000000002
2026/10/01 10:57:48.530, 0, 1075 MHz, 3505 MHz, 86.26 W, 78, 0x0000000000000002
2026/10/01 10:57:48.534, 1, 1088 MHz, 3505 MHz, 86.61 W, 77, 0x0000000000000002
2026/10/01 10:57:48.638, 0, 1075 MHz, 3505 MHz, 86.16 W, 78, 0x0000000000000002
2026/10/01 10:57:48.642, 1, 1088 MHz, 3505 MHz, 86.61 W, 77, 0x0000000000000002
2026/10/01 10:57:48.747, 0, 1075 MHz, 3505 MHz, 86.16 W, 78, 0x0000000000000002
2026/10/01 10:57:48.751, 1, 1088 MHz, 3505 MHz, 86.51 W, 77, 0x0000000000000002
2026/10/01 10:57:48.855, 0, 1075 MHz, 3505 MHz, 86.16 W, 78, 0x0000000000000002
2026/10/01 10:57:48.859, 1, 1088 MHz, 3505 MHz, 86.51 W, 77, 0x0000000000000002
2026/10/01 10:57:48.964, 0, 1075 MHz, 3505 MHz, 86.17 W, 78, 0x0000000000000002
2026/10/01 10:57:48.968, 1, 1088 MHz, 3505 MHz, 86.51 W, 77, 0x0000000000000002
2026/10/01 10:57:49.072, 0, 1075 MHz, 3505 MHz, 86.07 W, 78, 0x0000000000000002
2026/10/01 10:57:49.076, 1, 1088 MHz, 3505 MHz, 86.41 W, 77, 0x0000000000000002
2026/10/01 10:57:49.181, 0, 1075 MHz, 3505 MHz, 86.07 W, 78, 0x0000000000000002
2026/10/01 10:57:49.185, 1, 1088 MHz, 3505 MHz, 86.41 W, 77, 0x0000000000000002
2026/10/01 10:57:49.289, 0, 1075 MHz, 3505 MHz, 86.07 W, 78, 0x0000000000000002
2026/10/01 10:57:49.294, 1, 1088 MHz, 3505 MHz, 86.41 W, 77, 0x0000000000000002
2026/10/01 10:57:49.398, 0, 1075 MHz, 3505 MHz, 85.97 W, 78, 0x0000000000000002
2026/10/01 10:57:49.402, 1, 1088 MHz, 3505 MHz, 86.32 W, 77, 0x0000000000000000
2026/10/01 10:57:49.505, 0, 1075 MHz, 3505 MHz, 85.97 W, 77, 0x0000000000000002
2026/10/01 10:57:49.509, 1, 1088 MHz, 3505 MHz, 86.33 W, 77, 0x0000000000000000
2026/10/01 10:57:49.612, 0, 1075 MHz, 3505 MHz, 85.97 W, 78, 0x0000000000000000
2026/10/01 10:57:49.616, 1, 1088 MHz, 3505 MHz, 86.32 W, 77, 0x0000000000000000
2026/10/01 10:57:49.719, 0, 1075 MHz, 3505 MHz, 85.97 W, 77, 0x0000000000000000
2026/10/01 10:57:49.722, 1, 1088 MHz, 3505 MHz, 86.32 W, 76, 0x0000000000000000
2026/10/01 10:57:49.826, 0, 1075 MHz, 3505 MHz, 85.87 W, 77, 0x0000000000000000
2026/10/01 10:57:49.829, 1, 1088 MHz, 3505 MHz, 86.32 W, 76, 0x0000000000000000
2026/10/01 10:57:49.932, 0, 1075 MHz, 3505 MHz, 85.87 W, 77, 0x0000000000000000
2026/10/01 10:57:49.935, 1, 1088 MHz, 3505 MHz, 86.32 W, 76, 0x0000000000000000
2026/10/01 10:57:50.038, 0, 1075 MHz, 3505 MHz, 85.87 W, 77, 0x0000000000000000
2026/10/01 10:57:50.041, 1, 1088 MHz, 3505 MHz, 86.22 W, 76, 0x0000000000000000
2026/10/01 10:57:50.144, 0, 1075 MHz, 3505 MHz, 85.87 W, 77, 0x0000000000000000
2026/10/01 10:57:50.147, 1, 1088 MHz, 3505 MHz, 86.22 W, 76, 0x0000000000000000
2026/10/01 10:57:50.254, 0, 810 MHz, 3004 MHz, 80.80 W, 77, 0x0000000000000000
2026/10/01 10:57:50.257, 1, 810 MHz, 3004 MHz, 79.01 W, 76, 0x0000000000000000
2026/10/01 10:57:50.360, 0, 810 MHz, 3004 MHz, 77.22 W, 77, 0x0000000000000000
2026/10/01 10:57:50.364, 1, 810 MHz, 3004 MHz, 76.23 W, 76, 0x0000000000000000
2026/10/01 10:57:50.467, 0, 810 MHz, 3004 MHz, 75.77 W, 77, 0x0000000000000000
2026/10/01 10:57:50.470, 1, 810 MHz, 3004 MHz, 75.36 W, 76, 0x0000000000000000
2026/10/01 10:57:50.573, 0, 810 MHz, 3004 MHz, 75.19 W, 77, 0x0000000000000000
2026/10/01 10:57:50.576, 1, 810 MHz, 3004 MHz, 74.88 W, 76, 0x0000000000000000
2026/10/01 10:57:50.679, 0, 810 MHz, 3004 MHz, 75.09 W, 77, 0x0000000000000000
2026/10/01 10:57:50.683, 1, 810 MHz, 3004 MHz, 74.68 W, 76, 0x0000000000000000
2026/10/01 10:57:50.786, 0, 810 MHz, 3004 MHz, 74.89 W, 76, 0x0000000000000000
2026/10/01 10:57:50.789, 1, 810 MHz, 3004 MHz, 74.68 W, 75, 0x0000000000000000
2026/10/01 10:57:50.892, 0, 810 MHz, 3004 MHz, 74.89 W, 77, 0x0000000000000000
2026/10/01 10:57:50.895, 1, 810 MHz, 3004 MHz, 74.58 W, 76, 0x0000000000000000
2026/10/01 10:57:50.998, 0, 810 MHz, 3004 MHz, 74.89 W, 76, 0x0000000000000000
2026/10/01 10:57:51.001, 1, 810 MHz, 3004 MHz, 74.48 W, 76, 0x0000000000000000
2026/10/01 10:57:51.104, 0, 810 MHz, 3004 MHz, 74.89 W, 76, 0x0000000000000000
2026/10/01 10:57:51.312, 1, 810 MHz, 3004 MHz, 74.48 W, 75, 0x0000000000000000
2026/10/01 10:57:51.419, 0, 1001 MHz, 3004 MHz, 76.54 W, 76, 0x0000000000000000
2026/10/01 10:57:51.423, 1, 1001 MHz, 3004 MHz, 76.39 W, 75, 0x0000000000000000
2026/10/01 10:57:51.529, 0, 1001 MHz, 3004 MHz, 76.45 W, 76, 0x0000000000000000
2026/10/01 10:57:51.534, 1, 1001 MHz, 3004 MHz, 76.20 W, 75, 0x0000000000000000
2026/10/01 10:57:51.638, 0, 1001 MHz, 3004 MHz, 76.36 W, 76, 0x0000000000000000
2026/10/01 10:57:51.643, 1, 1001 MHz, 3004 MHz, 76.21 W, 75, 0x0000000000000000
2026/10/01 10:57:51.747, 0, 1001 MHz, 3004 MHz, 76.45 W, 76, 0x0000000000000000
2026/10/01 10:57:51.751, 1, 1001 MHz, 3004 MHz, 76.11 W, 75, 0x0000000000000000
2026/10/01 10:57:51.855, 0, 1001 MHz, 3004 MHz, 76.45 W, 76, 0x0000000000000000
2026/10/01 10:57:51.859, 1, 1001 MHz, 3004 MHz, 76.11 W, 75, 0x0000000000000000
2026/10/01 10:57:51.964, 0, 1001 MHz, 3004 MHz, 76.53 W, 76, 0x0000000000000000
2026/10/01 10:57:51.968, 1, 1001 MHz, 3004 MHz, 76.29 W, 75, 0x0000000000000000
2026/10/01 10:57:52.073, 0, 1001 MHz, 3004 MHz, 144.55 W, 78, 0x0000000000000000
2026/10/01 10:57:52.078, 1, 1001 MHz, 3004 MHz, 145.52 W, 77, 0x0000000000000000
2026/10/01 10:57:52.182, 0, 1001 MHz, 3004 MHz, 177.94 W, 79, 0x0000000000000000
2026/10/01 10:57:52.186, 1, 1113 MHz, 3004 MHz, 187.03 W, 78, 0x0000000000000000
2026/10/01 10:57:52.293, 0, 1113 MHz, 3004 MHz, 213.99 W, 80, 0x0000000000000000
2026/10/01 10:57:52.297, 1, 1113 MHz, 3004 MHz, 214.43 W, 78, 0x0000000000000000
2026/10/01 10:57:52.401, 0, 1177 MHz, 3004 MHz, 238.08 W, 80, 0x0000000000000000
2026/10/01 10:57:52.405, 1, 1151 MHz, 3004 MHz, 235.33 W, 79, 0x0000000000000000
2026/10/01 10:57:52.510, 0, 1164 MHz, 3004 MHz, 258.52 W, 81, 0x0000000000000000
2026/10/01 10:57:52.514, 1, 1151 MHz, 3004 MHz, 250.92 W, 80, 0x0000000000000000
2026/10/01 10:57:52.619, 0, 1126 MHz, 3004 MHz, 255.04 W, 82, 0x0000000000000000
2026/10/01 10:57:52.623, 1, 1139 MHz, 3004 MHz, 243.80 W, 80, 0x0000000000000000
2026/10/01 10:57:52.730, 0, 1113 MHz, 3004 MHz, 245.65 W, 81, 0x0000000000000000
2026/10/01 10:57:52.734, 1, 1139 MHz, 3004 MHz, 246.08 W, 80, 0x0000000000000000
2026/10/01 10:57:52.838, 0, 1113 MHz, 3004 MHz, 246.00 W, 81, 0x0000000000000000
2026/10/01 10:57:52.842, 1, 1139 MHz, 3004 MHz, 247.89 W, 81, 0x0000000000000000
2026/10/01 10:57:52.946, 0, 1113 MHz, 3004 MHz, 245.14 W, 82, 0x0000000000000000
2026/10/01 10:57:52.950, 1, 1139 MHz, 3004 MHz, 247.48 W, 81, 0x0000000000000000
2026/10/01 10:57:53.055, 0, 1126 MHz, 3004 MHz, 233.46 W, 82, 0x0000000000000000
2026/10/01 10:57:53.060, 1, 1139 MHz, 3004 MHz, 228.29 W, 80, 0x0000000000000000
2026/10/01 10:57:53.165, 0, 1126 MHz, 3004 MHz, 135.82 W, 79, 0x0000000000000000
2026/10/01 10:57:53.179, 1, 1177 MHz, 3505 MHz, 134.32 W, 79, 0x0000000000000002
2026/10/01 10:57:53.284, 0, 1126 MHz, 3505 MHz, 106.34 W, 79, 0x0000000000000002
2026/10/01 10:57:53.289, 1, 1177 MHz, 3505 MHz, 109.84 W, 78, 0x0000000000000002
2026/10/01 10:57:53.393, 0, 1126 MHz, 3505 MHz, 96.51 W, 79, 0x0000000000000002
2026/10/01 10:57:53.397, 1, 1177 MHz, 3505 MHz, 101.17 W, 78, 0x0000000000000002
2026/10/01 10:57:53.501, 0, 1126 MHz, 3505 MHz, 93.07 W, 79, 0x0000000000000002
2026/10/01 10:57:53.506, 1, 1177 MHz, 3505 MHz, 97.93 W, 78, 0x0000000000000002
2026/10/01 10:57:53.610, 0, 1126 MHz, 3505 MHz, 91.72 W, 79, 0x0000000000000002
2026/10/01 10:57:53.614, 1, 1177 MHz, 3505 MHz, 96.68 W, 78, 0x0000000000000002
2026/10/01 10:57:53.719, 0, 1126 MHz, 3505 MHz, 91.15 W, 78, 0x0000000000000002
2026/10/01 10:57:53.723, 1, 1177 MHz, 3505 MHz, 96.42 W, 78, 0x0000000000000002
2026/10/01 10:57:53.829, 0, 1126 MHz, 3505 MHz, 90.88 W, 78, 0x0000000000000002
2026/10/01 10:57:53.834, 1, 1177 MHz, 3505 MHz, 96.13 W, 78, 0x0000000000000002
2026/10/01 10:57:53.938, 0, 1126 MHz, 3505 MHz, 90.68 W, 78, 0x0000000000000002
2026/10/01 10:57:53.942, 1, 1177 MHz, 3505 MHz, 96.04 W, 77, 0x0000000000000002
2026/10/01 10:57:54.046, 0, 1126 MHz, 3505 MHz, 90.58 W, 78, 0x0000000000000002
2026/10/01 10:57:54.051, 1, 1177 MHz, 3505 MHz, 95.94 W, 77, 0x0000000000000002
2026/10/01 10:57:54.155, 0, 1126 MHz, 3505 MHz, 90.58 W, 78, 0x0000000000000002
2026/10/01 10:57:54.159, 1, 1177 MHz, 3505 MHz, 95.84 W, 77, 0x0000000000000002
2026/10/01 10:57:54.264, 0, 1126 MHz, 3505 MHz, 90.58 W, 78, 0x0000000000000002
2026/10/01 10:57:54.268, 1, 1177 MHz, 3505 MHz, 95.84 W, 77, 0x0000000000000002
2026/10/01 10:57:54.372, 0, 1126 MHz, 3505 MHz, 90.58 W, 78, 0x0000000000000002
2026/10/01 10:57:54.376, 1, 1177 MHz, 3505 MHz, 95.73 W, 77, 0x0000000000000000
2026/10/01 10:57:54.479, 0, 1126 MHz, 3505 MHz, 90.58 W, 78, 0x0000000000000002
2026/10/01 10:57:54.484, 1, 1177 MHz, 3505 MHz, 95.74 W, 77, 0x0000000000000000
2026/10/01 10:57:54.587, 0, 1126 MHz, 3505 MHz, 90.40 W, 78, 0x0000000000000002
2026/10/01 10:57:54.591, 1, 1177 MHz, 3505 MHz, 95.66 W, 77, 0x0000000000000000
2026/10/01 10:57:54.694, 0, 1126 MHz, 3505 MHz, 90.40 W, 78, 0x0000000000000000
2026/10/01 10:57:54.697, 1, 1177 MHz, 3505 MHz, 95.56 W, 77, 0x0000000000000000
2026/10/01 10:57:54.800, 0, 1126 MHz, 3505 MHz, 90.40 W, 77, 0x0000000000000000
2026/10/01 10:57:54.803, 1, 1177 MHz, 3505 MHz, 95.65 W, 77, 0x0000000000000000
2026/10/01 10:57:54.906, 0, 1126 MHz, 3505 MHz, 90.40 W, 77, 0x0000000000000000
2026/10/01 10:57:54.909, 1, 1177 MHz, 3505 MHz, 95.55 W, 77, 0x0000000000000000
2026/10/01 10:57:55.012, 0, 1126 MHz, 3505 MHz, 90.40 W, 77, 0x0000000000000000
2026/10/01 10:57:55.015, 1, 1177 MHz, 3505 MHz, 95.65 W, 77, 0x0000000000000000
2026/10/01 10:57:55.118, 0, 1126 MHz, 3505 MHz, 90.30 W, 77, 0x0000000000000000
2026/10/01 10:57:55.121, 1, 1177 MHz, 3505 MHz, 95.46 W, 77, 0x0000000000000000
2026/10/01 10:57:55.224, 0, 1126 MHz, 3505 MHz, 90.30 W, 77, 0x0000000000000000
2026/10/01 10:57:55.227, 1, 1177 MHz, 3505 MHz, 95.56 W, 77, 0x0000000000000000
2026/10/01 10:57:55.330, 0, 1126 MHz, 3505 MHz, 90.21 W, 77, 0x0000000000000000
2026/10/01 10:57:55.333, 1, 1177 MHz, 3505 MHz, 95.47 W, 77, 0x0000000000000000
2026/10/01 10:57:55.436, 0, 1126 MHz, 3505 MHz, 90.21 W, 77, 0x0000000000000000
2026/10/01 10:57:55.439, 1, 1177 MHz, 3505 MHz, 95.46 W, 77, 0x0000000000000000
2026/10/01 10:57:55.542, 0, 1126 MHz, 3505 MHz, 90.21 W, 77, 0x0000000000000000
2026/10/01 10:57:55.545, 1, 1177 MHz, 3505 MHz, 95.46 W, 77, 0x0000000000000000
2026/10/01 10:57:55.648, 0, 1126 MHz, 3505 MHz, 90.21 W, 77, 0x0000000000000000
2026/10/01 10:57:55.651, 1, 1177 MHz, 3505 MHz, 95.46 W, 77, 0x0000000000000000
2026/10/01 10:57:55.754, 0, 1126 MHz, 3505 MHz, 90.11 W, 77, 0x0000000000000000
2026/10/01 10:57:55.758, 1, 1177 MHz, 3505 MHz, 95.46 W, 76, 0x0000000000000000
2026/10/01 10:57:55.861, 0, 1126 MHz, 3505 MHz, 90.11 W, 77, 0x0000000000000000
2026/10/01 10:57:55.863, 1, 1177 MHz, 3505 MHz, 95.37 W, 77, 0x0000000000000000
2026/10/01 10:57:55.967, 0, 1126 MHz, 3505 MHz, 90.21 W, 77, 0x0000000000000000
2026/10/01 10:57:55.970, 1, 1177 MHz, 3505 MHz, 95.37 W, 77, 0x0000000000000000
2026/10/01 10:57:56.073, 0, 1126 MHz, 3505 MHz, 90.11 W, 77, 0x0000000000000000
2026/10/01 10:57:56.076, 1, 1177 MHz, 3505 MHz, 95.37 W, 76, 0x0000000000000000
2026/10/01 10:57:56.179, 0, 1126 MHz, 3505 MHz, 90.11 W, 77, 0x0000000000000000
2026/10/01 10:57:56.182, 1, 1177 MHz, 3505 MHz, 95.37 W, 77, 0x0000000000000000
2026/10/01 10:57:56.285, 0, 1126 MHz, 3505 MHz, 90.21 W, 77, 0x0000000000000000
2026/10/01 10:57:56.288, 1, 1177 MHz, 3505 MHz, 95.37 W, 77, 0x0000000000000000
2026/10/01 10:57:56.391, 0, 1126 MHz, 3505 MHz, 90.11 W, 77, 0x0000000000000000
2026/10/01 10:57:56.394, 1, 1177 MHz, 3505 MHz, 95.37 W, 76, 0x0000000000000000
2026/10/01 10:57:56.497, 0, 1126 MHz, 3505 MHz, 90.01 W, 77, 0x0000000000000000
2026/10/01 10:57:56.500, 1, 1177 MHz, 3505 MHz, 95.37 W, 76, 0x0000000000000000
2026/10/01 10:57:56.604, 0, 1126 MHz, 3505 MHz, 90.11 W, 76, 0x0000000000000000
2026/10/01 10:57:56.607, 1, 1177 MHz, 3505 MHz, 95.27 W, 76, 0x0000000000000000
2026/10/01 10:57:56.710, 0, 1126 MHz, 3505 MHz, 90.11 W, 77, 0x0000000000000000
2026/10/01 10:57:56.713, 1, 1177 MHz, 3505 MHz, 95.27 W, 76, 0x0000000000000000
2026/10/01 10:57:56.817, 0, 1126 MHz, 3505 MHz, 90.01 W, 77, 0x0000000000000000
2026/10/01 10:57:56.820, 1, 1177 MHz, 3505 MHz, 95.18 W, 76, 0x0000000000000000
2026/10/01 10:57:56.923, 0, 1126 MHz, 3505 MHz, 90.01 W, 76, 0x0000000000000000
2026/10/01 10:57:56.926, 1, 1177 MHz, 3505 MHz, 95.27 W, 76, 0x0000000000000000
2026/10/01 10:57:57.029, 0, 1126 MHz, 3505 MHz, 90.01 W, 77, 0x0000000000000000
2026/10/01 10:57:57.032, 1, 1177 MHz, 3505 MHz, 95.27 W, 76, 0x0000000000000000
2026/10/01 10:57:57.135, 0, 1126 MHz, 3505 MHz, 90.01 W, 77, 0x0000000000000000
2026/10/01 10:57:57.138, 1, 1177 MHz, 3505 MHz, 95.27 W, 76, 0x0000000000000000
2026/10/01 10:57:57.241, 0, 1126 MHz, 3505 MHz, 90.01 W, 76, 0x0000000000000000
2026/10/01 10:57:57.244, 1, 1177 MHz, 3505 MHz, 95.17 W, 76, 0x0000000000000000
2026/10/01 10:57:57.347, 0, 1126 MHz, 3505 MHz, 89.92 W, 76, 0x0000000000000000
2026/10/01 10:57:57.350, 1, 1177 MHz, 3505 MHz, 95.17 W, 76, 0x0000000000000000
2026/10/01 10:57:57.453, 0, 1126 MHz, 3505 MHz, 90.01 W, 76, 0x0000000000000000
2026/10/01 10:57:57.456, 1, 1177 MHz, 3505 MHz, 95.18 W, 76, 0x0000000000000000
2026/10/01 10:57:57.559, 0, 1126 MHz, 3505 MHz, 89.92 W, 76, 0x0000000000000000
2026/10/01 10:57:57.562, 1, 1177 MHz, 3505 MHz, 95.18 W, 76, 0x0000000000000000
2026/10/01 10:57:57.665, 0, 1126 MHz, 3505 MHz, 90.01 W, 76, 0x0000000000000000
2026/10/01 10:57:57.668, 1, 1177 MHz, 3505 MHz, 95.18 W, 76, 0x0000000000000000
2026/10/01 10:57:57.771, 0, 1126 MHz, 3505 MHz, 90.01 W, 76, 0x0000000000000000
2026/10/01 10:57:57.774, 1, 1177 MHz, 3505 MHz, 95.18 W, 76, 0x0000000000000000
2026/10/01 10:57:57.877, 0, 1126 MHz, 3505 MHz, 90.01 W, 76, 0x0000000000000000
2026/10/01 10:57:57.880, 1, 1177 MHz, 3505 MHz, 95.08 W, 76, 0x0000000000000000
2026/10/01 10:57:57.983, 0, 1126 MHz, 3505 MHz, 89.92 W, 76, 0x0000000000000000
2026/10/01 10:57:57.986, 1, 1177 MHz, 3505 MHz, 95.18 W, 76, 0x0000000000000000
2026/10/01 10:57:58.089, 0, 1126 MHz, 3505 MHz, 89.82 W, 76, 0x0000000000000000
2026/10/01 10:57:58.092, 1, 1177 MHz, 3505 MHz, 95.07 W, 76, 0x0000000000000000
2026/10/01 10:57:58.195, 0, 1126 MHz, 3505 MHz, 89.92 W, 76, 0x0000000000000000
2026/10/01 10:57:58.198, 1, 1177 MHz, 3505 MHz, 95.07 W, 76, 0x0000000000000000
2026/10/01 10:57:58.301, 0, 1126 MHz, 3505 MHz, 89.82 W, 76, 0x0000000000000000
2026/10/01 10:57:58.304, 1, 1177 MHz, 3505 MHz, 95.08 W, 76, 0x0000000000000000
2026/10/01 10:57:58.407, 0, 1126 MHz, 3505 MHz, 89.82 W, 76, 0x0000000000000000
2026/10/01 10:57:58.410, 1, 1177 MHz, 3505 MHz, 95.08 W, 76, 0x0000000000000000
2026/10/01 10:57:58.513, 0, 1126 MHz, 3505 MHz, 89.82 W, 76, 0x0000000000000000
2026/10/01 10:57:58.517, 1, 1177 MHz, 3505 MHz, 94.97 W, 76, 0x0000000000000000
2026/10/01 10:57:58.620, 0, 1126 MHz, 3505 MHz, 89.72 W, 76, 0x0000000000000000
2026/10/01 10:57:58.623, 1, 1177 MHz, 3505 MHz, 94.98 W, 76, 0x0000000000000000
2026/10/01 10:57:58.727, 0, 1126 MHz, 3505 MHz, 89.82 W, 76, 0x0000000000000000
2026/10/01 10:57:58.729, 1, 1177 MHz, 3505 MHz, 94.98 W, 76, 0x0000000000000000
2026/10/01 10:57:58.832, 0, 1126 MHz, 3505 MHz, 89.82 W, 76, 0x0000000000000000
2026/10/01 10:57:58.835, 1, 1177 MHz, 3505 MHz, 95.08 W, 76, 0x0000000000000000
2026/10/01 10:57:58.939, 0, 1126 MHz, 3505 MHz, 89.72 W, 76, 0x0000000000000000
2026/10/01 10:57:58.941, 1, 1177 MHz, 3505 MHz, 95.08 W, 76, 0x0000000000000000
2026/10/01 10:57:59.044, 0, 1126 MHz, 3505 MHz, 89.82 W, 76, 0x0000000000000000
2026/10/01 10:57:59.047, 1, 1177 MHz, 3505 MHz, 95.08 W, 76, 0x0000000000000000
2026/10/01 10:57:59.151, 0, 1126 MHz, 3505 MHz, 89.72 W, 76, 0x0000000000000000
2026/10/01 10:57:59.153, 1, 1177 MHz, 3505 MHz, 94.97 W, 76, 0x0000000000000000
2026/10/01 10:57:59.257, 0, 1126 MHz, 3505 MHz, 89.72 W, 76, 0x0000000000000000
2026/10/01 10:57:59.260, 1, 1177 MHz, 3505 MHz, 94.98 W, 76, 0x0000000000000000
